domain,name,batch,status
circuithub.com,CircuitHub,winter-2012,active
icracked.com,iCracked,winter-2012,acquired
42floors.com,42Floors,winter-2012,acquired
plangrid.com,PlanGrid,winter-2012,acquired
sendhub.com,SendHub,winter-2012,acquired
myvr.com,MyVR,winter-2012,acquired
hireart.com,HireArt,winter-2012,active
noudata.com,Amiato,winter-2012,acquired
medigram.com,Medigram,winter-2012,active
hackpad.com,HackPad,winter-2012,acquired
rescale.com,Rescale,winter-2012,active
angel.co,SlidePay,winter-2012,acquired
gusto.com,Gusto,winter-2012,active
familyleaf.com,FamilyLeaf,winter-2012,acquired
getchute.com,Chute,winter-2012,acquired
matterport.com,Matterport,winter-2012,public
shoptiques.com,Shoptiques,winter-2012,active
cleverdeck.com,CleverDeck,winter-2012,active
screenleap.com,Screenleap,winter-2012,active
iamexec.com,Exec,winter-2012,acquired
amplitude.com,Amplitude,winter-2012,public
tilt.com,Tilt,winter-2012,acquired
swiftype.com,Swiftype,winter-2012,acquired
farmlogs.com,FarmLogs,winter-2012,acquired
authy.com,Authy,winter-2012,acquired
flutterapp.com,Flutter,winter-2012,acquired
fond.co,Fond,winter-2012,acquired
pervices.com,Per Vices,winter-2012,active
loom.com,Loom,winter-2012,acquired
yourmechanic.com,YourMechanic,winter-2012,acquired
priceonomics.com,Priceonomics,winter-2012,acquired
sendwave.com,Sendwave,winter-2012,acquired
medmonk.com,Medmonk,winter-2012,active
socialcam.com,Socialcam,winter-2012,acquired
shopular.com,Shopular,winter-2012,acquired
freshplum.com,Freshplum,summer-2011,acquired
clutch.io,Clutch,summer-2011,acquired
apollographql.com,Apollo,summer-2011,active
hackerrank.com,HackerRank,summer-2011,active
stypi.com,Stypi,summer-2011,acquired
genius.com,Genius,summer-2011,acquired
onesignal.com,OneSignal,summer-2011,active
aisle50.com,Aisle50,summer-2011,acquired
debteye.com,Debteye,summer-2011,acquired
streak.com,Streak,summer-2011,active
scienceexchange.com,Science Exchange,summer-2011,acquired
quartzy.com,Quartzy,summer-2011,active
codecademy.com,Codecademy,summer-2011,acquired
cryptoseal.com,Cryptoseal,summer-2011,acquired
segment.com,Segment,summer-2011,acquired
citusdata.com,Citus Data,summer-2011,acquired
agilemd.com,AgileMD,summer-2011,active
clerky.com,Clerky,summer-2011,active
realm.io,Realm,summer-2011,acquired
firebase.com,Firebase,summer-2011,acquired
gocardless.com,GoCardless,summer-2011,active
pagelever.com,Pagelever,summer-2011,acquired
fobo.net,Fobo,summer-2011,acquired
sift.com,Sift,summer-2011,active
verbling.com,Verbling,summer-2011,acquired
letsembark.com,Embark,summer-2011,acquired
leadgenius.com,LeadGenius,summer-2011,active
trycaviar.com,Caviar,summer-2011,acquired
mixrank.com,MixRank,summer-2011,active
videopixie.com,Videopixie,summer-2011,active
launchpadtoys.com,Launchpad Toys,summer-2011,acquired
imgix.com,Imgix,summer-2011,active
mongohq.com,Compose,summer-2011,acquired
ansibletechnologies.com,GlassMap,summer-2011,acquired
vidyard.com,Vidyard,summer-2011,active
tapengage.com,TapEngage,summer-2011,acquired
perfectaudience.com,Perfect Audience,summer-2011,acquired
parse.com,Parse,summer-2011,acquired
zeusliving.com,Zeus,summer-2011,acquired
automatic.com,Automatic,summer-2011,acquired
upverter.com,Upverter,winter-2011,acquired
singlestore.com,SingleStore,winter-2011,active
talkable.com,Talkable,winter-2011,active
tumult.com,Tumult,winter-2011,active
earbits.com,Earbits,winter-2011,acquired
acunote.com,Acunote,winter-2011,active
sendoid.com,Sendoid,winter-2011,acquired
hellosign.com,HelloSign,winter-2011,acquired
instapainting.com,Instapainting,winter-2011,active
yougotlistings.com,You Got Listings,winter-2011,active
moki.tv,Hotspots,winter-2011,acquired
tremendous.com,Tremendous,winter-2011,active
custora.com,Custora,winter-2011,acquired
comprehend.com,Comprehend,winter-2011,acquired
humble.com,Humble Bundle,winter-2011,acquired
getpebble.com,Pebble,winter-2011,acquired
fivestars.com,Fivestars,winter-2011,acquired
apportable.com,Apportable,winter-2011,acquired
close.com,Close,winter-2011,active
mailgun.net,Mailgun,winter-2011,acquired
minomonsters.com,Mino Games,winter-2011,active
lanyrd.com,Lanyrd,winter-2011,acquired
goatgroup.com,GOAT Group,winter-2011,active
crunchbase.com,OrderAhead,winter-2011,acquired
drchrono.com,DrChrono,winter-2011,acquired
zerocater.com,Zerocater,winter-2011,active
storyworth.com,Storyworth,winter-2011,active
talkbin.com,TalkBin,winter-2011,acquired
chartio.com,Chartio,summer-2010,acquired
presto.com,Presto,summer-2010,public
hipmunk.com,Hipmunk,summer-2010,acquired
rapportive.com,Rapportive,summer-2010,acquired
recurse.com,Recurse Center,summer-2010,active
simperium.com,Simperium,summer-2010,acquired
aerofs.com,AeroFS,summer-2010,acquired
padmapper.com,PadMapper,summer-2010,acquired
demandsphere.com,DemandSphere,summer-2010,active
anylist.com,AnyList,summer-2010,active
homejoy.com,Homejoy,summer-2010,acquired
ancestry.com,1000Memories,summer-2010,acquired
gazehawk.com,GazeHawk,summer-2010,acquired
leftronic.com,Leftronic,summer-2010,acquired
futureadvisor.com,FutureAdvisor,summer-2010,acquired
docker.com,Docker,summer-2010,active
indinero.com,inDinero,summer-2010,active
workflowy.com,WorkFlowy,summer-2010,active
pagerduty.com,PagerDuty,summer-2010,public
fanvibe.com,Fanvibe,summer-2010,acquired
frid.ge,Fridge,summer-2010,acquired
tapzilla.com,Tapzilla,summer-2010,acquired
whereoscope.com,Whereoscope,summer-2010,acquired
adgrok.com,AdGrok,summer-2010,acquired
mertado.com,Mertado,winter-2010,acquired
500friends.com,500Friends,winter-2010,acquired
140fire.com,All Screen,winter-2010,acquired
crocodoc.com,Crocodoc,winter-2010,acquired
meetings.io,Bitplay,winter-2010,acquired
embed.ly,Embedly,winter-2010,acquired
creativemarket.com,Creative Market,winter-2010,acquired
nowmov.com,Nowmov,winter-2010,acquired
optimizely.com,Optimizely,winter-2010,acquired
zencoder.com,Zencoder,winter-2010,acquired
cueup.com,Cue,winter-2010,acquired
ownlocal.com,OwnLocal,winter-2010,active
cardpool.com,Cardpool,winter-2010,acquired
movity.com,Movity,winter-2010,acquired
etacts.com,Etacts,winter-2010,acquired
listia.com,Listia,summer-2009,active
stripe.com,Stripe,summer-2009,active
dailybooth.com,DailyBooth,summer-2009,acquired
bumptechnologies.com,Bump,summer-2009,acquired
wepay.com,WePay,summer-2009,acquired
directededge.com,Directed Edge,summer-2009,active
rethinkdb.com,RethinkDB,summer-2009,acquired
mixpanel.com,Mixpanel,summer-2009,active
olark.com,Olark,summer-2009,active
lockitron.com,Lockitron,summer-2009,acquired
graffitigeo.com,GraffitiGeo,summer-2009,acquired
renthop.com,RentHop,summer-2009,active
lingt.com,Lingt,summer-2009,active
heyzap.com,Heyzap,winter-2009,acquired
volantio.com,Volantio,winter-2009,active
airbnb.com,Airbnb,winter-2009,public
divvyshot.com,Divvyshot,winter-2009,acquired
remail.com,reMail,winter-2009,acquired
echodio.com,Echodio,winter-2009,acquired
cloudkick.com,Cloudkick,winter-2009,acquired
posterous.com,Posterous,summer-2008,acquired
polleverywhere.com,Poll Everywhere,summer-2008,active
cloudant.com,Cloudant,summer-2008,acquired
justspotted.com,JustSpotted,summer-2008,acquired
backtype.com,BackType,summer-2008,acquired
rescuetime.com,RescueTime,winter-2008,active
athinkingape.com,A Thinking Ape,winter-2008,acquired
ninite.com,Ninite,winter-2008,active
mz.com,Machine Zone,winter-2008,acquired
omnisio.com,Omnisio,winter-2008,acquired
heroku.com,Heroku,winter-2008,acquired
280north.com,280 North,winter-2008,acquired
songkick.com,Songkick,summer-2007,acquired
dropbox.com,Dropbox,summer-2007,public
bluefroggaming.com,Blue Frog Gaming,summer-2007,active
disqus.com,Disqus,summer-2007,acquired
zumodrive.com,ZumoDrive,summer-2007,acquired
clickpass.com,Clickpass,summer-2007,acquired
appjet.com,Appjet,summer-2007,acquired
anywhere.fm,Anywhere.FM,summer-2007,acquired
virtualmin.com,Virtualmin,winter-2007,active
weebly.com,Weebly,winter-2007,acquired
octopart.com,Octopart,winter-2007,acquired
buxfer.com,Buxfer,winter-2007,active
googleblog.blogspot.com,Zenter,winter-2007,acquired
auctomatic.com,Auctomatic,winter-2007,acquired
heysan.com,Heysan,winter-2007,acquired
xobni.com,Xobni,summer-2006,acquired
scribd.com,Scribd,summer-2006,active
omgpop.com,OMGPop,summer-2006,acquired
inklingmarkets.com,Inkling,winter-2006,acquired
clustrix.com,Clustrix,winter-2006,acquired
projectwedding.com,Project Wedding,winter-2006,acquired
wufoo.com,Wufoo,winter-2006,acquired
loopt.com,Loopt,summer-2005,acquired
textpayme.com,TextPayMe,summer-2005,acquired
clickfacts.com,Clickfacts,summer-2005,acquired
kiko.com,Kiko,summer-2005,acquired
reddit.com,Reddit,summer-2005,acquired
twitch.com,Twitch,winter-2007,acquired
parakey.com,Parakey,summer-2005,acquired
pixate.com,Pixate,summer-2012,acquired
knowmia.com,Knowmia,summer-2012,acquired
boostedboards.com,Boosted,summer-2012,acquired
zeromailer.com,ZeroMailer,summer-2012,acquired
kamcord.com,Kamcord,summer-2012,acquired
statwing.com,Statwing,summer-2012,acquired
rainforestqa.com,Rainforest,summer-2012,active
fullstackacademy.com,Fullstack Academy,summer-2012,acquired
omnivirt.com,OmniVirt,summer-2012,acquired
streem.com,Streem,summer-2012,acquired
mthsense.com,Mth Sense,summer-2012,active
humandx.org,Human Dx,summer-2012,active
healthsherpa.com,HealthSherpa,summer-2012,active
mattermost.com,Mattermost,summer-2012,active
zentail.com,Zentail,summer-2012,active
soylent.com,Soylent,summer-2012,acquired
clever.com,Clever,summer-2012,acquired
vayable.com,Vayable,summer-2012,acquired
smartasset.com,SmartAsset,summer-2012,active
fundersclub.com,FundersClub,summer-2012,active
eligible.com,Eligible,summer-2012,active
easel.io,Easel,summer-2012,acquired
upwave.com,Upwave,summer-2012,active
lever.co,Lever,summer-2012,acquired
octavewealth.com,OctaveWealth,summer-2012,active
bufferbox.com,BufferBox,summer-2012,acquired
natero.com,Natero,summer-2012,acquired
newsblur.com,NewsBlur,summer-2012,active
coinbase.com,Coinbase,summer-2012,public
submittable.com,Submittable,summer-2012,active
mattermark.com,Mattermark,summer-2012,acquired
zapier.com,Zapier,summer-2012,active
voicegem.com,VoiceGem,summer-2012,acquired
backerkit.com,BackerKit,summer-2012,active
benchling.com,Benchling,summer-2012,active
flightfox.com,Flightfox,summer-2012,active
virool.com,Virool,summer-2012,acquired
vastrm.com,Vastrm,summer-2012,acquired
doublerobotics.com,Double Robotics,summer-2012,active
studyedge.com,Study Edge,summer-2012,acquired
plivo.com,Plivo,summer-2012,active
svbtle.com,Svbtle,summer-2012,active
instacart.com,Instacart,summer-2012,public
9gag.com,9gag,summer-2012,active
thestyleup.com,StyleUp,winter-2013,active
circuitlab.com,CircuitLab,winter-2013,active
screenhero.com,Screenhero,winter-2013,acquired
scuba.io,Scuba,winter-2013,acquired
bynorth.com,North,winter-2013,acquired
vaycayhero.com,VaycayHero,winter-2013,acquired
buildzoom.com,BuildZoom,winter-2013,acquired
padlet.com,Padlet,winter-2013,active
fivetran.com,Fivetran,winter-2013,active
grepdata.com,GrepData,winter-2013,acquired
lawdingo.com,Lawdingo,winter-2013,active
bitnami.com,Bitnami,winter-2013,acquired
gocheetah.com,Cheetah,winter-2013,active
etleap.com,Etleap,winter-2013,active
influxdata.com,InfluxData,winter-2013,active
strikingly.com,Strikingly,winter-2013,active
lollipuff.com,Lollipuff,winter-2013,active
goradar.com,RADAR,winter-2013,active
meldium.com,Meldium,winter-2013,acquired
experiment.com,Experiment,winter-2013,active
heap.io,Heap,winter-2013,acquired
medxt.com,MedXT,winter-2013,acquired
simplyinsured.com,SimplyInsured,winter-2013,active
wefunder.com,Wefunder,winter-2013,active
onlycoin.com,Coin,winter-2013,acquired
wevorce.com,Wevorce,winter-2013,active
kalibrr.com,Kalibrr,winter-2013,acquired
zenefits.com,Zenefits,winter-2013,acquired
goldbelly.com,Goldbelly,winter-2013,active
semantics3.com,Semantics3,winter-2013,acquired
teespring.com,Teespring,winter-2013,acquired
watsi.org,Watsi,winter-2013,active
7cups.com,7cups,summer-2013,active
urx.com,URX,summer-2013,acquired
apptimize.com,Apptimize,summer-2013,acquired
asseta.com,Asseta,summer-2013,active
standardtreasury.com,Standard Treasury,summer-2013,acquired
bloomthat.com,BloomThat,summer-2013,acquired
hackermeter.com,Hackermeter,summer-2013,acquired
coreos.com,CoreOS,summer-2013,acquired
doordash.com,DoorDash,summer-2013,public
easypost.com,EasyPost,summer-2013,active
simplelegal.com,SimpleLegal,summer-2013,acquired
estimote.com,Estimote  Inc.,summer-2013,active
cratejoy.com,Cratejoy,summer-2013,active
spoonrocket.com,SpoonRocket,summer-2013,acquired
casetext.com,Casetext,summer-2013,acquired
layerbylayer.com,Layer By Layer,summer-2013,acquired
senic.com,Senic,summer-2013,acquired
panoramaed.com,Panorama Education,summer-2013,active
lob.com,Lob,summer-2013,active
realcrowd.com,RealCrowd,summer-2013,acquired
reebee.com,Reebee,summer-2013,active
arcusfi.com,Arcus,summer-2013,acquired
bop.fm,Bop.fm,summer-2013,acquired
statuspage.io,StatusPage,summer-2013,acquired
lumoid.com,Lumoid,summer-2013,acquired
truelinkfinancial.com,True Link,summer-2013,active
datarank.com,Datarank,summer-2013,acquired
webflow.com,Webflow,summer-2013,active
weilos.com,Weilos,summer-2013,acquired
echolocker.com,Echo Locker,summer-2013,acquired
42technologies.com,42,winter-2014,active
abacus.com,Abacus,winter-2014,acquired
boostable.com,Boostable,winter-2014,acquired
airhelp.com,AirHelp,winter-2014,active
twotap.com,Two Tap,winter-2014,acquired
ambition.com,Ambition,winter-2014,active
caremessage.org,CareMessage,winter-2014,active
aptdeco.com,AptDeco,winter-2014,active
bellabeat.com,Bellabeat,winter-2014,active
chargehound.com,Chargehound,winter-2014,acquired
cambly.com,Cambly,winter-2014,active
noorahealth.org,Noora Health,winter-2014,active
codecombat.com,CodeCombat,winter-2014,active
codenow.org,CodeNow,winter-2014,active
getcruise.com,Cruise,winter-2014,acquired
eventjoy.com,Eventjoy,winter-2014,acquired
flexport.com,Flexport,winter-2014,active
axoni.com,Axoni,winter-2014,acquired
kimonolabs.com,Kimono Labs,winter-2014,acquired
getkuna.com,Kuna Systems,winter-2014,acquired
devcycle.com,DevCycle,winter-2014,acquired
emailio.com,Emailio,winter-2014,active
memebox.com,MBX,winter-2014,active
motionlead.com,Motionlead,winter-2014,acquired
nextcaller.com,Next Caller,winter-2014,acquired
1degree.org,One Degree,winter-2014,active
stacklead.com,StackLead,winter-2014,acquired
theoremlp.com,Theorem,winter-2014,acquired
liftigniter.com,Liftigniter,winter-2014,acquired
piinpoint.com,PiinPoint,winter-2014,active
pipelinedb.com,PipelineDB,winter-2014,acquired
povio.com,Povio,winter-2014,active
pushbullet.com,Pushbullet,winter-2014,active
gorickshaw.com,Rickshaw,winter-2014,acquired
rocketrip.com,Rocketrip,winter-2014,acquired
shoobs.com,Shoobs,winter-2014,active
sketchdeck.com,SketchDeck,winter-2014,acquired
snapdocs.com,Snapdocs,winter-2014,active
guesty.com,Guesty,winter-2014,active
truevault.com,TrueVault,winter-2014,active
getweave.com,Weave,winter-2014,public
wit.ai,Wit.ai,winter-2014,acquired
zesty.com,Zesty,winter-2014,acquired
zidisha.org,Zidisha,winter-2014,active
zinc.com,Zinc,winter-2014,active
algolia.com,Algolia,winter-2014,active
gobble.com,Gobble,winter-2014,acquired
gbatteries.com,GBatteries,winter-2014,active
unbabel.com,Unbabel,winter-2014,acquired
mixerbox.com,MixerBox,winter-2014,active
opencurriculum.org,OpenCurriculum,winter-2014,active
dyspatch.io,Dyspatch,winter-2014,active
avametric.com,Avametric,winter-2014,acquired
framed.io,Framed Data,winter-2014,acquired
immunityproject.org,Immunity Project,winter-2014,active
aptible.com,Aptible,summer-2014,acquired
zipphone.com,Zip Phone,summer-2014,acquired
backpackbang.com,Backpack,summer-2014,active
parenthoods.co,Parenthoods,summer-2014,acquired
bitaccess.com,Bitaccess,summer-2014,acquired
carlypso.com,Carlypso,summer-2014,acquired
checkr.com,Checkr,summer-2014,active
claralabs.com,Clara Labs,summer-2014,acquired
clear.in,Clear,summer-2014,active
craftcoffee.com,Craft Coffee,summer-2014,acquired
persistiq.com,PersistIQ,summer-2014,acquired
flaviar.com,Flaviar,summer-2014,active
hyperpad.com,Hyperpad,summer-2014,active
govpredict.com,GovPredict,summer-2014,acquired
blockspring.com,Blockspring,summer-2014,acquired
greentoe.com,Greentoe,summer-2014,active
hublo.com,Hublo,summer-2014,acquired
impraise.com,Impraise,summer-2014,acquired
protocol.ai,Protocol Labs,summer-2014,active
withkash.com,Kash,summer-2014,acquired
lawnlove.com,Lawn Love,summer-2014,acquired
listrunnerapp.com,ListRunner,summer-2014,acquired
getreplenish.com,Replenish,summer-2014,acquired
metricwire.com,MetricWire,summer-2014,active
mtailor.com,MTailor,summer-2014,active
alchemynano.com,Alchemy,summer-2014,active
permutive.com,Permutive,summer-2014,active
picnic.ai,PicnicAI,summer-2014,active
producthunt.com,Product Hunt,summer-2014,acquired
rigetti.com,Rigetti Computing,summer-2014,public
sfox.com,SFOX,summer-2014,active
usergems.com,UserGems,summer-2014,active
aptopayments.com,Apto Payments,summer-2014,acquired
shipbob.com,ShipBob,summer-2014,active
spotangels.com,SpotAngels,summer-2014,active
tenjin.com,Tenjin,summer-2014,acquired
hive.co,Hive,summer-2014,active
payable.com,Payable,summer-2014,acquired
tuletechnologies.com,Tule,summer-2014,acquired
roomstorm.com,Roomstorm,summer-2014,active
women.com,Women.com,summer-2014,acquired
front.com,Front,summer-2014,active
cognitohq.com,Cognito,summer-2014,acquired
ginkgobioworks.com,Ginkgo Bioworks,summer-2014,public
helionenergy.com,Helion Energy,summer-2014,active
oklo.com,Oklo,summer-2014,public
bayesimpact.org,Bayes Impact,summer-2014,active
onecodex.com,One Codex,summer-2014,acquired
ravti.com,Ravti,summer-2014,acquired
unwind.me,Unwind Me,summer-2014,acquired
notablelabs.com,Notable Labs,winter-2015,public
qventus.com,Qventus,winter-2015,active
getfinal.com,Final,winter-2015,acquired
pomello.com,Pomello,winter-2015,acquired
techinasia.com,Tech in Asia,winter-2015,acquired
akidolabs.com,Akido Labs,winter-2015,active
mezmo.com,Mezmo,winter-2015,active
smyte.com,Smyte,winter-2015,acquired
getmagic.com,Magic,winter-2015,active
bizzy.io,Bizzy,winter-2015,acquired
bluesmart.com,Bluesmart,winter-2015,acquired
thinkbright.mx,Bright,winter-2015,active
numerionlabs.ai,Numerion Labs,winter-2015,active
cyberfend.com,CyberFend,winter-2015,acquired
democracy.earth,Democracy Earth,winter-2015,active
detroitwaterproject.org,The Human Utility,winter-2015,active
zeitview.com,Zeitview,winter-2015,active
bankjoy.com,Bankjoy,winter-2015,active
givemetap.com,GiveMeTap,winter-2015,active
grubmarket.com,GrubMarket,winter-2015,active
worklife.com,WorkLife,winter-2015,acquired
higherme.com,HigherMe,winter-2015,acquired
labdoor.com,Labdoor,winter-2015,active
platzi.com,Platzi,winter-2015,active
openlistings.com,Open Listings,winter-2015,acquired
pachyderm.com,Pachyderm,winter-2015,acquired
paperspace.com,Paperspace,winter-2015,acquired
buildscience.com,BuildScience,winter-2015,active
readme.com,ReadMe,winter-2015,active
shiftlabs.com,Shift Labs,winter-2015,acquired
sailsjs.com,Sails Co.,winter-2015,active
sirum.org,SIRUM,winter-2015,active
smarking.com,Smarking,winter-2015,acquired
tempo.fit,Tempo,winter-2015,active
teamnoteapp.com,TeamNote,winter-2015,active
makrwatch.com,Makrwatch,winter-2015,active
mobydish.com,Mobydish,winter-2015,acquired
remix.com,Remix,winter-2015,acquired
vestfin.com,Vest,winter-2015,acquired
resolvebim.com,Resolve,winter-2015,active
yesgraph.com,YesGraph,winter-2015,acquired
yhat.com,Yhat,winter-2015,acquired
gobonfire.com,Bonfire,winter-2015,acquired
wayup.com,WayUp,winter-2015,acquired
cleanly.com,Cleanly,winter-2015,active
lucirahealth.com,Lucira Health,winter-2015,public
quantierra.com,Quantierra,winter-2015,active
ebrandvalue.com,eBrandvalue,winter-2015,active
equipmentshare.com,EquipmentShare,winter-2015,public
gitlab.com,GitLab,winter-2015,public
giveffect.com,Giveffect,winter-2015,active
imicrobes.com,Industrial Microbes,winter-2015,active
nextravel.com,NexTravel,winter-2015,acquired
levelframes.com,Level Frames,winter-2015,active
getmeadow.com,Meadow,winter-2015,active
moltin.com,Moltin,winter-2015,acquired
outbound.io,Outbound,winter-2015,acquired
popularpays.com,Popular Pays,winter-2015,acquired
prettyinstant.com,Pretty Instant,winter-2015,acquired
razorpay.com,Razorpay,winter-2015,active
seed.co,Seed,winter-2015,acquired
sigopt.com,SigOpt,winter-2015,acquired
tab.travel,Tab,winter-2015,active
zenflow.com,Zenflow,winter-2015,active
valorwater.com,Valor Water Analytics,winter-2015,acquired
vanhawks.com,Vanhawks,winter-2015,acquired
x-zell.com,X-Zell,winter-2015,active
raventech.com,Raven Tech,winter-2015,acquired
chariot.com,Chariot,winter-2015,acquired
justflip.com,Flip,winter-2015,active
tara.ai,Tara AI,winter-2015,active
replika.ai,Replika,winter-2015,active
nimblerx.com,NimbleRx,winter-2015,active
spirehealth.com,Spire Health,winter-2015,acquired
lumi.com,Lumi,winter-2015,acquired
mashgin.com,Mashgin,winter-2015,active
triplebyte.com,Triplebyte,summer-2015,acquired
lugg.com,Lugg,summer-2015,active
goteleport.com,Teleport,summer-2015,active
teabot.com,teaBOT,summer-2015,active
leadersintech.org,Leaders In Tech,summer-2015,active
ironcladapp.com,Ironclad,summer-2015,active
jopwell.com,Jopwell,summer-2015,acquired
thisisl.com,L.,summer-2015,acquired
newstoryhomes.org,New Story,summer-2015,active
openinvest.com,OpenInvest,summer-2015,acquired
gemnote.com,Gemnote,summer-2015,active
asm.co,Assembly,summer-2015,active
partnerstack.com,PartnerStack,summer-2015,acquired
secondmeasure.com,Second Measure,summer-2015,acquired
snapmagic.com,SnapMagic,summer-2015,active
sourcedna.com,SourceDNA,summer-2015,acquired
heroiclabs.com,Heroic Labs,summer-2015,active
branch8.com,Branch8,summer-2015,active
confidentlims.com,Confident LIMS,summer-2015,active
convox.com,Convox,summer-2015,acquired
cymmetria.com,Cymmetria,summer-2015,acquired
edenworkplace.com,Eden,summer-2015,acquired
foxpass.com,Foxpass,summer-2015,acquired
sunfarmer.org,SunFarmer,summer-2015,active
reachpower.com,Reach,summer-2015,active
tesorio.com,Tesorio,summer-2015,active
thriveagritech.com,Thrive Agritech,summer-2015,active
vergegenomics.com,Verge Genomics,summer-2015,active
willing.com,Willing,summer-2015,acquired
bluecrewjobs.com,Bluecrew,summer-2015,acquired
bodyport.com,Bodyport,summer-2015,active
appcanary.com,Appcanary,summer-2015,acquired
chaldal.com,Chaldal,summer-2015,active
cloudstitch.com,Cloudstitch,summer-2015,acquired
sphere.works,Sphere Secure Workspace,summer-2015,acquired
dripcapital.com,Drip Capital,summer-2015,active
givecampus.com,GiveCampus,summer-2015,active
circlemedical.com,Circle Medical,summer-2015,active
zpredicta.com,zPREDICTA,summer-2015,acquired
markhor.com,Markhor,summer-2015,active
zeplin.io,Zeplin,summer-2015,active
microhealth.com,Microhealth,summer-2015,active
fountain.com,Fountain,summer-2015,active
oolusolar.com,Oolu,summer-2015,acquired
ramp.com,Paribus,summer-2015,acquired
picktrace.com,PickTrace,summer-2015,active
interviewed.com,Interviewed,summer-2015,acquired
plateiq.com,Plate IQ,summer-2015,active
redcarpetup.com,RedCarpetUp,summer-2015,active
scentbird.com,Scentbird,summer-2015,active
shapescale.com,Shape (ShapeScale),summer-2015,active
shredvideo.com,Shred Video,summer-2015,active
xendit.co,Xendit,summer-2015,active
xfers.com,Xfers,summer-2015,acquired
80000hours.org,80 000 Hours,summer-2015,active
fontawesome.com,Font Awesome,summer-2015,active
go1.com,Go1,summer-2015,active
weareher.com,HER,summer-2015,acquired
blitzesports.com,Blitz Esports,summer-2015,acquired
ticketfairy.com,The Ticket Fairy,summer-2015,active
tetrascience.com,TetraScience,summer-2015,active
mimirhq.com,Mimir,summer-2015,acquired
auro.ai,Auro Robotics,summer-2015,acquired
nebia.com,Nebia,summer-2015,acquired
platejoy.com,PlateJoy,summer-2015,acquired
bitmovin.com,Bitmovin,summer-2015,active
cofactorgenomics.com,Cofactor Genomics,summer-2015,active
instawork.com,Instawork,summer-2015,active
eightsleep.com,Eight Sleep,summer-2015,active
humaninterest.com,Human Interest,summer-2015,active
tenantturner.com,Tenant Turner,summer-2015,acquired
gigster.com,Gigster,summer-2015,acquired
mux.com,Mux,winter-2016,active
lattice.com,Lattice,winter-2016,active
soundboks.com,SOUNDBOKS,winter-2016,active
deepgram.com,Deepgram,winter-2016,active
stealthworker.com,Stealth Worker,winter-2016,active
stilt.com,Stilt,winter-2016,acquired
embarktrucks.com,Embark Trucks,winter-2016,public
yardbook.com,Yardbook,winter-2016,active
chatfuel.com,Chatfuel,winter-2016,active
getaccept.com,GetAccept,winter-2016,active
isonohealth.com,iSono Health,winter-2016,active
tovala.com,Tovala,winter-2016,active
magicbus.io,MagicBus,winter-2016,active
bymason.com,Mason,winter-2016,active
outschool.com,Outschool,winter-2016,active
petcube.com,Petcube,winter-2016,active
daily.co,Daily,winter-2016,active
m.io,Mio,winter-2016,active
focal.systems,Focal Systems,winter-2016,active
loopgenomics.com,Loop Genomics,winter-2016,acquired
ablehealth.com,Able Health,winter-2016,acquired
truebill.com,Truebill,winter-2016,acquired
deako.com,Deako,winter-2016,active
gocopia.com,Copia,winter-2016,active
gigwell.com,Gigwell,winter-2016,active
lendedu.com,LendEDU,winter-2016,acquired
luministlabs.com,Luminist Labs,winter-2016,acquired
meterfeeder.com,Meter Feeder,winter-2016,active
mineralsoft.com,MineralSoft,winter-2016,acquired
pocketsuite.io,PocketSuite,winter-2016,active
pulpix.com,Pulpix,winter-2016,acquired
revl.com,Revl,winter-2016,active
paystack.com,Paystack,winter-2016,acquired
goodybag.com,Goodybag,winter-2016,acquired
mailtime.com,MailTime,winter-2016,active
opentrons.com,Opentrons,winter-2016,active
castle.io,Castle,winter-2016,active
netomi.com,Netomi,winter-2016,active
superside.com,Superside,winter-2016,active
functionofbeauty.com,Function of Beauty,winter-2016,active
luciq.ai,Luciq (formerly Instabug),winter-2016,active
paveai.com,Pave,winter-2016,active
podium.com,Podium,winter-2016,active
salt.security,Salt Security,winter-2016,active
apollo.io,Apollo.io,winter-2016,active
thunkable.com,Thunkable,winter-2016,active
platohq.com,Plato,winter-2016,acquired
lynks.com,Lynks,winter-2016,active
emburse.com,Emburse,winter-2016,acquired
geckorobotics.com,Gecko Robotics,winter-2016,active
golorry.com,GoLorry,winter-2016,active
histowiz.com,HistoWiz,winter-2016,active
landed.com,Landed,winter-2016,acquired
mrelief.com,mRelief,winter-2016,active
netbeez.net,NetBeez,winter-2016,active
redspread.com,Redspread,winter-2016,acquired
caper.ai,Caper,winter-2016,acquired
carbic.com,Carbic,winter-2016,active
joinfightcamp.com,FightCamp,winter-2016,active
nurx.com,NURX,winter-2016,acquired
quiltdata.com,Quilt Data,winter-2016,active
sanrights.org,Sanitation and Health Rights in India (SHRI),winter-2016,active
urodevmedical.com,UroDev Medical,winter-2016,acquired
wakie.com,Wakie,winter-2016,active
sendbird.com,Sendbird,winter-2016,active
relativityspace.com,Relativity Space,winter-2016,active
boomsupersonic.com,Boom,winter-2016,active
protonet.info,Protonet,winter-2016,active
nova.ai,Nova,winter-2016,acquired
hellobonsai.com,Bonsai,winter-2016,acquired
flexengage.com,flexEngage,winter-2016,acquired
hingeto.com,Hingeto,winter-2016,acquired
gitprime.com,GitPrime,winter-2016,acquired
astranis.com,Astranis,winter-2016,active
zenysis.com,Zenysis,winter-2016,active
lygos.com,Lygos,winter-2016,active
devcolor.org,DevColor,winter-2016,active
hellokip.com,Kip Health,winter-2016,acquired
perlara.com,Perlara,winter-2016,active
qvin.com,Qvin,winter-2016,active
rappi.com,Rappi,winter-2016,active
billiontoone.com,BillionToOne,summer-2017,public
primelightworks.com,Prime Lightworks,summer-2016,active
senecagov.com,Seneca Systems,summer-2016,acquired
vetcove.com,Vetcove,summer-2016,active
workramp.com,WorkRamp,summer-2016,acquired
carerev.com,CareRev,summer-2016,acquired
withjoy.com,Joy,summer-2016,active
raptormaps.com,Raptor Maps,summer-2016,active
getupgraded.com,Upgraded,summer-2016,active
vote.org,Vote.org,summer-2016,active
roserocket.com,Rose Rocket,summer-2016,active
boletomovil.com,Livement,summer-2016,active
simplecitizen.com,SimpleCitizen,summer-2016,acquired
rocketlit.com,RocketLit,summer-2016,active
amberbox.com,AmberBox Gunshot Detection,winter-2016,active
irisonboard.com,Iris Automation,summer-2016,acquired
opsolutely.com,Opsolutely,summer-2016,acquired
instrumentl.com,Instrumentl,summer-2016,active
novacredit.com,Nova Credit,summer-2016,active
onechronos.com,OneChronos,summer-2016,active
flexfits.com,The Flex Company,summer-2016,active
techmate.com,Techmate,summer-2016,acquired
womenwhocode.com,Women Who Code,summer-2016,active
multiplylabs.com,Multiply Labs,summer-2016,active
fabric.me,Fabric,summer-2016,acquired
garten.co,garten,summer-2016,acquired
burrow.com,Burrow,summer-2016,acquired
revlo.co,Pursuit,summer-2016,acquired
getsymple.com,Symple,summer-2016,acquired
vidcode.com,Vidcode,summer-2016,acquired
newincentives.org,New Incentives,summer-2016,active
neowize.com,NeoWize,summer-2016,acquired
legalist.com,Legalist,summer-2016,active
synvivia.com,Synvivia,summer-2016,active
hioperator.com,HiOperator,summer-2016,active
gogograndparent.com,GoGoGrandparent,summer-2016,active
bulldozair.com,Bulldozair,summer-2016,acquired
meesho.com,Meesho,summer-2016,public
getsquire.com,Squire Technologies,summer-2016,active
theathletic.com,The Athletic,summer-2016,acquired
miso.kr,Miso,summer-2016,active
athelas.com,Athelas,summer-2016,active
airfordable.com,Airfordable,summer-2016,active
validere.com,Validere,summer-2016,active
curtsyapp.com,Curtsy,summer-2016,active
joinsmartpath.com,SmartPath,summer-2016,active
emotenow.com,Emote,summer-2016,active
flutterwave.com,Flutterwave,summer-2016,active
crowdai.com,CrowdAI,summer-2016,acquired
readyeducation.com,Ready Education,summer-2016,active
circa.co,Circa,summer-2016,active
saleswhale.com,Saleswhale,summer-2016,acquired
polymail.io,Polymail,summer-2016,acquired
scale.com,Scale AI,summer-2016,active
omgdigitalinc.com,OMG Digital,summer-2016,active
yoshimobility.com,Yoshi Mobility,summer-2016,active
people.ai,People.ai,summer-2016,active
apolloshield.com,ApolloShield,summer-2016,active
querobolsa.com.br,Quero Education,summer-2016,active
jumpcut.com,Jumpcut,summer-2016,active
innov8.work,Innov8,summer-2016,acquired
suiteness.com,Suiteness,summer-2016,active
elemenohealth.com,Elemeno Health,summer-2016,active
expo.dev,Expo,summer-2016,active
proxy.com,Proxy,summer-2016,acquired
classdojo.com,ClassDojo,summer-2012,active
starcity.com,Starcity,summer-2016,acquired
bird.com,Bird,summer-2016,active
democracyos.org,DemocracyOS,winter-2015,active
tonicdev.com,RunKit,summer-2016,acquired
voiceops.com,Voiceops,winter-2017,active
cleargenetics.com,Clear Genetics,winter-2017,acquired
tizeti.com,Tizeti,winter-2017,active
speak.com,Speak,winter-2017,active
bountiful.ag,Bountiful,winter-2017,active
tryscribe.com,Scribe,winter-2017,acquired
sinoviatech.com,Sinovia Technologies,winter-2017,active
loopsupport.com,Loop Support,winter-2017,acquired
rippling.com,Rippling,winter-2017,active
lvl5.ai,lvl5,winter-2017,acquired
arthena.com,Arthena,winter-2017,acquired
thesleepreset.com,Sleep Reset,winter-2017,active
shipamax.com,Shipamax,winter-2017,acquired
flyvoly.com,Volansi,winter-2017,acquired
bloomtext.com,BloomAPI,winter-2017,active
soomgo.com,Soomgo,winter-2017,acquired
mdalgorithms.com,MDalgorithms Inc.,winter-2017,active
extern.com,Extern,winter-2017,active
rentrezi.com,REZI,winter-2017,active
ledgerinvesting.com,Ledger Investing,winter-2017,active
scaphold.io,Scaphold.io,winter-2017,acquired
nuvola.tech,Nuvola,winter-2017,active
upcall.com,Upcall,winter-2017,active
theessential.com,The Essential,winter-2017,active
fiix.io,Fiix,winter-2017,acquired
downloadwavy.com,Wavy,winter-2017,acquired
clipboardworks.com,Clipboard,winter-2017,active
sandboxbanking.com,Sandbox Banking,winter-2017,acquired
rankscience.com,RankScience,winter-2017,active
armory.io,Armory,winter-2017,acquired
ambient.ai,Ambient.ai,winter-2017,active
tokentransit.com,Token Transit,winter-2017,active
pennyapp.io,Penny,winter-2017,acquired
snappr.com,Snappr,winter-2017,active
themednet.org,Mednet,winter-2017,active
veryfi.com,Veryfi  Inc.,winter-2017,active
weflywright.com,Wright Electric,winter-2017,active
tolemi.com,Tolemi,winter-2017,active
aellaapp.com,Aella,winter-2017,active
hivyapp.com,Hivy,winter-2017,acquired
collectly.co,Collectly,winter-2017,active
request.network,Request Network,winter-2017,active
alemhealth.com,AlemHealth,winter-2017,active
fastjvm.com,FastJVM,winter-2017,active
suprdaily.com,Supr Daily,winter-2017,acquired
bulkmro.com,Bulk MRO Industrial Supply,winter-2017,active
solugen.com,Solugen,winter-2017,active
waystocap.com,WaystoCap,winter-2017,acquired
bitrise.io,Bitrise,winter-2017,active
asktetra.com,Tetra,winter-2017,acquired
plane.com,Plane,winter-2017,active
hogaru.com,Hogaru,winter-2017,active
getreliancehealth.com,Reliance Health,winter-2017,active
apozy.com,Apozy,winter-2017,active
buypower.ng,BuyPower,winter-2017,active
aon3d.com,AON3D,winter-2017,active
breaker.audio,Breaker,winter-2017,acquired
bulletin.co,Bulletin,winter-2017,acquired
nomba.com,Nomba,winter-2017,active
bios.health,BIOS Health,winter-2017,active
zipx.com,ZipX,winter-2017,acquired
nanonets.com,NanoNets,winter-2017,active
delee.co,Delee,winter-2017,active
dabba.com,Wifi Dabba  Inc.,winter-2017,active
terark.com,Terark,winter-2017,acquired
playment.io,Playment,winter-2017,acquired
onefin.in,OneFin,winter-2017,active
upkeep.com,UpKeep,winter-2017,acquired
faire.com,Faire,winter-2017,active
ridecell.com,Ridecell,winter-2012,active
kidpass.com,KidPass,winter-2017,acquired
indeelabs.com,Indee Labs,winter-2017,active
effectivealtruism.org,The Centre for Effective Altruism,winter-2017,active
livelyme.com,Lively  Inc.,winter-2017,active
dosteducation.com,Dost Education,winter-2017,active
brex.com,Brex,winter-2017,acquired
mirror-ai.com,Mirror AI,winter-2017,active
peer5.com,Peer5,winter-2017,acquired
helixnano.com,Helix Nanotechnologies,winter-2017,active
getscopeai.com,ScopeAI,winter-2017,acquired
retool.com,Retool,winter-2017,active
humi.ca,Humi,winter-2017,acquired
aclu.org,ACLU,winter-2017,active
jerry.ai,Jerry,summer-2017,active
elucd.com,Elucd,summer-2017,acquired
fazzfinancial.com,FAZZ,summer-2017,active
sigmagenetics.com,Sigma Genetics,winter-2017,active
getpy.com,Py,summer-2017,acquired
skyways.com,Skyways,summer-2017,active
ltse.com,Long Term Stock Exchange,summer-2017,active
nobellfoods.com,Nobell Foods,summer-2017,active
vergesense.com,VergeSense,summer-2017,active
autohub.io,AutoHub,summer-2017,acquired
audm.com,Audm,summer-2017,acquired
livefeather.com,Feather,summer-2017,acquired
aecore.com,Aecore,summer-2017,active
bloomtech.com,Bloom Institute of Technology,summer-2017,active
leonandgeorge.com,Leon & George,summer-2017,active
releaf.africa,Releaf Earth,summer-2017,active
repairsmith.com,CarDash,summer-2017,acquired
ribbonhealth.com,Ribbon Health,summer-2017,acquired
heliumhealth.com,Helium Health,summer-2017,active
fatllama.com,Fat Llama,summer-2017,acquired
up.codes,UpCodes,summer-2017,active
standard.ai,Standard AI,summer-2017,active
roofr.com,Roofr,summer-2017,active
hirenimble.com,Nimble,summer-2017,active
darmiyan.com,Darmiyan,summer-2017,active
safebutler.com,SafeButler,summer-2017,active
therecraft.com,ThereCraft,summer-2017,active
cocusocial.com,CocuSocial,summer-2017,active
flocksafety.com,Flock Safety,summer-2017,active
mystery.org,Mystery.org,summer-2017,acquired
relationshiphero.com,Relationship Hero,summer-2017,active
get-carrot.com,Carrot Fertility,summer-2017,active
enzyme.com,Enzyme,summer-2017,acquired
advano.io,Advano,summer-2017,active
solve.com,Solve,summer-2017,acquired
escherreality.com,Escher Reality,summer-2017,acquired
prelim.com,Prelim,summer-2017,active
upfort.com,Upfort,summer-2017,active
getwildfire.com,Wildfire,summer-2017,acquired
meetingbird.com,Meetingbird,summer-2017,acquired
plasticity.ai,Plasticity,summer-2017,acquired
truepill.com,Truepill,summer-2017,acquired
rabbet.com,Rabbet,summer-2017,active
cairns.ai,Cairns Health,summer-2017,active
popmeals.com,Pop Meals,summer-2017,active
helpwear.ca,HelpWear,summer-2017,active
entocycle.com,Entocycle,summer-2017,active
indiv.io,Indivio,summer-2017,acquired
flypyka.com,Pyka,summer-2017,active
revgenomics.com,Rev Genomics,summer-2017,active
tpaga.co,tpaga,summer-2017,active
surematics.com,Surematics,summer-2017,acquired
airthium.com,Airthium,summer-2017,active
newfront.com,Newfront,winter-2018,acquired
guilded.gg,Guilded,summer-2017,acquired
honeydue.com,Honeydue,summer-2017,acquired
flow.space,Flowspace,summer-2017,active
skyscrape.us,Skyscrape,summer-2017,active
d-id.com,D-ID,summer-2017,active
tesseract.space,Tesseract,summer-2017,active
oncobox.com,Oncobox,summer-2017,active
percept.ai,Percept.AI,summer-2017,acquired
bxblue.com.br,bxblue,summer-2017,acquired
lotuspay.com,LotusPay,summer-2017,acquired
sourceress.com,Sourceress,summer-2017,active
onelocal.com,OneLocal,summer-2017,active
eduflow.com,Eduflow,summer-2017,acquired
opearlo.com,Opearlo,summer-2017,acquired
muzz.com,Muzz,summer-2017,active
headstart.io,Headstart,summer-2017,acquired
maymobility.com,May Mobility,summer-2017,active
getofficely.com,Officely,summer-2017,active
zendar.io,Zendar,summer-2017,active
assemblyai.com,AssemblyAI,summer-2017,active
modernfertility.com,Modern Fertility,summer-2017,acquired
lyrebird.ai,Lyrebird,summer-2017,acquired
goodcover.com,Goodcover,summer-2017,active
templarbit.com,Templarbit,summer-2017,acquired
routable.com,Routable,summer-2017,active
justappraised.com,Just Appraised,summer-2017,active
gem.com,Gem,summer-2017,active
disclosures.io,disclosures.io,summer-2017,acquired
foreverlabs.com,Forever Labs,summer-2017,active
shopvida.com,VIDA & Co.,summer-2017,acquired
10by10.io,10 By 10,summer-2017,active
getthematic.com,Thematic,summer-2017,active
followupthen.com,FollowUpThen,summer-2017,active
candidately.com,Candidately,summer-2017,active
cashfree.com,Cashfree Payments,summer-2017,active
dharma.io,Dharma Labs,summer-2017,acquired
pullrequest.com,PullRequest,summer-2017,acquired
assemblymade.com,CoderWall,winter-2012,acquired
lucy.co,Lucy Goods  Inc,winter-2018,active
provenskincare.com,Proven Group,winter-2018,active
preciousapp.com,Precious,winter-2018,active
mayhem.gg,Mayhem,winter-2018,acquired
quantstamp.com,Quantstamp,winter-2018,active
spellbrush.com,Spellbrush,winter-2018,active
beanstalk.farm,Beanstalk,winter-2018,active
blueberrypediatrics.com,Blueberry Pediatrics,winter-2018,active
getshogun.com,Shogun,winter-2018,active
jasper.ai,Jasper.ai,winter-2018,active
assembly.com,Assembly,winter-2018,active
observantai.com,Observant AI,winter-2018,active
pulse.qa,Pulse,winter-2018,acquired
bearflagrobotics.com,Bear Flag Robotics,winter-2018,acquired
fondo.com,Fondo,winter-2018,active
worklytics.co,Worklytics,winter-2018,active
sixfold.bio,Sixfold Bioscience,winter-2018,active
glowing.io,Glowing.io,winter-2018,active
slite.com,Slite,winter-2018,active
cointracker.com,CoinTracker,winter-2018,active
keyvalues.com,Key Values,winter-2018,active
clearbrain.com,ClearBrain,winter-2018,acquired
simetrik.com,Simetrik,winter-2018,active
srtxlabs.com,SRTX,winter-2018,active
avrolifesci.com,Avro Life Science,winter-2018,active
sepsisscout.com,Sepsis Scout,winter-2018,acquired
macromoltek.com,Macromoltek,winter-2018,active
ngt.academy,NEXGENT,winter-2018,active
onederful.co,onederful,winter-2018,acquired
biobot.io,Biobot Analytics,winter-2018,active
codestream.com,CodeStream,winter-2018,acquired
nectome.com,Nectome,winter-2018,active
tradewindbio.com,Tradewind BioScience,winter-2018,active
promise-pay.com,Promise,winter-2018,active
modernhealth.com,Modern Health,winter-2018,active
persephonebiosciences.com,Persephone Biosciences,winter-2018,active
glimpsek12.com,Glimpse K12,winter-2018,acquired
aesculatech.com,AesculaTech,winter-2018,active
nuvocargo.com,Nuvocargo,winter-2018,active
dearbrightly.com,Dear Brightly,winter-2018,acquired
squadapp.io,Squad,winter-2018,acquired
vanta.com,Vanta,winter-2018,active
newcraft.io,NewCraft,winter-2018,acquired
lusbrands.com,LUS Brands,winter-2018,active
draftbit.com,Draftbit,winter-2018,active
meitre.com,Meitre,winter-2018,active
tequitable.com,tEQuitable,winter-2018,active
evryhealth.com,Evry Health,winter-2018,acquired
biorender.com,BioRender,winter-2018,active
sqreen.com,Sqreen,winter-2018,acquired
plexus.im,Plexus,winter-2018,active
sourcify.com,Sourcify,winter-2018,active
tributi.com,Tributi,winter-2018,active
supermedium.com,Supermedium,winter-2018,active
getrest.app,Evolve (makers of Podcast App & Rest),winter-2018,active
letsdothis.com,Let's Do This,winter-2018,active
flinto.app,Flinto,winter-2018,acquired
edwin.ai,Edwin,winter-2018,acquired
onuniverse.com,Universe,winter-2018,active
acely.com,Acely,winter-2018,active
treasuryprime.com,Treasury Prime,winter-2018,active
psylaris.com,Psylaris,winter-2018,active
playerslounge.co,Players' Lounge,winter-2018,active
lawyaw.com,Lawyaw,winter-2018,acquired
cognitionip.com,Cognition IP,winter-2018,active
gainful.com,Gainful,winter-2018,active
hunter2.com,Hunter2,winter-2018,acquired
naborly.com,Naborly,winter-2018,acquired
weekend.com,Weekend (fmr. Volley),winter-2018,active
sharpestminds.com,SharpestMinds,winter-2018,acquired
pelagohealth.com,Pelago,winter-2018,active
dataform.co,Dataform,winter-2018,acquired
tilt.io,Tilt (f.k.a. Delphia),winter-2018,active
safetywing.com,SafetyWing,winter-2018,active
aspireapp.com,Aspire,winter-2018,active
mojo-app.com,Mojo,winter-2018,acquired
orangewood.co,Orangewood Labs,winter-2018,active
youteam.io,YouTeam,winter-2018,acquired
groww.in,Groww,winter-2018,public
memorahealth.com,Memora Health,winter-2018,acquired
zyper.com,Zyper,winter-2018,acquired
algosurg.com,AlgoSurg Inc,winter-2018,active
medumo.com,Medumo,winter-2018,acquired
opensea.io,OpenSea,winter-2018,active
archform.com,ArchForm,winter-2018,active
zbiotics.com,ZBiotics,winter-2018,active
swipehouse.co,Swipehouse,winter-2018,acquired
culturebiosciences.com,Culture Biosciences,winter-2018,active
jidomaps.com,Jido Maps,winter-2018,acquired
observe.ai,Observe.AI,winter-2018,active
tarjimly.org,Tarjimly (acquired),winter-2018,active
anjuna.io,Anjuna,winter-2018,active
mindemulation.org,Mind Emulation Foundation,winter-2018,active
venamed.ca,Vena Medical,winter-2018,active
captivateiq.com,CaptivateIQ,winter-2018,active
erudifi.com,ErudiFi,winter-2018,active
runahr.com,Runa,winter-2018,active
qulture.rocks,Qulture.Rocks,winter-2018,acquired
helloverify.ae,Helloverify,winter-2018,active
superapp.id,Super,winter-2018,active
lookaftermybills.com,Look After My Bills,winter-2018,acquired
aerones.com,Aerones,winter-2018,active
veriff.com,Veriff,winter-2018,active
fidocure.com,FidoCure®,winter-2018,active
swayable.com,Swayable,winter-2018,active
replit.com,Replit,winter-2018,active
snackpass.co,Snackpass,winter-2018,active
allotropemed.com,Allotrope Medical,summer-2018,acquired
curebase.ai,Curebase,summer-2018,active
honeylove.com,Honeylove,summer-2018,active
phiar.net,Phiar,summer-2018,acquired
owny.com,OWNY,summer-2018,active
within.ai,Within,summer-2018,active
c16bio.com,C16 Biosciences,summer-2018,active
moderntreasury.com,Modern Treasury,summer-2018,active
searchlight.ai,Searchlight,winter-2019,acquired
dinesafe.org,Dinesafe,summer-2018,active
versemedical.com,Verse Medical,summer-2018,active
lowkey.gg,Lowkey,summer-2018,acquired
revenuecat.com,RevenueCat,summer-2018,active
useopenwrench.com,OpenWrench,summer-2018,active
demeanor.co,Demeanor.co,summer-2018,acquired
activeloop.ai,Activeloop,summer-2018,active
titan.com,Titan,summer-2018,active
datadrivenbioscience.com,Data Driven Bioscience,summer-2018,active
inscribe.ai,Inscribe,summer-2018,active
jitx.com,JITX,summer-2018,active
apprenticehealth.com,Apprentice Health,summer-2018,active
collegepulse.com,College Pulse,summer-2018,active
quo.com,Quo (fka OpenPhone),summer-2018,active
useoptic.com,Optic,summer-2018,acquired
soundkins.com,AskMyClass  now Soundkins,summer-2018,active
rebellyous.com,Rebellyous Foods,summer-2018,active
gfi.org,The Good Food Institute,summer-2018,active
hepatx.com,Hepatx,summer-2018,active
cleargene.com,Clear Gene,summer-2018,active
paladindrones.io,Paladin,summer-2018,active
meruhealth.com,Meru Health,summer-2018,active
vimcal.com,Vimcal,summer-2018,active
embeddables.com,Embeddables,summer-2018,active
64xbio.com,64x Bio,summer-2018,active
animaapp.com,Anima App,summer-2018,active
pocketworlds.com,Pocket Worlds,summer-2018,active
tallpoppy.com,Tall Poppy,summer-2018,active
easol.com,Easol,summer-2018,active
onegraph.com,OneGraph,summer-2018,acquired
scanwellhealth.com,Scanwell Health,summer-2018,acquired
corvus-robotics.com,Corvus Robotics,summer-2018,active
berbix.com,Berbix,summer-2018,acquired
duffel.com,Duffel,summer-2018,active
impactive.io,Impactive (formerly Outvote),summer-2018,acquired
cspa.io,CSPA,summer-2018,acquired
regology.com,Regology,summer-2018,acquired
quickchat.ai,Quickchat AI,summer-2018,active
ubits.com,UBITS,summer-2018,active
ajaib.co.id,Ajaib,summer-2018,active
dreamcraft.com,DreamCraft Entertainment  Inc.,summer-2018,active
rain-neuromorphics.com,Rain Neuromorphics,summer-2018,acquired
cbthera.com,CB Therapeutics,summer-2018,active
pineparkhealth.com,Pine Park Health,summer-2018,active
happilabs.org,HappiLabs,summer-2018,acquired
mytos.bio,Mytos,summer-2018,active
bluecargo.io,BlueCargo,summer-2018,active
alphavantage.co,Alpha Vantage,summer-2018,active
hypcloud.com,hypcloud,summer-2018,acquired
heydoctor.com,HeyDoctor,summer-2018,acquired
mentalhappy.com,MentalHappy,summer-2018,active
papa.com,Papa,summer-2018,active
canarytechnologies.com,Canary Technologies,summer-2018,active
coralgenomics.com,Coral Genomics,summer-2018,acquired
prodigaltech.com,Prodigal,summer-2018,active
calii.com,Calii,summer-2018,active
tenderd.com,TENDERD,summer-2018,active
namesandfaces.com,Names & Faces,summer-2018,active
fintual.com,Fintual,summer-2018,active
momentus.space,Momentus,summer-2018,public
botmd.io,Bot MD,summer-2018,active
ziffyhomes.com,ZiffyHomes,summer-2018,active
nestorup.com,Nestor,summer-2018,active
shelfengine.com,Shelf Engine,summer-2018,acquired
novahq.com,Nova,summer-2018,acquired
edenmed.com,Eden,summer-2018,active
skydropx.com,SkydropX,summer-2018,active
fourgrowers.com,Four Growers,summer-2018,active
brainhi.com,BrainHi,summer-2018,active
khatabook.com,Khatabook,summer-2018,active
helicarrier.studio,Helicarrier (prev Buycoins),summer-2018,active
cowrywise.com,Cowrywise,summer-2018,active
ongrin.com,Grin,summer-2018,acquired
mutinyhq.com,Mutiny,summer-2018,active
synkrino.bio,Synkrino Biotherapeutics,summer-2018,active
leena.ai,Leena AI,summer-2018,active
anniecannons.com,AnnieCannons,summer-2018,active
juzibot.com,JuziBot,winter-2019,active
costplusdrugs.com,Mark Cuban Cost Plus Drug Company  PBC,summer-2018,active
getoxygen.com,Oxygen,summer-2018,active
spate.nyc,SPATE,summer-2018,active
enveritas.org,Enveritas,summer-2018,active
lemonbox.com,LemonBox,summer-2018,active
ilabservice.ai,iLabService,summer-2018,active
doriantherapeutics.com,Dorian Therapeutics,summer-2018,acquired
rejuvenationtech.com,Rejuvenation Technologies Inc.,summer-2018,active
circumventpharmaceuticals.com,Circumvent,summer-2018,active
culdesac.com,Culdesac,summer-2018,active
okcredit.in,OkCredit,summer-2018,active
kinside.com,Kinside,summer-2018,acquired
aesthetic.com,Aesthetic,summer-2018,active
kunduz.com,Kunduz,summer-2018,active
wave.com,Wave,winter-2012,active
overview.ai,Overview,winter-2019,active
taobotics.com,Taobotics,winter-2019,active
trexorobotics.com,Trexo Robotics,winter-2019,active
flockjay.com,Flockjay,winter-2019,active
intelline.ca,Intelline,winter-2019,active
heycanopy.com,Canopy (was Encarte),winter-2019,active
zerostorefront.com,ZeroStorefront,winter-2019,acquired
geosite.io,Geosite,winter-2019,acquired
thejuggernaut.com,The Juggernaut,winter-2019,active
positive.co,Positive,winter-2019,active
allsome.com,AllSome Fulfillment,winter-2019,active
pachama.com,Pachama,winter-2019,acquired
insightbrowser.com,Insight,winter-2019,acquired
interprime.co,InterPrime,winter-2019,acquired
keepertax.com,Keeper,winter-2019,active
kalshi.com,Kalshi,winter-2019,active
bottomless.com,Bottomless,winter-2019,active
ultralig.ht,Ultralight,winter-2019,active
centaur.ai,Centaur,winter-2019,active
spirelawfirm.com,Spire Law,winter-2019,active
sunsama.com,Sunsama,winter-2019,active
sortingrobotics.com,Sorting Robotics,winter-2019,active
dyneti.com,Dyneti Technologies,winter-2019,active
scitok.com,SciTok,winter-2019,active
preflight.com,Preflight,winter-2019,acquired
windsor.io,Windsor,winter-2019,acquired
ascen.com,Ascen,winter-2019,acquired
claytonfarms.com,Nebullam (DBA Clayton Farms),winter-2019,active
postscript.io,Postscript,winter-2019,active
convex.com,Convex,winter-2019,acquired
flowercompany.com,FLOWER CO.,winter-2019,active
usehatch.ai,Hatch,winter-2019,acquired
brainkey.ai,BrainKey,winter-2019,active
medcrypt.co,MedCrypt,winter-2019,active
leahlabs.com,LEAH Labs,winter-2019,active
windwalk.com,Windwalk,winter-2019,active
middesk.com,Middesk,winter-2019,active
golinks.io,GoLinks,winter-2019,active
coursedog.com,Coursedog,winter-2019,acquired
patternfast.com,Tailornova/Couturme,winter-2019,active
thriveagric.com,Thrive Agric,winter-2019,active
communityphone.org,Community Phone Company,winter-2019,active
weathercheck.co,WeatherCheck,winter-2019,active
sapling.ai,Sapling.ai,winter-2019,active
nabis.com,Nabis,winter-2019,active
theforage.com,Forage,winter-2019,acquired
avo.app,Avo,winter-2019,active
demodesk.com,Demodesk,winter-2019,active
aiinsurance.io,AI Insurance,winter-2019,active
swadesh.co,Swadesh,summer-2019,active
visly.app,Visly,winter-2019,acquired
onswitchboard.com,Switchboard,winter-2019,active
atomicalchemy.us,Atomic Alchemy,winter-2019,acquired
docbot.co,Docbot,winter-2019,acquired
elph.com,Elph,winter-2019,acquired
okteto.com,Okteto,winter-2019,active
askdata.com,Askdata,winter-2019,acquired
ashbyhq.com,Ashby,winter-2019,active
probablygenetic.com,Probably Genetic,winter-2019,active
supernova.io,Supernova,winter-2019,active
doorport.com,Doorport,winter-2019,acquired
termius.com,Termius,winter-2019,active
superorder.com,Superorder,summer-2019,active
bunkerhillhealth.com,Bunkerhill Health,winter-2019,active
handle.com,Handle,winter-2019,active
excepgen.com,Excepgen,winter-2019,active
mobot.io,Mobot,winter-2019,active
intacttherapeutics.com,Intact Therapeutics,winter-2019,active
gotlanded.com,Landed,winter-2019,active
autodial.com,Autodial prev Qwest,winter-2019,active
pyxai.com,Pyxai,winter-2019,active
deel.com,Deel,winter-2019,active
helloaxel.com,Axel Travel,winter-2019,active
doppler.com,Doppler,winter-2019,active
ravn.com,Ravn,winter-2019,active
usecaribou.com,Caribou,winter-2019,active
wren.co,Wren,summer-2019,active
instapathbio.com,Instapath Inc.,winter-2019,active
cocoon.com,Cocoon,winter-2019,acquired
auravision.ai,Aura Vision,winter-2019,active
wanderlog.com,Wanderlog,winter-2019,active
boundarylayer.tech,Valo,winter-2019,active
jetpackaviation.com,JetPack Aviation,winter-2019,active
voltalabs.com,Volta Labs  Inc.,winter-2019,active
reelables.com,Reelables,winter-2019,active
heartaerospace.com,Heart Aerospace,winter-2019,active
superb-ai.com,Superb AI,winter-2019,active
dagger.io,Dagger,winter-2019,active
ourworldindata.org,Our World in Data,winter-2019,active
upsolve.org,Upsolve,winter-2019,active
maplematerials.com,Maple Materials,winter-2019,active
alpaca.markets,Alpaca,winter-2019,active
xgenomes.com,XGenomes,winter-2019,active
dover.com,Dover,summer-2019,active
ampup.io,AmpUp,winter-2019,active
skill-lync.com,Skill-lync,winter-2019,active
mudrex.com,Mudrex,winter-2019,active
nala.com,NALA,winter-2019,active
nowports.com,Nowports,winter-2019,active
seawisecapital.com,Seawise Capital,winter-2019,acquired
slapdash.com,Slapdash,winter-2019,acquired
zippi.com.br,Zippi,summer-2019,active
shiokmeats.com,Shiok Meats,winter-2019,acquired
acciojob.com,AccioJob,winter-2019,active
beacons.ai,Beacons,summer-2019,active
kovi.com.br,Kovi,winter-2019,acquired
edyst.com,Edyst,winter-2019,active
keynua.com,Keynua,winter-2019,active
exlyapp.com,Exly,winter-2019,active
credpal.com,CredPal,winter-2019,active
springinafrica.com,Spring in Africa,winter-2019,active
bentocart.com,Bentocart,winter-2019,active
emilabs.ai,Emi Labs,winter-2019,active
lezzoo.com,Lezzoo,winter-2019,active
glideapps.com,Glide,winter-2019,active
cityfurnish.com,Cityfurnish,winter-2019,active
getpulse.in,Pulse Active Stations Network,winter-2019,active
axdraft.com,AXDRAFT,winter-2019,acquired
tuprontomx.com,Pronto,winter-2019,active
cuanto.app,Cuanto,winter-2019,active
rune.ai,Rune,winter-2019,active
getdockup.com,Dockup,winter-2019,active
marsauto.com,Mars Auto,winter-2019,active
alluresystems.com,Allure Systems,winter-2019,acquired
voting.works,VotingWorks,winter-2019,active
globe.exchange,Globe,winter-2019,active
inito.com,Inito,winter-2019,active
workclout.com,WorkClout,winter-2019,acquired
latchel.com,Latchel,winter-2019,active
vertofx.com,Verto,winter-2019,active
firstdelivery.com,FIRST,winter-2019,active
cosmicjs.com,Cosmic,winter-2019,active
pools.events,Pools (fka Withfriends),winter-2019,active
truora.com,Truora,winter-2019,active
outrival.com,OutRival  Inc.,winter-2019,active
1910.ai,1910,winter-2019,active
prometheusfuels.com,Prometheus,winter-2019,active
numero.ai,Numero,winter-2019,active
rct.ai,rct AI,winter-2019,active
atlascard.com,Atlas,winter-2019,active
naturallclub.com,NaturAll Club,winter-2019,active
accept.inc,Accept.inc (formerly BoardRE),winter-2019,acquired
taalifoods.com,Taali Inc,winter-2019,active
ychoicetx.com,YourChoice Therapeutics,winter-2019,active
memfault.com,Memfault,winter-2019,acquired
eclipsefoods.com,Eclipse Foods,winter-2019,active
catch.co,Catch,winter-2019,acquired
buymeacoffee.com,Buy Me a Coffee,winter-2019,active
playbalto.com,Balto,winter-2019,acquired
shipper.id,Shipper,winter-2019,active
schoolable.co,Schoolable,winter-2019,active
zerodown.com,ZeroDown,winter-2019,acquired
shef.com,Shef,winter-2019,active
togetherplatform.com,Together Software,summer-2019,acquired
prenda.com,Prenda,summer-2019,active
bun.sh,Bun,summer-2019,acquired
vouch.us,Vouch,summer-2019,active
popsql.com,PopSQL,summer-2019,acquired
getdex.com,Dex,summer-2019,active
matagora.com,matagora,summer-2019,active
cuboh.com,Cuboh,summer-2019,acquired
shiru.com,Shiru,summer-2019,active
aperohealth.com,Apero Health,summer-2019,active
lofty.ai,Lofty,summer-2019,active
courier.com,Courier,summer-2019,active
palifer.com,Palifer,summer-2019,acquired
methodfi.com,Method Financial,summer-2019,active
gamebytes.io,Gamebytes,summer-2019,active
pillar.io,Pillar,summer-2019,active
kraftful.com,Kraftful,summer-2019,acquired
wellprincipled.com,Well Principled,summer-2019,active
givelegacy.com,Legacy,summer-2019,active
shifthealth.io,Shift Health,summer-2019,active
junocollege.com,Juno College of Technology,summer-2019,active
odeko.com,Odeko,summer-2019,active
shortstorybox.com,Short Story,summer-2019,active
bayes.com,Bayes,summer-2019,acquired
jupiter.co,Jupiter,summer-2019,active
zeal.com,Zeal,summer-2019,active
hypeandvice.com,Hype and Vice,summer-2019,active
voyage.bio,Voyage Biomedical,summer-2019,acquired
genecis.co,Genecis Bio,winter-2020,active
pairteam.com,Pair Team,summer-2019,active
intersectlabs.io,Intersect Labs,summer-2019,acquired
everloved.com,Ever Loved,summer-2019,active
actiondesk.io,Actiondesk,summer-2019,acquired
lucidbots.com,Lucid Bots,summer-2019,active
sablecard.com,Sable,summer-2019,acquired
obieinsurance.com,Obie,summer-2019,acquired
trmlabs.com,TRM Labs,summer-2019,active
soteris.co,Soteris,summer-2019,active
prolific.com,Prolific,summer-2019,active
gen1e.com,GEn1E Lifesciences,summer-2019,active
embrace.io,Embrace,summer-2019,acquired
mindsethealth.com,Mindset Health,summer-2019,active
kitekraft.de,Kitekraft,summer-2019,active
yummy-future.com,Yummy Future,summer-2019,active
upequity.com,UpEquity,summer-2019,active
localyze.com,Localyze,summer-2019,acquired
taxproper.com,TaxProper,summer-2019,acquired
featurepeek.com,FeaturePeek,summer-2019,acquired
fynncredit.com,Fynn,summer-2019,active
zetasurgical.com,ZETA SURGICAL,summer-2019,active
openreplay.com,OpenReplay,summer-2019,active
withbanner.com,Banner,summer-2019,active
kubesail.com,KubeSail,summer-2019,active
greencanopynode.com,Green Canopy NODE,summer-2019,active
canix.com,Canix,summer-2019,active
outtalent.com,Outtalent,summer-2019,active
downtobid.com,Downtobid,summer-2019,acquired
rainbow.me,Rainbow,summer-2019,active
joinflo.com,Flo,summer-2019,active
millionmarker.com,Million Marker,summer-2019,active
getbouncer.com,Bouncer,summer-2019,acquired
withcompound.com,Compound,summer-2019,acquired
hatchways.io,Hatchways,summer-2019,active
rosebud.ai,Rosebud AI,summer-2019,active
rutter.com,Rutter,summer-2019,active
directshifts.com,DirectShifts,summer-2019,active
arpeggiobio.com,Arpeggio Bio,summer-2019,active
kernsystems.com,Kern Systems,summer-2019,active
spotlessmaterials.com,spotLESS Materials,summer-2019,active
datamechanics.co,Data Mechanics,summer-2019,acquired
microverse.org,Microverse,summer-2019,active
wasmer.io,Wasmer,summer-2019,active
earth-ai.com,EARTH AI,summer-2019,active
colabsoftware.com,CoLab,summer-2019,active
lineleap.com,LineLeap,summer-2019,active
gaia-scope.com,Gaiascope,summer-2019,acquired
trywingman.com,Wingman,summer-2019,acquired
getbinks.com,Binks,summer-2019,active
getlokalapp.com,Lokal,summer-2019,active
chaosgenius.io,Chaos Genius,winter-2020,acquired
docvita.com,DocVita,winter-2020,active
prooftrading.com,Proof Trading,summer-2019,active
mypetrolpump.com,MyPetrolPump,summer-2019,acquired
vahan.ai,Vahan,summer-2019,active
digi-prex.com,Digi-Prex,summer-2019,active
finlens.app,Finlens,winter-2020,active
loophealth.com,Loop Health,winter-2020,active
fampay.in,FamPay,summer-2019,active
ramenvr.com,Ramen VR,summer-2019,active
demandcurve.com,Demand Curve,summer-2019,active
spicedata.com,Spice Data,summer-2019,active
hightouch.com,Hightouch,summer-2019,active
midnox.com,Midnox,winter-2012,acquired
heygotrade.com,Gotrade,summer-2019,active
edenfarm.id,Eden Farm,summer-2019,active
facio.com.br,Facio,winter-2020,active
predictleads.com,PredictLeads,summer-2019,active
getstoic.com,stoic.,summer-2019,active
paywithflux.com,Flux,summer-2019,active
trella.app,Trella,summer-2019,active
recidiviz.org,Recidiviz,summer-2019,active
holygrail.ai,Holy Grail,summer-2019,active
tranquifinanzas.com,Tranqui Finanzas,summer-2019,active
heru.app,Heru,summer-2019,active
inevent.com,InEvent,summer-2019,active
paymongo.com,PayMongo,summer-2019,active
freshpaint.io,Freshpaint,summer-2019,active
traces.ai,Traces,summer-2019,active
mudafy.com,Mudafy,summer-2019,active
zeroheight.com,zeroheight,summer-2019,active
curri.com,Curri,summer-2019,active
getflowbot.com,Flowbot,summer-2019,active
vitau.mx,Vitau,summer-2019,active
treble.ai,treble.ai,summer-2019,active
cocowallet.app,Coco Wallet,summer-2019,active
aspect.app,Aspect,summer-2019,active
deepnote.com,Deepnote,summer-2019,active
asherbio.com,Asher Bio,summer-2019,active
mora.com,Meridian Industries,summer-2019,active
taskade.com,Taskade,summer-2019,active
vorticity.xyz,Vorticity,summer-2019,active
usemotion.com,Motion,winter-2020,active
laika.com.co,LAIKA,summer-2019,active
gitstart.com,GitStart,summer-2019,active
epic-aerospace.com,EPIC AEROSPACE,summer-2019,active
vendr.com,Vendr,summer-2019,acquired
apurata.com,Apurata,summer-2019,active
breadfast.com,Breadfast,summer-2019,active
sequencebio.com,Sequence Bio,summer-2019,active
trykarat.com,Karat Financial,winter-2020,active
flowglad.com,Flowglad,winter-2020,active
onkaiten.com,Kaiten,winter-2020,active
zaraz.com,Zaraz,winter-2020,acquired
inaccord.com,Accord,winter-2020,active
useparagon.com,Paragon,winter-2020,active
breezeful.com,Breezeful,winter-2020,active
phonic.ai,Phonic,winter-2020,acquired
okayhq.com,Okay,winter-2020,acquired
volumetricbio.com,Volumetric,winter-2020,acquired
abalonebio.com,Abalone Bio,winter-2020,active
alude.com.br,Alude,winter-2020,active
stratum.ai,StratumAI,winter-2020,active
teleo.ai,Teleo,winter-2020,acquired
polytomic.com,Polytomic,winter-2020,active
meetladder.com,Ladder,summer-2020,acquired
porter.run,Porter,summer-2020,active
hoss.com,Hoss,winter-2020,acquired
pulley.com,Pulley,winter-2020,active
mindsdb.com,MindsDB,winter-2020,active
ophelia.com,Ophelia,winter-2020,active
fitnessai.com,FitnessAI,winter-2020,acquired
segmed.ai,Segmed,winter-2020,active
explo.co,Explo,winter-2020,active
letterdrop.com,Letterdrop,winter-2020,active
factoredquality.com,Factored Quality,winter-2020,acquired
yearend.com,yearend,winter-2020,active
taiv.tv,Taiv,winter-2020,active
flowdash.com,Flowdash,winter-2020,acquired
openunit.com,OpenUnit,winter-2020,active
toughcommerce.com,Tough Commerce,winter-2020,active
perceptive.io,Perceptive Technologies,winter-2020,active
dittowords.com,Ditto,winter-2020,active
deepmeditate.com,Deep Meditate,winter-2020,active
handoff.ai,Handoff,winter-2020,active
nextmv.io,Nextmv,winter-2020,acquired
h1.co,H1,winter-2020,active
adenhq.com,Aden,winter-2020,active
datasaur.ai,Datasaur,winter-2020,active
dashworks.ai,Dashworks,winter-2020,acquired
eternal.gg,Eternal,winter-2020,acquired
replicate.com,Replicate,winter-2020,acquired
havenservicing.com,Haven,winter-2020,active
basedash.com,Basedash,summer-2020,active
sinai.com,SINAI,winter-2020,active
joinglimpse.com,Glimpse,winter-2020,acquired
weav.co,Weav,winter-2020,acquired
velostics.com,Terusama,winter-2020,acquired
fig.io,Fig,summer-2020,acquired
farcast.com,Farcast,winter-2020,active
infield.ai,Infield,winter-2020,active
ezeit.ai,Eze,winter-2020,active
getbenepass.com,Benepass,winter-2020,active
startplayinggames.com,StartPlaying.Games,winter-2020,active
trygrain.com,Grain,winter-2020,active
fly.io,Fly.io,winter-2020,active
truenorthfleet.com,TrueNorth,winter-2020,active
signadot.com,Signadot,winter-2020,active
operator.io,Operator.io,winter-2020,active
talyn.com,Talyn Air,winter-2020,acquired
logarithmlabs.com,Logarithm Labs,winter-2020,active
tiendacrypto.com,Tienda Crypto,winter-2020,active
whatnot.com,Whatnot,winter-2020,active
metaplane.dev,Metaplane,winter-2020,acquired
heyplura.com,Plura (formerly Bloom Community),winter-2020,active
medicarevox.com,Medicare Vox (fka Fair Square),winter-2020,active
generalproximity.bio,General Proximity,winter-2020,active
altaytherapeutics.com,Altay Therapeutics,winter-2020,active
turingsaas.com,Turing Labs Inc.,winter-2020,active
dropprintgen.com,Dropprint Genomics,winter-2020,acquired
ello.com,Ello,winter-2020,active
salesform.com,Salesform,summer-2020,active
querypie.com,QueryPie AI,winter-2020,active
cortex.io,Cortex,winter-2020,active
release.com,Release,winter-2020,active
tryresponse.com,Response,summer-2020,active
gosavvy.com,Savvy,winter-2020,acquired
typedream.com,Typedream,winter-2020,acquired
buildbuddy.io,BuildBuddy,winter-2020,active
vori.com,Vori,winter-2020,active
quill.co,Quill,winter-2020,active
kinter.ai,Kinter,winter-2020,active
joincandidhealth.com,Candid Health,winter-2020,active
todesktop.com,ToDesktop,winter-2020,active
revenir.ai,Revenir,winter-2020,active
photoroom.com,Photoroom,summer-2020,active
modernbanc.com,Modernbanc,winter-2020,active
tryriot.com,Riot,winter-2020,active
posthog.com,PostHog,winter-2020,active
cron.com,Cron,winter-2020,acquired
aiosmedical.com,AIOS,winter-2020,active
jitter.video,Jitter,winter-2020,active
junction.com,Junction,winter-2020,active
skypher.co,Skypher,winter-2020,active
recurrency.com,Recurrency,summer-2020,active
postera.ai,PostEra,winter-2020,active
upflow.io,Upflow,winter-2020,active
deepsource.com,DeepSource,winter-2020,active
getkosh.com,Kosh,winter-2020,active
twoplusfertility.com,twoplus fertility,summer-2020,active
ablejobs.co,Able,winter-2020,acquired
payswifter.com,Pay Swifter,winter-2020,acquired
stayqrious.com,StayQrious,winter-2020,active
urbankisaan.com,UrbanKisaan,winter-2020,active
farmtheory.in,farmtheory,winter-2020,active
tagmango.com,TagMango,winter-2020,active
morphlelabs.com,Morphle Labs,winter-2020,active
zeorouteplanner.com,Zeo Route Planner,winter-2020,active
hiration.com,Hiration,winter-2020,active
ybanq.com,yBANQ,winter-2020,acquired
bikry.com,Bikry,winter-2020,active
edurev.in,EduRev,winter-2020,active
spennyapp.com,Spenny,winter-2020,active
hiresweet.com,HireSweet,winter-2020,active
pahamify.com,Pahamify,winter-2020,active
adyn.com,adyn,summer-2020,active
raycast.com,Raycast,winter-2020,active
anglehealth.com,Angle Health,winter-2020,active
openbiome.org,OpenBiome,winter-2020,active
isabl.io,Isabl,winter-2020,active
nexu.mx,Nexu,winter-2020,active
odastudio.ai,Oda,winter-2020,active
delt.ai,delt.ai,winter-2020,acquired
daedalus.de,Daedalus,winter-2020,active
avion.health,Avion,winter-2020,active
getsomatic.com,SOMATIC,winter-2020,active
thndr.app,Thndr,summer-2020,active
getswipe.com,Swipe Technologies,winter-2020,active
electroneek.com,ElectroNeek,winter-2020,active
hent.com.br,Hent,winter-2020,acquired
investbamboo.com,Bamboo,winter-2020,active
futuralabs.io,FUTURA,winter-2020,active
tajir.app,Tajir,winter-2020,active
fondeadora.com,Fondeadora,winter-2020,active
linkana.com,Linkana,winter-2020,active
bego.ai,BeGo,winter-2020,active
termii.com,Termii,winter-2020,active
starkbank.com,STARK BANK,winter-2020,active
sayana.app,Sayana,winter-2020,acquired
zynq.io,Zynq,winter-2020,acquired
checkars.com,Checkars,winter-2020,acquired
handl.ai,Handl,winter-2020,active
ramani.io,Ramani,winter-2020,active
nomic.bio,Nomic Bio,winter-2020,active
crowdforce.io,CrowdForce,winter-2020,acquired
guruhotel.com,GuruHotel,winter-2020,active
giveaway.mobi,GiveAway,winter-2020,active
sakneen.com,Sakneen,winter-2020,active
usestable.com,Stable,winter-2020,active
healthlane.co,Healthlane,winter-2020,active
recall.ai,Recall.ai,winter-2020,active
borong.com,borong,winter-2020,active
atmo.ai,Atmo,winter-2020,active
99minutos.com,99minutos,winter-2020,active
send.ng,SEND,winter-2020,active
powerx.co,PowerX,winter-2020,acquired
livingcarbon.com,Living Carbon,winter-2020,active
tambua.health,Yoneda Health,winter-2020,active
airbyte.com,Airbyte,winter-2020,active
myworkpay.com,Workpay,winter-2020,active
humanly.io,Humanly,winter-2020,active
gaspos.co,Gas Pos,winter-2020,active
tasker.ai,Tasker AI,winter-2020,active
equatortherapeutics.com,Equator Therapeutics,winter-2020,active
belvo.com,Belvo,winter-2020,active
menten.ai,Menten AI,winter-2020,active
lfcarry.com,LFcarry,winter-2020,active
jenfi.com,Jenfi,winter-2020,active
yassir.com,Yassir,winter-2020,active
ansabio.com,Ansa Biotechnologies,winter-2020,active
ochre-bio.com,Ochre Bio,winter-2020,active
jetadmin.io,Jet Admin,winter-2020,active
algenbio.com,Algen Biotechnologies,winter-2020,active
altro.io,Altro,summer-2020,acquired
ukama.com,Ukama,summer-2020,active
jemi.so,Jemi,summer-2020,acquired
jitsu.com,Jitsu,summer-2020,acquired
ziphq.com,Zip,summer-2020,active
increase.com,Increase,summer-2020,active
lifesci-key.com,LSK Technologies,summer-2020,acquired
luminai.com,Luminai,summer-2020,active
command.ai,Command AI,summer-2020,acquired
tryjeeves.com,Jeeves,summer-2020,active
roboflow.com,Roboflow,summer-2020,active
supertokens.com,SuperTokens,summer-2020,active
banditml.com,Bandit ML,summer-2020,acquired
infeedo.ai,inFeedo AI,summer-2020,active
depict.ai,Depict,summer-2020,active
datafold.com,Datafold,summer-2020,active
lightdash.com,Lightdash,summer-2020,active
blueonion.ai,Blue Onion,summer-2020,active
momence.com,Momence,summer-2020,acquired
zitara.com,Zitara Technologies  Inc.,summer-2020,active
teamgather.co,Gather,summer-2020,acquired
dripos.com,Dripos,summer-2020,active
atob.com,AtoB,summer-2020,active
ring.md,RingMD,summer-2020,active
finmark.com,Finmark,summer-2020,acquired
questdb.com,QuestDB,summer-2020,active
contasimples.com,Conta Simples,summer-2020,active
seam.co,Seam,summer-2020,active
hypermile.ai,Hypermile,summer-2020,acquired
getsafepay.pk,Safepay,summer-2020,active
venostent.com,VenoStent,summer-2020,active
volopay.com,Volopay,summer-2020,active
strive.school,Strive School,summer-2020,acquired
explorex.co,Explorex,summer-2020,active
trynovel.com,Novel,summer-2020,active
pave.com,Pave,summer-2020,active
currentfoods.com,Current Foods,summer-2020,acquired
powerus.de,PowerUs,summer-2020,active
knownmed.com,Known Medicine,summer-2020,acquired
charityvest.org,Charityvest,summer-2020,acquired
hypotenuse.ai,Hypotenuse AI,summer-2020,active
synapticure.com,Synapticure,summer-2020,active
dialect.to,Dialect,summer-2020,acquired
bukuwarung.com,BukuWarung,summer-2020,active
farmako.ai,Farmako Healthcare,summer-2020,active
kernalbio.com,Kernal Biologics,summer-2020,active
corecare.ai,CoreCare,summer-2020,active
speedscale.com,Speedscale,summer-2020,active
swif.ai,Swif.ai,summer-2020,active
humanloop.com,Humanloop,summer-2020,acquired
arist.co,Arist,summer-2020,active
cradlefinance.com,Cradle,summer-2020,active
addomni.com,Omni,summer-2020,acquired
blissway.com,Blissway,summer-2020,active
doola.com,doola,summer-2020,active
webapp.io,webapp.io,summer-2020,acquired
seal.run,Seal,summer-2020,active
getbits.app,Bits,summer-2020,active
atomicvest.com,Atomic,summer-2020,active
marketforce.io,MarketForce,summer-2020,active
vectrix.io,Vectrix,summer-2020,acquired
osmind.org,Osmind,summer-2020,active
biocogniv.com,Biocogniv,summer-2020,acquired
daybreakhealth.com,Daybreak Health,summer-2020,active
mesh.ai,Mesh,summer-2020,active
withyotta.com,Yotta,summer-2020,active
keydb.dev,KeyDB,summer-2020,acquired
tappityapp.com,Tappity,summer-2020,active
stackerhq.com,Stacker,summer-2020,active
hellometer.io,Hellometer,summer-2020,active
getjusto.com,Justo,summer-2020,active
nexterarobotics.com,Nextera Robotics | DIDGE.ai,summer-2020,active
statiq.in,Statiq.,summer-2020,active
vitablehealth.com,Vitable Health,summer-2020,active
getbalance.com,Balance,summer-2020,active
nabla.bio,Nabla Bio,summer-2020,active
plerk.io,Plerk,summer-2020,acquired
clew.ai,Clew,summer-2020,acquired
wareiq.com,WareIQ,summer-2020,active
bik.ai,BIK,summer-2020,active
decentro.tech,Decentro,summer-2020,active
notabene.id,Notabene,summer-2020,active
aquariumlearning.com,Aquarium Learning,summer-2020,acquired
mailwarm.com,Mailwarm,summer-2020,active
memberstack.com,Memberstack,summer-2020,active
mozper.com,Mozper,summer-2020,active
tella.com,Tella,summer-2020,active
sameplan.com,Sameplan,summer-2020,acquired
kingdomsuperculture.com,Kingdom,summer-2020,active
nephrogenbiotech.com,Nephrogen,summer-2020,active
withflint.com,Flint,summer-2020,active
tyltgo.com,TyltGO,summer-2020,active
scrimba.com,Scrimba,summer-2020,active
skio.com,Skio,summer-2020,acquired
hotplate.com,Hotplate,summer-2020,active
farel.io,Farel,summer-2020,active
drapr.com,Drapr,summer-2020,acquired
minimum.com,Minimum,summer-2020,active
cohere.io,Cohere,summer-2020,acquired
panadata.net,PANADATA,summer-2020,active
dataland.io,Dataland,summer-2020,active
akiflow.com,Akiflow,summer-2020,active
awtomic.com,Awtomic,summer-2020,active
joinformal.com,Formal,summer-2020,active
orangehealth.in,Orange Health Labs,summer-2020,active
laylo.com,Laylo,summer-2020,active
soyhenry.com,HENRY,summer-2020,active
arketa.com,Arketa,summer-2020,active
carbonchain.com,CarbonChain,summer-2020,active
supabase.com,Supabase,summer-2020,active
socksoho.com,SockSoho,summer-2020,active
togethervideoapp.com,Together Video Chat,summer-2020,acquired
ready.net,Ready,summer-2020,active
pardesbio.com,Pardes Biosciences,summer-2020,public
taktile.com,Taktile,summer-2020,active
trymito.io,Mito,summer-2020,active
draftwise.com,Draftwise,summer-2020,active
safebase.io,SafeBase,summer-2020,acquired
summitglobal.com,Spenmo,summer-2020,active
afriexapp.com,Afriex,summer-2020,active
lendtable.com,Lendtable,summer-2020,active
medpiper.com,MedPiper Technologies  Inc,summer-2020,active
venavitals.com,Vena Vitals,summer-2020,active
insomabio.com,inSoma Bio,summer-2020,active
mobiusmaterials.com,Mobius Materials,summer-2020,active
tryglimpse.com,Glimpse,summer-2020,active
fancyapp.live,Fancy,summer-2020,acquired
nestybox.com,Nestybox,summer-2020,acquired
warmly.ai,Warmly,summer-2020,acquired
rally.video,Rally,summer-2020,active
mozartdata.com,Mozart Data,summer-2020,active
riogrande.co,Riogrande,summer-2020,acquired
reflect.run,Reflect,summer-2020,acquired
inspectify.com,Inspectify,summer-2020,active
cloverapp.co,Clover,summer-2020,acquired
zuddl.com,Zuddl,summer-2020,active
parrotsoftware.io,Parrot Software 🦜,summer-2020,active
hellosaur.us,Hellosaurus,summer-2020,acquired
tryfinch.com,Finch,summer-2020,active
fieldguide.com,Fieldguide,summer-2020,active
herondata.io,Heron,summer-2020,active
hub.la,Hubla,summer-2020,active
clau.com,Clau,summer-2020,active
playquell.com,Quell,summer-2020,acquired
todoscomemos.com,Todos Comemos,summer-2020,active
futurefields.io,Future Fields,summer-2020,active
rarebird.coffee,Rarebird,summer-2020,active
siphoxhealth.com,SiPhox Health,summer-2020,active
verifiable.com,Verifiable,summer-2020,active
getmatter.app,Matter,summer-2020,active
gilgameshpharmaceutical.com,Gilgamesh Pharmaceuticals,summer-2020,active
brevy.com,Brevy,summer-2020,acquired
webiny.com,Webiny,winter-2021,active
gather.town,Gather,summer-2019,active
abacum.ai,Abacum,winter-2021,active
atratopago.com,Atrato,winter-2021,active
runway.team,Runway,winter-2021,active
cloudhumans.com,cloud humans,winter-2021,active
bristlehealth.com,Bristle,winter-2021,active
serna.bio,Serna Bio,winter-2021,active
trestlebio.com,Trestle Biotherapeutics,winter-2021,active
thethirdplace.is,The Third Place,winter-2021,active
gaiia.com,gaiia,winter-2021,active
atomic.industries,Atomic Industries,winter-2021,active
albaorbital.com,Alba Orbital,winter-2021,active
authzed.com,authzed,winter-2021,active
humaans.io,Humaans,winter-2021,active
albedo.com,Albedo,winter-2021,active
playdreamworld.com,DreamWorld,winter-2021,active
howdy.com,Howdy.com,winter-2021,active
lyggcorp.com,Lygg,winter-2021,active
rocketsdr.ai,RocketSDR,winter-2021,active
taloflow.ai,Taloflow,winter-2021,active
medmehealth.com,MedMe Health,winter-2021,active
usewaypoint.com,Waypoint,winter-2021,active
getspokn.com,Spokn,winter-2021,active
finleycms.com,Finley,winter-2021,acquired
hapi.trade,Hapi,winter-2021,active
stacksi.com,Stacksi,winter-2021,acquired
powerrouter.io,PowerRouter,winter-2021,active
signoz.io,SigNoz,winter-2021,active
arnata.com,arnata,winter-2021,active
modernloop.io,ModernLoop,winter-2021,active
gromo.in,GroMo,winter-2021,active
pibit.ai,Pibit.ai,winter-2021,active
lionpose.com,Lion Pose,winter-2021,active
vogent.ai,Vogent,summer-2021,acquired
furmacy.com,Furmacy,winter-2021,acquired
nourish.com,Nourish,winter-2021,active
moichor.com,Moichor,winter-2021,active
joingerald.com,Gerald Technologies  Inc,winter-2021,active
usebluelight.com,Bluelight,winter-2021,active
curvenote.com,Curvenote,winter-2021,active
wyndly.com,Wyndly,winter-2021,active
fluxauto.ai,Flux Auto,winter-2021,active
spruceid.com,SpruceID,winter-2021,active
fountain9.com,Fountain9,winter-2021,acquired
tupelosmb.com,Tupelo,winter-2021,active
avocadopos.com,Avocado,winter-2021,active
weekday.works,Weekday,winter-2021,active
trysmartcuts.com,Smartcuts,winter-2021,active
zeptonow.com,Zepto,winter-2021,active
getpesto.com,Pesto,winter-2021,active
laudspeaker.com,Laudspeaker,winter-2021,acquired
axiom.ai,Axiom.ai,winter-2021,active
segments.ai,Segments.ai,winter-2021,acquired
encord.com,Encord,winter-2021,active
cashbook.in,CashBook,winter-2021,active
getpingpong.com,PingPong,winter-2021,acquired
fractional.app,Fractional,winter-2021,active
clipdrop.co,ClipDrop,winter-2021,acquired
hyper.co,Hyper,summer-2021,acquired
valinktx.com,Valink Therapeutics,winter-2021,active
avenue.app,Avenue,winter-2021,acquired
prequel.co,Prequel,winter-2021,active
goflok.com,Flok,winter-2021,acquired
sivo.com,Sivo,winter-2021,active
gradia.com,Gradia Health,winter-2021,active
hyperglue.com,HyperGlue,winter-2021,acquired
axlehealth.com,Axle Health,winter-2021,active
cyble.com,Cyble,winter-2021,active
terapify.com,Terapify,winter-2021,active
getsupadock.com,Supadock,winter-2021,active
expent.ai,Expent Inc,winter-2021,active
functionup.org,FunctionUp (FanPlay),winter-2021,acquired
gridware.io,Gridware,winter-2021,active
versionstory.com,Version Story Compare,winter-2021,active
buenofinanceinc.com,Bueno Finance,winter-2021,acquired
bimaplan.co,Bimaplan,winter-2021,active
firstbase.io,Firstbase.io,winter-2021,active
octifi.com,OctiFi,winter-2021,acquired
tryperdiem.com,Per Diem,winter-2021,active
fifthtry.com,FifthTry,winter-2021,active
promoted.ai,Promoted.ai,winter-2021,acquired
avironactive.com,Aviron Interactive,winter-2021,active
camber.health,Camber,winter-2021,active
pry.co,Pry Financials,winter-2021,acquired
emergetools.com,Emerge Tools,winter-2021,acquired
parsagon.io,Parsagon,winter-2021,active
lendflow.com,Lendflow,winter-2021,active
alinea-invest.com,Alinea,winter-2021,active
vapi.ai,Vapi,winter-2021,active
fintoc.com,Fintoc,winter-2021,active
nirvahealth.com,Nirva,winter-2021,active
dashlabs.ai,Dashlabs.ai,winter-2021,active
orbillion.com,Orbillion Bio,winter-2021,acquired
kodo.com,Kodo,winter-2021,active
quadrant.health,Quadrant Health,winter-2021,active
udhaar.pk,Udhaar App,winter-2021,active
topkey.io,Topkey,winter-2021,active
mindee.com,Mindee,winter-2021,active
weweb.io,weweb.io,winter-2021,active
kredi.mx,Kredi,winter-2021,active
pangea.app,Pangea.app,winter-2021,active
animahealth.com,Anima,winter-2021,active
procoto.com,Procoto,winter-2021,acquired
logica.cloud,Logica,winter-2021,active
careweather.com,Care Weather,winter-2021,active
rointech.com,Roin Technologies,winter-2021,acquired
hermes-robotics.com,Hermes Robotics,winter-2021,active
popl.co,Popl,winter-2021,active
fathom.ai,Fathom,winter-2021,active
true3d.com,True3D,winter-2021,active
briohr.com,BrioHR,winter-2021,active
firstsupport.ai,FirstSupport.ai,winter-2021,active
rinsed.com,Rinsed,winter-2021,active
trymeasured.com,Measured,winter-2021,active
r2.co,R2,winter-2021,acquired
gimbooks.com,GimBooks,winter-2021,active
grey-wing.com,Greywing,winter-2021,active
zingbus.com,zingbus,winter-2021,active
verak.in,Verak,winter-2021,acquired
finary.com,Finary.com,winter-2021,active
remoracarbon.com,Remora,winter-2021,active
liveflow.com,LiveFlow,winter-2021,active
auricle.com,Auricle,winter-2021,active
aurabeattech.com,Aurabeat,winter-2021,active
hudu.com,Hudu,winter-2021,active
greatquestion.co,Great Question,winter-2021,active
datrics.ai,Datrics,winter-2021,active
trela.com.br,Trela,winter-2021,active
enode.com,Enode,winter-2021,active
coderhouse.com,Coderhouse,winter-2021,active
sendbox.co,Sendbox,winter-2021,active
blaze.today,Text Blaze,winter-2021,active
trendpop.com,Trendpop,winter-2021,acquired
lighttwist.com,LightTwist,winter-2021,active
veerahealth.com,Veera Health,winter-2021,active
logisticsos.com,LogisticsOS,winter-2021,active
gethomebase.com,Homebase,winter-2021,active
partnered.com,Partnered,winter-2021,acquired
opencode.ai,OpenCode,winter-2021,active
darrow.ai,Darrow,winter-2021,active
flextock.com,Flextock,winter-2021,active
quotabook.com,QuotaBook,winter-2021,active
toplinepro.com,Topline Pro,winter-2021,active
quicknode.com,Quicknode,winter-2021,active
re2.ai,Resquared,winter-2021,active
codingal.com,Codingal,winter-2021,active
techbiz.app,TechBiz,winter-2021,acquired
tractian.com,Tractian,winter-2021,active
solosuit.com,Solo,winter-2021,active
enableus.com,Enable Us,winter-2021,acquired
dyte.io,Dyte,winter-2021,acquired
clicoh.com,clicOH,winter-2021,active
stokespace.com,Stoke Space,winter-2021,active
juicymarbles.com,Juicy Marbles,winter-2021,active
tilt.bike,Tilt,winter-2021,active
unschool.in,Unschool,winter-2021,active
simplify.jobs,Simplify,winter-2021,active
inpharmd.com,InpharmD,winter-2021,active
striga.com,Striga,winter-2021,acquired
tint.ai,Tint,winter-2021,active
unsurvey.ai,unSurvey,winter-2021,acquired
zoko.io,ZOKO,winter-2021,active
taofi.com,TaoFi,winter-2021,acquired
reclaimprotocol.org,Reclaim Protocol,winter-2021,active
slash.com,Slash,summer-2021,active
botbuilt.com,BotBuilt,winter-2021,active
rulebricks.com,Rulebricks,winter-2021,active
fithub.com.co,FitHub,winter-2021,active
helloseer.com,Seer,winter-2021,active
redcliffelabs.com,Redcliffe Lifetech,winter-2021,active
thanksroger.com,ROGER,winter-2021,active
phoenix.ca,Phoenix,winter-2021,active
worksphere.com,Worksphere,winter-2021,acquired
feroot.com,Feroot Security,winter-2021,active
betterhalf.ai,Betterhalf,winter-2021,active
nouns.camp,Camp,winter-2021,active
biodock.ai,Biodock,winter-2021,active
venu3d.com,Venu AI,winter-2021,active
manara.tech,Manara,winter-2021,active
compose.ai,Compose.ai,winter-2021,active
lamarhealth.com,Lamar Health,winter-2021,active
soraban.com,Soraban,winter-2021,active
pyroscope.io,Pyroscope,winter-2021,acquired
stayflexi.com,Stayflexi,winter-2021,active
getontop.com,Ontop,winter-2021,active
preki.com,Preki,winter-2021,acquired
mendel.com,Mendel,winter-2021,active
usehaystack.io,Haystack,winter-2021,active
z1.app,Z1,winter-2021,active
moradauno.com.mx,Morada Uno,winter-2021,active
entelexo.com,Entelexo Biotherapeutics,winter-2021,active
mono.co,Mono,winter-2021,acquired
houm.com,Houm,winter-2021,active
zealth-ai.com,Zealth,winter-2021,active
alokai.com,Alokai,winter-2021,active
ziina.com,Ziina,winter-2021,active
pagaloop.com,Pagaloop,winter-2021,active
chatwoot.com,Chatwoot,winter-2021,active
infracost.io,Infracost,winter-2021,active
kitemaker.co,Kitemaker,winter-2021,acquired
agendapro.com,AgendaPro,winter-2021,active
flutterflow.io,FlutterFlow,winter-2021,active
kidato.com,Kidato,winter-2021,active
greaseboss.com.au,GreaseBoss,winter-2021,active
alpas.ai,Alpas,winter-2021,active
floweq.com,FlowEQ,winter-2021,active
rejoyhealth.com,Rejoy Health,winter-2021,active
inbalanceresearch.com,inBalance,winter-2021,acquired
swadesiway.com,Swadesi Way,winter-2021,active
machine26.com,Machine26,winter-2021,active
foster.co,Foster,winter-2021,active
svix.com,Svix,winter-2021,active
treinta.co,Treinta,winter-2021,active
olaclick.com,OlaClick,winter-2021,active
spline.design,Spline,winter-2021,active
regentcraft.com,REGENT,winter-2021,active
businessonbot.com,BusinessOnBot,winter-2021,active
gigs.com,Gigs,winter-2021,active
jetdocs.io,Jetdocs,winter-2021,active
getprospa.com,Prospa,winter-2021,active
rethoric.com,Rethoric,winter-2021,active
dayra.co,Dayra,winter-2021,active
axolo.co,Axolo,winter-2021,active
peoplecq.com,peopleCQ,winter-2021,active
poliglota.org,Poliglota,winter-2021,active
usefriz.com,Friz,winter-2021,acquired
voosh.ai,Voosh,winter-2021,active
somosinternet.co,Somos,winter-2021,active
awari.com,Awari,winter-2021,acquired
upchieve.org,UPchieve,winter-2021,active
navattic.com,Navattic,winter-2021,active
letsrecover.com,Recover,winter-2021,active
estoca.com.br,Estoca,winter-2021,active
broad.app,Broad,winter-2021,active
jiga.io,Jiga,winter-2021,active
vendease.com,Vendease,winter-2021,active
marqvision.com,MarqVision,summer-2021,active
wasp-lang.dev,Wasp,winter-2021,active
hubuc.com,HUBUC,winter-2021,active
turingcollege.com,Turing College,winter-2021,active
djamo.com,Djamo,winter-2021,active
routine.co,Routine,winter-2021,active
hoop.dev,hoop.dev,winter-2021,active
moonvalley.com,Moonvalley,winter-2021,active
nuntiustx.com,Nuntius Therapeutics,winter-2021,active
waydev.co,Waydev,winter-2021,active
authologic.com,Authologic,winter-2021,active
arpio.io,Arpio,winter-2021,active
triomics.com,Triomics,winter-2021,active
mayan.co,Mayan,winter-2021,active
getclearapp.com,Clear,winter-2021,active
bloomapp.com,Bloom,winter-2021,active
h3x.tech,H3X Technologies,winter-2021,active
mynextderma.com,My NextDerma,winter-2021,active
kilobaser.com,Kilobaser,winter-2021,active
swiftsku.com,SwiftSku,winter-2021,active
shepherdinsurance.com,Shepherd,winter-2021,active
pipebio.com,PipeBio,winter-2021,acquired
reshapebiotech.com,Reshape Biotech,winter-2021,active
tryterra.co,Terra API,winter-2021,active
magicbell.com,MagicBell,winter-2021,active
camlist.com,Camlist,winter-2021,active
nextpay.world,NextPay,winter-2021,active
chorussleep.com,Chorus Sleep,winter-2021,active
ollama.com,Ollama,winter-2021,active
getkanda.com,Kanda,winter-2021,active
humance.tech,Humance,winter-2021,active
journey.io,Journey,winter-2021,acquired
eqtble.com,eqtble,winter-2021,acquired
meru.com,Meru.com,winter-2021,active
iflux.app,Flux,winter-2021,active
vuiapp.vn,Nano Technologies,winter-2021,active
kiwify.com.br,Kiwify,winter-2021,active
palla.com,Palla,summer-2021,active
cococart.co,Cococart,summer-2021,active
palettehq.com,PaletteHQ,summer-2021,active
openlayer.com,Openlayer,summer-2021,active
promakhos.com,Promakhos Therapeutics,summer-2021,active
slopepay.com,Slope,summer-2021,active
epsilon3.io,Epsilon3,summer-2021,active
inversionspace.com,Inversion Space,summer-2021,active
blixo.com,Blixo,summer-2021,active
joinreframeapp.com,Reframe,summer-2021,active
getdailyagape.com,Agapé,summer-2021,active
positional.com,Positional,summer-2021,acquired
contalink.com,Contalink,summer-2021,active
aoadx.com,AOA Dx,summer-2021,active
marketfeed.com,marketfeed,summer-2021,active
beeper.com,Beeper,summer-2021,acquired
artillery.io,Artillery,summer-2021,active
hotglue.com,hotglue,summer-2021,active
talus.bio,Talus Bio,summer-2021,active
legionhealth.com,Legion Health,summer-2021,active
odysaviation.com,Odys Aviation,summer-2021,active
superwall.com,Superwall,summer-2021,active
pipekit.io,Pipekit,summer-2021,active
mindstate.design,Mindstate Design Labs,summer-2021,active
yummysuperapp.com,Yummy,summer-2021,active
ourhivehealth.com,Hive Health,summer-2021,active
serifhealth.com,Serif Health,winter-2022,active
deskimo.com,Deskimo,summer-2021,active
customily.com,Customily,summer-2021,active
stipop.io,Stipop,summer-2021,active
abstra.io,Abstra,summer-2021,active
carbonfact.com,Carbonfact,summer-2021,active
varos.com,Varos,summer-2021,active
archbee.com,Archbee,summer-2021,active
getbaraka.com,Baraka,summer-2021,active
concordmaterials.com,Concord Materials,summer-2021,active
flow.club,Flow Club,summer-2021,active
jestor.com,Jestor,summer-2021,active
trylevel.app,Level,summer-2021,acquired
potion.ai,Potion,summer-2021,active
rootly.com,Rootly,summer-2021,active
replo.app,Replo,summer-2021,active
fingo.africa,Fingo Africa,summer-2021,acquired
arqfinance.com,ARQ,summer-2021,active
goodkind.com,Goodkind,summer-2021,acquired
karboncard.com,Karbon Card,summer-2021,active
catenabiosciences.com,Catena Biosciences,summer-2021,active
ananya.health,Ananya Health,summer-2021,active
levro.com,Levro,summer-2021,active
front.page,FrontPage,summer-2021,active
kalamlabs.in,Kalam Labs,summer-2021,active
affogato.ai,Affogato AI,summer-2021,active
koshex.com,Koshex,summer-2021,active
mailmodo.com,Mailmodo,summer-2021,acquired
coulomb.ai,Coulomb AI,summer-2021,active
joindeed.com,Deed,summer-2021,acquired
odwen.co.in,ODWEN,summer-2021,active
blockerx.net,Atmana,summer-2021,active
zeitmedical.com,Zeit Medical,summer-2021,active
salarybook.co.in,SalaryBook,summer-2021,active
confidotech.com,Confido,summer-2021,active
boldvoice.com,BoldVoice,summer-2021,active
instalab.com,Instalab,winter-2022,active
instacrops.com,Instacrops,summer-2021,active
zazos.com,zaz⚡️os,summer-2021,active
parallel.bio,Parallel Bio,summer-2021,active
bluumbio.com,BLUUMBIO,summer-2021,active
rivia.ai,Rivia.AI,summer-2021,active
advantageclub.co,Advantage Club,summer-2021,active
echoeshq.com,Echoes HQ,summer-2021,active
getswipe.in,Swipe,summer-2021,active
algouniversity.com,AlgoUniversity,summer-2021,active
neodocs.in,Neodocs,summer-2021,active
appx.co.in,AppX,summer-2021,active
mobileboost.io,MobileBoost,summer-2021,active
getcabal.com,Cabal,summer-2021,active
rgilabs.com,RGI Labs,summer-2021,active
strivemath.com,Strive Math,summer-2021,active
doublehq.com,Double,summer-2021,active
onsleek.com,Sleek,summer-2021,acquired
socosearch.com,Soco,summer-2021,active
epinoma.com,Epinoma,summer-2021,active
reprosent.com,REPROSENT,summer-2021,active
biteninja.com,Bite Ninja,summer-2021,active
anakin.io,Anakin,summer-2021,active
snapcalorie.com,SnapCalorie,summer-2021,active
instakin.com,InstaKin,summer-2021,active
studystream.live,StudyStream,summer-2021,active
union54.com,Union54,summer-2021,active
hypercore.ai,Hypercore,summer-2021,active
getlago.com,Lago,summer-2021,active
rendalomaq.com,RendaloMaq,summer-2021,active
dailybot.com,Dailybot,summer-2021,active
tablevibe.co,Tablevibe,summer-2021,acquired
joinforage.com,Forage,summer-2021,active
lnkd.in,Zen,summer-2021,active
tavus.io,Tavus,summer-2021,active
konta.com,Konta.com,summer-2021,active
ivy.homes,Ivy Homes,summer-2021,active
britebenefits.com,Brite,summer-2021,active
safebeat.com,SafeBeat,summer-2021,active
trii.co,trii,summer-2021,active
fitia.app,Fitia,summer-2021,active
awesomic.com,Awesomic,summer-2021,active
maroo.us,Maroo,summer-2021,acquired
gethypertrader.com,HyperTrader,summer-2021,active
verihubs.com,Verihubs,summer-2021,active
kodexglobal.com,Kodex,summer-2021,active
pirouettepharma.com,Pirouette Pharma,summer-2021,active
shoplocale.com,Locale,summer-2021,active
secoda.co,Secoda,summer-2021,active
usekaya.com,Kaya,summer-2021,active
investwithaqua.com,Aqua,summer-2021,active
tarsal.co,Tarsal,summer-2021,acquired
hilos.io,Hilos,summer-2021,acquired
salarybox.in,SalaryBox,summer-2021,active
rinse.dental,Rinse,summer-2021,active
redbean.ai,Redbean,summer-2021,active
sentiyen.com,Sentiyen,summer-2021,active
jovian.com,Jovian,summer-2021,active
hyperbrowser.ai,Hyperbrowser,summer-2021,active
keyri.com,Keyri,summer-2021,acquired
algoviral.com,AlgoViral,summer-2021,active
onebrief.com,Onebrief,summer-2021,active
laudable.com,Laudable,summer-2021,acquired
repool.com,Repool,summer-2021,active
trybree.com,Bree,summer-2021,active
monto.mx,Monto,summer-2021,active
breadcrumbs.io,Breadcrumbs.io,summer-2021,acquired
pideaky.com,Pideaky,summer-2021,active
govly.com,Govly,summer-2021,active
pluggy.ai,Pluggy,summer-2021,active
okani.care,Okani,summer-2021,active
aitechpacks.com,AI Tech Packs,summer-2021,active
enerjazz.tech,Enerjazz,summer-2021,active
warpfy.com,Warpfy,summer-2021,active
planet-a-foods.com,Planet A Foods,summer-2021,active
glitzi.com.mx,Glitzi,summer-2021,active
testrigor.com,testRigor,summer-2021,active
monet.com.co,Monet,summer-2021,active
ensoanalytics.com,Enso,summer-2021,active
tiriel.ai,Tiriel AI,summer-2021,active
cloudanix.com,Cloudanix,summer-2021,active
burodeingresos.com,Buró de Ingresos,summer-2021,active
sigmaos.com,SigmaOS,summer-2021,active
digibuild.com,DigiBuild,summer-2021,active
flu.ke,fluke,summer-2021,active
cero.ai,Cero,summer-2021,active
inai.io,inai,summer-2021,acquired
matidor.com,Matidor.com,summer-2021,active
warpbuild.com,WarpBuild,summer-2021,active
geostar.ai,Geostar,summer-2021,active
mindfi.co,MindFi,summer-2021,active
trusspayments.com,Truss,summer-2021,active
cloudthread.io,Cloudthread,summer-2021,acquired
arrowcheckout.com,Arrow,summer-2021,active
niraenergy.com,Nira Energy,winter-2022,active
intellect.co,Intellect,summer-2021,active
cartpanda.com,Cartpanda,summer-2021,active
lootrush.com,LootRush,summer-2021,active
scispot.io,Scispot,summer-2021,active
yemaachi.com,Yemaachi Biotechnology,summer-2021,active
trymable.com,Mable,summer-2021,acquired
momomedical.com,Momo Medical,summer-2021,active
lemfi.com,LemFi,summer-2021,active
infiuss.com,Infiuss Health,summer-2021,active
coinrule.com,Coinrule,summer-2021,active
mergent.co,Mergent,summer-2021,active
formance.com,Formance,summer-2021,active
sequinai.com,Sequin,summer-2021,active
mallocprivacy.com,Malloc Inc,summer-2021,active
whalesync.com,Whalesync,summer-2021,active
shipblu.com,ShipBlu,summer-2021,active
getdot.ai,GetDot,summer-2021,active
coloop.ai,CoLoop,summer-2021,active
miniloop.ai,Miniloop,summer-2021,active
arengu.com,Arengu,summer-2021,acquired
oneschema.co,OneSchema,summer-2021,active
shimmer.care,Shimmer,summer-2021,active
stardex.com,Stardex,summer-2021,active
encuadrado.com,Encuadrado,summer-2021,active
zoios.io,Zoios.,summer-2021,active
alephee.com,Aleph Solutions (Alephee),summer-2021,active
kaipodlearning.com,KaiPod Learning,summer-2021,active
getaleph.com,Aleph,summer-2021,active
vincoed.com,Vinco,summer-2021,active
getinflow.io,Inflow,summer-2021,acquired
protex.ai,Protex AI,summer-2021,active
digistain.co.uk,Digistain,summer-2021,active
freterium.com,Freterium,summer-2021,active
astekdx.com,Astek Diagnostics,summer-2021,active
lapzo.com,lapzo,summer-2021,active
makaniscience.net,Makani Science,summer-2021,active
harmonicdiscovery.com,Harmonic Discovery,summer-2021,active
flowly.world,Flowly,summer-2021,active
zensors.com,Zensors,summer-2021,active
portao3.com.br,Portão 3,summer-2021,active
payhippo.africa,Payhippo,summer-2021,active
whaly.io,Whaly,summer-2021,active
evidentlyai.com,Evidently AI,summer-2021,active
cumbuca.com,Cumbuca,summer-2021,active
heycharge.com,HeyCharge,summer-2021,active
asim.sh,aSim,summer-2021,active
endla.com,Endla,summer-2021,active
adaptyvbio.com,Adaptyv,summer-2021,active
sparkstudio.co,Spark Studio,summer-2021,active
warrant.dev,Warrant,summer-2021,acquired
meticulous.ai,Meticulous,summer-2021,active
getmentum.com,Mentum,summer-2021,acquired
sirka.io,Sirka,summer-2021,active
akutehealth.com,Akute Health,summer-2021,active
writesonic.com,Writesonic,summer-2021,active
matrubials.com,Matrubials,summer-2021,active
breakaway.app,The Breakaway,summer-2021,active
float.xyz,Float,summer-2021,active
transastra.com,TransAstra Corporation,summer-2021,active
trycoast.com,Coast,summer-2021,active
hitpayapp.com,HitPay,summer-2021,active
floatpays.com,Floatpays Inc,summer-2021,active
bolsterbuilt.com,Bolster,summer-2021,active
onfolk.com,Onfolk,summer-2021,acquired
ancanaliving.com,Ancana,summer-2021,active
examedi.cl,Examedi,summer-2021,active
mach9.ai,Mach9,summer-2021,active
rmfg.com,RMFG,summer-2021,active
usedots.com,Dots 💸,summer-2021,active
litnerd.com,Litnerd,summer-2021,active
noloco.io,Noloco,summer-2021,active
chari.com,Chari,summer-2021,active
tenyks.ai,Tenyks,summer-2021,active
withpillar.com,Pillar,summer-2021,active
adni.co,Adni,summer-2021,active
infina.vn,Infina,summer-2021,active
telm.ai,Telmai,summer-2021,active
genomelink.io,Genomelink,summer-2021,active
gogenuity.com,Genuity,summer-2021,active
nomod.com,Nomod,summer-2021,active
hudson-labs.com,Hudson Labs (formerly Bedrock AI),summer-2021,active
aercompliance.com,Aer,summer-2021,acquired
buoyant.aero,Buoyant Aero,summer-2021,active
waterplan.com,Waterplan,summer-2021,active
siglo.com,Siglo,summer-2021,active
getfilta.com,Filta,summer-2021,active
ferveret.com,Ferveret,summer-2021,active
femaleinvest.com,Female Invest,summer-2021,active
humanegenomics.com,Humane Genomics,summer-2021,active
getzuma.com,Zuma,summer-2021,active
telivy.com,Telivy,summer-2021,acquired
pylonump.com,Pylon,summer-2021,active
infer.so,Infer,summer-2021,active
vibekanban.com,Vibe Kanban,summer-2021,active
cairehealth.com,Caire Health,summer-2021,active
mejorcdt.com,Luable,summer-2021,active
nasdisc.com,Nasdisc,summer-2021,acquired
fodzyme.com,Kiwi Biosciences,summer-2021,active
filadd.com,Filadd,summer-2021,active
stownest.com,Stownest,summer-2021,active
tuli.health,Tuli Health,summer-2021,active
malga.io,Malga,summer-2021,active
kapacity.io,Kapacity.io,summer-2021,acquired
novatr.com,Novatr,summer-2021,active
baubap.com,Baubap,summer-2021,active
shape.xyz,Shape,summer-2021,active
idemeum.com,idemeum,summer-2021,active
pandai.org,Pandai,summer-2021,active
abhi.com.pk,Abhi,summer-2021,active
suplias.com,Suplias,summer-2021,active
orderli.com,Orderli,summer-2021,active
bytekitchen.io,Byte Kitchen,summer-2021,acquired
sensible.bio,Sensible Biotechnologies,summer-2021,active
strideq.com,StrideQ,summer-2021,active
storylane.io,Storylane,summer-2021,active
contraforce.com,ContraForce,summer-2021,active
abatable.com,Abatable,summer-2021,active
outputbio.com,Output Biosciences,summer-2021,active
cellchorus.com,CellChorus,summer-2021,active
atlas.kitchen,Atlas,summer-2021,active
plai.io,Plai,summer-2021,active
hirebolt.com,Hirebolt,summer-2021,active
phykos.co,Phykos,summer-2021,active
therify.co,Therify,summer-2021,active
crew.work,Crew,summer-2021,active
sfatherapeutics.com,SFA Therapeutics,summer-2021,active
getbirdie.io,Birdie,summer-2021,active
bytebot.ai,Bytebot,summer-2021,acquired
adra.ai,Adravision,summer-2021,active
medium.bio,Medium Biosciences,summer-2021,active
pactima.com,Pactima,summer-2021,acquired
luminatemed.com,Luminate,summer-2021,active
evidence.dev,Evidence,summer-2021,active
sitenna.com,Sitenna,summer-2021,active
gamerpay.gg,GamerPay,summer-2021,acquired
vedabio.com,VedaBio,summer-2021,active
aviator.co,Aviator,summer-2021,active
firstignite.com,FirstIgnite,summer-2021,acquired
veranohealth.org,Verano Health,summer-2021,acquired
datlo.com,Datlo,summer-2021,active
at.cafe,Café,summer-2021,active
synder.com,Synder,summer-2021,active
stepful.com,Stepful,summer-2021,active
turionspace.com,Turion Space,summer-2021,active
satsuma.xyz,Satsuma,summer-2021,acquired
heo-robotics.com,HEO Robotics,summer-2021,active
titipku.com,Titipku,summer-2021,active
ahazou.com,Ahazou,summer-2021,active
chargerobotics.com,Charge Robotics,summer-2021,active
payflow.es,Payflow,summer-2021,active
equipthealth.com,Equipt Health,summer-2021,active
usenash.com,Nash,summer-2021,active
lightly.ai,Lightly,summer-2021,active
pidedirecto.mx,Pide Directo,summer-2021,active
amenli.com,Amenli,summer-2021,active
chipax.com,Chipax,summer-2021,active
safermgmt.com,Safer Management,summer-2021,active
exa.ai,Exa,summer-2021,active
trytoku.com,Toku,summer-2021,active
beau.to,Beau,summer-2021,active
sully.ai,Sully,summer-2021,active
mechoautotech.com,Mecho Autotech,summer-2021,active
livlabsfitness.com,Liv Labs,summer-2021,active
revolvesurgical.com,Revolve Surgical,summer-2021,active
gojabu.com,JABU,summer-2021,active
careerist.cc,Careerist,summer-2021,active
andiai.com,Andi,winter-2022,active
emergecareer.com,Emerge Career,summer-2022,active
wyvern.space,Wyvern,winter-2022,active
optery.com,Optery,winter-2022,active
attack.capital,Attack Capital,winter-2022,active
apollofirst.xyz,Apollo,winter-2022,active
spotdx.com,Spot Health,winter-2022,active
joinarc.com,Arc,winter-2022,acquired
elevatepay.co,Elevate (formerly Bloom),winter-2022,active
stafbook.com,StafBook,winter-2022,active
keylika.com,Keylika,summer-2022,active
medervahealth.com,Mederva,winter-2022,active
comprarapida.co,Compra Rápida,winter-2022,active
growthbook.io,GrowthBook,winter-2022,active
silkchart.com,SilkChart,summer-2022,active
astroforge.io,AstroForge,winter-2022,active
tigereye.com,TigerEye,summer-2022,acquired
joinalfie.com,Alfie,winter-2022,acquired
redbird.io,Redbird,winter-2022,active
useagave.com,Agave,winter-2022,active
remedial.health,Remedial Health,winter-2022,active
strac.io,Strac,winter-2022,active
moots.ai,Moots,winter-2022,active
scouthealth.com,Scout,winter-2022,active
tybrhealth.com,TYBR Health,winter-2022,active
lifeat.com,LifeAt,winter-2022,active
boardcave.com,Boardcave,winter-2022,active
syronahealth.com,Syrona Health,winter-2022,active
kapital.mx,Kapital Bank,winter-2022,active
railbirdexchange.com,Railbird,winter-2022,acquired
capuchin.ai,Capuchin,winter-2022,active
sievedata.com,Sieve,winter-2022,active
selia.co,Selia,winter-2022,active
policyfly.com,PolicyFly,winter-2022,active
lumibot.com,Lumina,winter-2022,active
ravion.com,Ravion,winter-2022,active
hubble.com,Hubble Network,winter-2022,active
trellus.ai,Trellus,winter-2022,active
rebill.com,Rebill,winter-2022,active
gotrebol.com,Trébol,winter-2022,active
peakflo.co,Peakflo,winter-2022,active
wereno.com,WeReno,winter-2022,active
samos.insure,Samos Insurance,winter-2022,active
rosebudbiosciences.com,Rosebud Biosciences,winter-2022,active
vantedgeai.com,VantedgeAI,winter-2022,active
starlingmedical.com,Starling,winter-2022,active
tumomento.com,Momento,winter-2022,active
promptloop.com,PromptLoop,winter-2022,active
actipulseneuroscience.com,Actipulse Neuroscience,winter-2022,active
engagebio.com,Engage Bio,winter-2022,acquired
craniometrix.com,Craniometrix,winter-2022,active
shinkei.systems,Shinkei Systems,winter-2022,active
hellocozmo.ai,Cozmo AI,winter-2022,active
sota2.com,Sota2,winter-2022,active
loops.so,Loops,winter-2022,active
wagetap.com,Wagetap,winter-2022,active
onorca.dev,Stably AI (Orca),winter-2022,active
properfinance.io,Proper,winter-2022,acquired
itsjack.com,Transfez,winter-2022,active
perlstreet.com,Perl Street,winter-2022,active
seiright.com,Sei AI,winter-2022,active
unrealmilk.com,Brown Foods,winter-2022,active
nestgenomics.com,Nest Genomics,winter-2022,active
axross.co,Axross Pte Ltd,winter-2022,active
sarus.tech,Sarus,winter-2022,acquired
withblaze.app,Blaze,winter-2022,active
spinach.ai,Spinach AI,winter-2022,active
nyckel.com,Nyckel,winter-2022,active
yezza.com,Yezza,winter-2022,active
fleetzero.com,Fleetzero,winter-2022,active
gymclass.com,Gym Class,winter-2022,active
teamout.com,TeamOut,winter-2022,active
inferedge.com,InferEdge,winter-2022,active
sekilo.com,Sekilo,winter-2022,active
livehomeroom.com,HomeRoom,winter-2022,acquired
seabound.co,Seabound,winter-2022,active
dynamo.ai,Dynamo AI,winter-2022,active
invertbio.com,Invert,winter-2022,active
industrialnext.ai,Industrial Next,winter-2022,active
onyxprivate.com,Onyx Private,winter-2022,acquired
rownd.ai,Rownd,winter-2022,active
aspora.com,Aspora,winter-2022,active
teachwithkoala.com,Koala,winter-2022,active
cutr.ai,CUTR,winter-2022,active
kaso.ai,Kaso,winter-2022,active
jumpwire.io,JumpWire,winter-2022,acquired
touchandpay.me,Touch and Pay Technologies Limited,winter-2022,active
heyfood.africa,Heyfood,winter-2022,active
vendoo.co,Vendoo,winter-2022,active
myria.us,Myria,winter-2022,active
hypahub.com,HypaHub,winter-2022,acquired
alixia.com,Alixia,winter-2022,active
corveusmedical.com,Corveus Medical,winter-2022,active
instant.ca,Instant Labs,winter-2022,active
miggos.com,Miggos,winter-2022,active
orca.fyi,Orca,winter-2022,active
shuttlecentral.com,Shuttle Central,winter-2022,active
atlas.so,Atlas,winter-2022,active
dioptra.ai,Dioptra,winter-2022,acquired
upswell.ai,Bobidi,winter-2022,active
hyperbeam.com,Hyperbeam,winter-2022,active
getironleap.io,Iron Leap,winter-2022,active
ankr.us,Ankr Health,winter-2022,active
upbanx.com,UpBanx,winter-2022,active
mysivi.ai,MySivi,winter-2022,active
fieldproxy.com,Fieldproxy,winter-2022,active
happl.com,Happl,winter-2022,active
unlayer.com,Unlayer,winter-2022,active
pyrls.com,Pyrls,winter-2022,active
complif.com,Complif,winter-2022,active
munily.com,Munily,winter-2022,active
getlenk.com,Lenk,winter-2022,active
haddock.app,haddock,winter-2022,active
fintelite.ai,Fintelite,winter-2022,active
cerebrium.ai,Cerebrium,winter-2022,active
lexter.ai,Lexter.ai,winter-2022,active
joinoto.com,Oto,winter-2022,active
rehook.ai,Rehook.ai,winter-2022,active
versableai.com,Versable,winter-2022,active
elementary-data.com,Elementary,winter-2022,active
agentnoon.com,Agentnoon,winter-2022,active
firezone.dev,Firezone,winter-2022,active
phasebiolabs.com,Phase Biolabs,winter-2022,active
lightmeter.io,Lightmeter,winter-2022,active
mosaicvoice.ai,MosaicVoice,winter-2022,active
creizer.com,Creizer,winter-2022,active
stockunlock.com,Stock Unlock,winter-2022,active
lancedb.com,LanceDB,winter-2022,active
omoi.com,Omoi (formerly Azuki),winter-2022,active
rdash.io,RDash,winter-2022,active
getzorba.com,Zorba,winter-2022,active
beam.cloud,Beam,winter-2022,active
sophyshealth.com,Sophys,winter-2022,active
bunkyr.com,Bunkyr,winter-2022,active
snaptrade.com,SnapTrade,winter-2022,active
armilla.ai,Armilla AI,winter-2022,active
soon.app,Soon,winter-2022,active
dartai.com,Dart,winter-2022,active
palitronica.com,Palitronica Inc,winter-2022,active
emobi.ai,Emobi,winter-2022,active
cardda.com,Cardda,winter-2022,active
nationalfinanceolympiad.com,National Finance Olympiad,winter-2022,active
bakool.id,Bakool,winter-2022,active
reforgedlabs.com,Reforged Labs,winter-2022,active
ranla.ai,Ranla,winter-2022,active
hokali.com,HOKALI,winter-2022,active
axis.xyz,Axis,winter-2022,active
flagright.com,Flagright,winter-2022,active
redbrickai.com,RedBrick AI,winter-2022,active
gauss.money,Gauss,winter-2022,active
t3.chat,T3 Chat,winter-2022,active
bharatx.tech,BharatX,winter-2022,acquired
stackshine.com,Stackshine,winter-2022,acquired
speechly.com,Speechly,winter-2022,acquired
getsphere.com,Sphere,winter-2022,active
magna.so,Magna,winter-2022,acquired
iomete.com,IOMETE,winter-2022,active
tryskylink.com,SkyLink,winter-2022,acquired
mintlify.com,Mintlify,winter-2022,active
refinetrain.ai,RefineTrain AI,winter-2022,active
permitflow.com,PermitFlow,winter-2022,active
stairsfinancial.com,Stairs Financial,winter-2022,active
nearwave.co,NearWave,winter-2022,active
salt.pe,SALT,winter-2022,active
imt.care,IMT Care,winter-2022,active
anfin.vn,Anfin,winter-2022,active
siftly.ai,Siftly,winter-2022,active
complete.so,Complete,winter-2022,active
plumter.com,Plumter,winter-2022,active
tuvahealth.com,Tuva Health,winter-2022,active
paycaddy.com,PayCaddy,winter-2022,active
digitech.la,digi,winter-2022,active
velt.dev,Velt,winter-2022,active
wibond.co,Wibond,winter-2022,active
myeazipay.com,Eazipay Inc.,winter-2022,active
markaz.app,Markaz Technologies,winter-2022,active
cogram.com,Cogram,winter-2022,active
enlightra.com,Enlightra,winter-2022,active
tokotutor.com,Toko,winter-2022,active
poshenergy.com,Posh,winter-2022,active
sero.so,Sero,winter-2022,active
cotera.co,Cotera,winter-2022,active
spadeworks.co,SpadeWorks,winter-2022,active
hellolunajoy.com,LunaJoy Health,winter-2022,active
finflx.com,FinFlx,winter-2022,active
curacel.co,Curacel,winter-2022,active
boyahq.com,Boya,winter-2022,active
kaagaz.app,Kaagaz,winter-2022,active
requestly.com,Requestly,winter-2022,acquired
voize.de,voize,winter-2022,active
tolahq.com,Tola,winter-2022,acquired
paycrunch.in,PayCrunch,winter-2022,active
pluto.markets,Pluto.markets,winter-2022,active
getagency.com,Agency,winter-2022,active
prembly.com,Prembly (formerly Identitypass),winter-2022,active
alga.bio,Alga Biosciences,winter-2022,active
elphinstone.com.pk,Elphinstone  Inc.,winter-2022,active
grey.co,Grey,winter-2022,active
strongcompute.com,Strong Compute,winter-2022,active
subscriptionflow.com,SubscriptionFlow,winter-2022,active
dojah.io,Dojah Inc,winter-2022,active
glep.com,Glep,winter-2022,active
getconvoy.io,Convoy,winter-2022,active
tendo.app,Tendo,winter-2022,active
getfuell.com,Fuell,winter-2022,acquired
getlovage.com,Lovage,winter-2022,active
argo.la,Argo,winter-2022,active
myvendy.com,Vendy,winter-2022,active
meetbenson.com,Benson,winter-2022,active
blitzllama.com,Blitzllama,winter-2022,acquired
sprites.ai,Sprites,winter-2022,active
smarthelio.com,SmartHelio,winter-2022,active
arintra.com,Arintra,winter-2022,active
hydra.so,Hydra,winter-2022,acquired
trackingplan.com,Trackingplan,winter-2022,active
goodfin.com,goodfin,winter-2022,active
durioo.com,Durioo,winter-2022,active
simplifyd.com,Simplifyd Systems,winter-2022,active
airworkhq.com,Airwork,winter-2022,active
cashflowportal.com,Cash Flow Portal,winter-2022,active
userank.com,Rank (formerly Moni),winter-2022,active
getnashglobal.com,Nash,winter-2022,active
cinder.ai,Cinder,winter-2022,active
getpartna.com,Partna,winter-2022,active
botcity.dev,BotCity,winter-2022,active
take.app,Take App,winter-2022,active
nullstone.io,Nullstone,winter-2022,active
carboncrusher.io,Carbon Crusher,winter-2022,active
courtyard.io,Courtyard.io,winter-2022,active
dimorder.com,DimOrder,winter-2022,active
savein.money,SaveIN,winter-2022,active
materialdepot.in,Material Depot,winter-2022,active
tryduplo.com,Duplo,winter-2022,active
vimmerse.net,Vimmerse,winter-2022,active
broccoli.com,Broccoli AI,winter-2022,active
rome.ai,Rome,winter-2022,active
joe-app.com,Joe,winter-2022,acquired
bemlo.com,Bemlo,winter-2022,active
talentropy.ai,Talentropy.ai,winter-2022,active
mutable.ai,mutable.ai,winter-2022,acquired
kular.ai,Kular,winter-2022,active
theneo.io,Theneo,winter-2022,active
torpedotherapeutics.com,Torpedo Therapeutics,winter-2022,active
andsonbiotech.com,Andson Biotech,winter-2022,active
ponyrun.ai,Ponyrun,winter-2022,active
toproad.ai,Top Road,winter-2022,active
brainboard.co,Brainboard,winter-2022,active
numida.com,Numida,winter-2022,active
pina.id,PINA,winter-2022,active
usebracket.com,Bracket,winter-2022,acquired
joonhealth.co,Joon Health,winter-2022,active
cypherhq.io,Cypher,winter-2022,acquired
trueplace.ca,Trueplace,winter-2022,active
iotflows.com,IoTFlows Inc,winter-2022,active
in-unison.com,UNISON,winter-2022,active
venue.ink,Venue.ink,winter-2022,active
hoai.com,HOAi,winter-2022,acquired
betteropinions.in,Better Opinions,winter-2022,active
joinattain.com,Attain,winter-2022,active
quanwellbeing.com,Quan,winter-2022,acquired
snabfinance.com,SNAB,winter-2022,active
amalinvest.com,Amal Invest,winter-2022,active
topship.africa,Topship,winter-2022,active
argument.xyz,Argument Computer Corporation,winter-2022,active
propelauth.com,PropelAuth,winter-2022,active
fogbender.com,Fogbender,winter-2022,active
spade.com,Spade,winter-2022,active
jamsocket.com,Jamsocket,winter-2022,acquired
decent.xyz,Decent,winter-2022,acquired
soteriskin.com,SOTERI SKIN,winter-2022,active
statusai.com,Status,winter-2022,active
unsaddl.com,Unsaddl,winter-2022,acquired
quikpago.com,QUIK,winter-2022,active
clupp.com.mx,Clupp,winter-2022,active
vobi.com.br,Vobi,winter-2022,active
withrider.com,Rider,winter-2022,acquired
shaped.ai,Shaped,winter-2022,active
belozfi.com.mx,BelozFi,winter-2022,active
floathealth.com,Float Health,winter-2022,active
gojom.com,GoJom,winter-2022,active
yhangry.com,yhangry,winter-2022,active
joinfleek.com,Fleek,winter-2022,active
arpari.com,Arpari,winter-2022,active
housewarming.me,Housewarming,winter-2022,active
rallyuxr.com,Rally,winter-2022,active
rthm.com,RTHM,winter-2022,active
unravelcarbon.com,Unravel Carbon,winter-2022,active
blink.new,Blink,winter-2022,active
humand.co,Humand,winter-2022,active
getwantd.com,WANTD,winter-2022,active
glowenergy.com,Glow Energy,winter-2022,acquired
workflow86.com,Workflow86,winter-2022,active
codec.io,Codec,winter-2022,active
mahaana.com,Mahaana Wealth,winter-2022,active
avocademy.com,Avocademy,winter-2022,active
usepostal.com,Postal,winter-2022,active
finku.id,Finku,winter-2022,active
aycfund.com,AYC Fund,winter-2022,active
kokocares.org,Koko,winter-2022,active
anjahealth.com,Anja Health,winter-2022,acquired
revivingmind.com,Reviving Mind,winter-2022,active
heptabase.com,Heptabase,winter-2022,active
kenobi.ai,Kenobi,winter-2022,active
darsel.tech,Darsel,winter-2022,active
theankler.com,The Ankler,winter-2022,active
netmaker.io,Netmaker,winter-2022,active
olympianmotors.com,Olympian Motors,winter-2022,active
gimo.vn,GIMO,winter-2022,active
trynara.com,Nara,winter-2022,acquired
powerhouseai.com,Powerhouse AI,winter-2022,active
nowcircular.com,Circular,winter-2022,active
withtai.com,TAI,winter-2022,acquired
queryvary.com,Query Vary,winter-2022,active
trustyhomes.com,Trusty,winter-2022,active
impossiblemetals.com,Impossible Metals,winter-2022,active
dealls.com,Dealls – Jobs & Mentoring,winter-2022,active
cellbyte.com,Cellbyte,winter-2022,active
gosats.io,GoSats,winter-2022,active
pokoapp.xyz,Poko,winter-2022,active
offbeast.com,Offbeast,winter-2022,active
airmyne.com,AirMyne,winter-2022,active
cinapse.io,Cinapse,winter-2022,active
origamitherapeutics.com,Origami Therapeutics  Inc.,winter-2022,active
govdash.com,GovDash,winter-2022,active
beyond-aero.com,Beyond Aero,winter-2022,active
pina.earth,Pina Earth,winter-2022,acquired
korrai.com,KorrAI,winter-2022,active
revoy.com,Revoy,winter-2022,active
mspilot.io,MSPilot,fall-2025,active
cofactr.com,Cofactr,winter-2022,active
powerdocs.so,Powerdocs,winter-2022,active
beudelivery.com,beU delivery,winter-2022,active
pantorepay.com.br,Pantore Pay,winter-2022,active
hippo.build,HippoBuild,winter-2022,active
karatelabs.io,Karate Labs,winter-2022,active
finnix.id,Finnix,winter-2022,active
daft.ai,Eventual,winter-2022,active
jutsoo.com,Jutsoo,winter-2022,active
onboard.io,Onboard.io,winter-2022,active
freshfactory.id,Fresh Factory,winter-2022,active
remihq.com,Remi,winter-2022,active
credibook.com,CrediBook,winter-2022,active
mono.la,Mono,winter-2022,active
lizza.link,Lizza,winter-2022,active
realitydefender.com,Reality Defender,winter-2022,active
massdriver.cloud,Massdriver,winter-2022,active
mymindbase.ai,Mindbase,winter-2022,active
whitelabgx.com,WhiteLab Genomics,winter-2022,active
bbymilk.com,BBy,winter-2022,active
medplum.com,Medplum,summer-2022,active
simplehash.com,SimpleHash,winter-2022,acquired
eugittx.com,Eugit Therapeutics,summer-2022,active
holapana.com,Pana,summer-2022,active
poly.app,Poly,summer-2022,active
albiware.com,Albiware Inc.,summer-2022,active
uselayerup.com,Layerup,summer-2022,active
clinikally.com,Clinikally,summer-2022,active
cisternabx.com,Cisterna Biologics,summer-2022,active
banabo.io,Banabo,summer-2022,active
wolfia.com,Wolfia,summer-2022,active
instantdb.com,Instant,summer-2022,acquired
hyperdx.io,HyperDX,summer-2022,acquired
chordio.com,Chordio,summer-2022,active
stream.claims,Stream,summer-2022,active
paces.com,Paces,summer-2022,active
buildwithstar.com,Star,summer-2022,active
getelessar.com,Elessar,summer-2022,active
julius.ai,Julius,summer-2022,active
ciro.io,Ciro,summer-2022,active
birchbiosciences.com,Birch Biosciences,summer-2022,active
truva.ai,Truva,summer-2022,acquired
sigmamind.ai,SigmaMind AI,summer-2022,active
versa.org,Versa,summer-2022,active
twodots.com,Two Dots,summer-2022,active
stackup.fi,Stackup,summer-2022,active
givechariot.com,Chariot,summer-2022,active
makeasite.io,Makeasite,summer-2022,active
dittofeed.com,Dittofeed,summer-2022,active
tailor.tech,Tailor,summer-2022,active
devyce.com,Devyce,summer-2022,active
buntinglabs.com,Bunting Labs,summer-2022,active
pasito.ai,Pasito,summer-2022,active
erad.co,erad,summer-2022,active
blitznocode.com,Blitz,summer-2022,active
cerrion.com,Cerrion,summer-2022,active
alterya.dev,Alterya,summer-2022,acquired
truebiz.io,TrueBiz,summer-2022,active
impractical.ai,Impractical,summer-2022,active
coupl.money,Coupl,summer-2022,active
codexa.com.br,CODEXA,summer-2022,active
moneco.app,Moneco,summer-2022,active
trychamp.co,Champ,summer-2022,active
roxels.ai,Roxels,summer-2022,active
serinus.bio,Serinus Biosciences,summer-2022,active
drtreat.com,Dr. Treat,summer-2022,active
arraylabs.io,Array Labs,summer-2022,active
fetii.com,Fetii,summer-2022,active
craze.ai,Craze,summer-2022,active
usebluehill.com,BlueHill Payments,summer-2022,active
paragon.ai,Paragon AI,summer-2022,active
boostly.com,Boostly,summer-2022,active
ethosx.finance,EthosX,summer-2022,active
ballerine.com,Ballerine,summer-2022,active
numind.ai,NuMind,summer-2022,active
signatur.bio,Signatur Biosciences,summer-2022,active
paywithlyra.com,Lyra,summer-2022,active
novig.com,Novig,summer-2022,active
sunlightapi.com,Sunlight,summer-2022,active
midplane.ai,Midplane,summer-2022,active
volticshipping.com,Voltic,summer-2022,active
tranch.com,Tranch,summer-2022,acquired
disclo.com,Disclo,summer-2022,active
thealttex.com,ALT TEX,summer-2022,active
overwatchdata.ai,Overwatch,summer-2022,active
blee.com,Blee,summer-2022,active
codecrafters.io,CodeCrafters,summer-2022,active
cashboard.co,Cashboard,summer-2022,active
startraven.com,Raven,summer-2022,active
seaflight.tech,Seaflight Technologies,summer-2022,active
activepieces.com,Activepieces,summer-2022,active
windmill.dev,Windmill,summer-2022,active
capix.ai,Capix,summer-2022,active
gullak.money,Gullak Money,summer-2022,active
popsy.ai,Popsy,summer-2022,active
rio.trade,Rio,summer-2022,active
juicebox.ai,Juicebox,summer-2022,active
evolyenergy.com,Evoly,summer-2022,active
applydesign.io,Apply Design,summer-2022,active
tankpayments.com,Tank Payments,summer-2022,active
illuminant.ai,Illuminant Surgical,summer-2022,active
maverickx.com,MaverickX,summer-2022,active
heymalama.co,Malama Health,summer-2022,active
tenlives.com,Ten Lives,summer-2022,active
payloadcms.com,Payload,summer-2022,acquired
hype.meme,Hype,summer-2022,active
aragorn.ai,Aragorn AI,summer-2022,active
hypestream.io,Hypestream,summer-2022,active
namecard.ai,Namecard.ai,summer-2022,active
flairlabs.ai,Flair Labs,summer-2022,active
unify.ai,Unify,winter-2023,active
biggerpicture.co,BiggerPicture,summer-2022,active
mistle.dev,Mistle,summer-2022,active
slidely.ai,Slidely AI,summer-2022,active
typewise.app,Typewise,summer-2022,active
newscatcherapi.com,NewsCatcher,summer-2022,active
100x.bot,100x,summer-2022,active
pulppo.com,Pulppo,summer-2022,acquired
provision.com,Provision,summer-2022,active
sytex.io,Sytex,summer-2022,active
getthera.com,Thera,summer-2022,active
shipmates.app,Shipmates,summer-2022,active
neosync.dev,Neosync,summer-2022,acquired
peoplebox.ai,Peoplebox.ai,summer-2022,active
airhartaero.com,Airhart Aeronautics,summer-2022,active
bitstack-app.com,Bitstack,summer-2022,active
coris.ai,Coris,summer-2022,active
hedgehogfoods.com,Hedgehog,summer-2022,active
alphawatch.ai,Alphawatch AI,winter-2023,active
anythingllm.com,AnythingLLM,summer-2022,active
latentspace.sh,Latent Space,summer-2022,active
helloaviary.ai,AviaryAI,summer-2022,active
diversion.dev,Diversion,summer-2022,active
pluralith.com,Pluralith,summer-2022,active
flycode.com,FlyCode,summer-2022,active
mayalabs.io,Maya Labs,summer-2022,active
chowdeck.com,Chowdeck,summer-2022,active
getrima.ai,Rima AI (formerly Garage),summer-2022,active
quinnbio.com,Quinn,summer-2022,active
aurelian.com,Aurelian,summer-2022,active
metriport.com,Metriport,summer-2022,active
usefini.com,Fini,summer-2022,active
cobbery.com,Cobbery,summer-2022,active
featherhq.com,Feather,summer-2022,active
search-artemis.com,Artemis Search,summer-2022,active
atlaswork.ai,Atlas,summer-2022,active
getplutto.com,Plutto,summer-2022,active
getanchor.co,Anchor,summer-2022,active
kombo.dev,Kombo,summer-2022,active
unthread.io,Unthread,summer-2022,active
quindar.space,Quindar,summer-2022,active
ekho.com,Ekho,summer-2022,active
ruffnauts.com,Vinci Games,summer-2022,active
wandsolar.com,Wand Solar,summer-2022,active
aiprise.com,AiPrise,summer-2022,active
compup.io,CompUp,summer-2022,active
lamin.ai,Lamin,summer-2022,active
nsave.com,nsave,summer-2022,active
joinrelay.app,Relay Health,summer-2022,active
relate.so,Relate,summer-2022,active
ad.army,Ad Army,summer-2022,active
sanifu.ai,Sanifu,summer-2022,active
thehomli.com,HOMLI,summer-2022,active
kemnet.ca,KemNet,summer-2022,active
primevault.com,PrimeVault,summer-2022,active
botonapp.com,Boton,summer-2022,active
avina.io,Avina,summer-2022,active
invofox.com,Invofox,summer-2022,active
sunpia.io,Sunpia,summer-2022,active
getfoodcourt.com,FoodCourt,summer-2022,active
getsolum.com,Solum Health,summer-2022,active
firecrawl.dev,Firecrawl,summer-2022,active
uplinkapp.io,UpLink,summer-2022,acquired
superbar.ai,Superbar,summer-2022,active
uselevers.com,Levers,summer-2022,active
drahim.sa,Drahim 💰,summer-2022,active
kravemart.com,Krave Mart,summer-2022,active
oneleet.com,Oneleet,summer-2022,active
autone.io,autone,summer-2022,active
entvin.com,Entvin,summer-2022,active
wondercraft.ai,Wondercraft,summer-2022,active
blockscope.co,Blockscope,summer-2022,active
relevium-medical.com,Relevium Medical,summer-2022,active
useclearline.com,Clearline,summer-2022,active
jamble.com,Jamble,summer-2022,active
monterey.ai,Monterey AI,summer-2022,acquired
expressbuilding.ph,Express Building,summer-2022,active
slingshotml.com,Slingshot,summer-2022,acquired
movinglake.com,MovingLake,summer-2022,active
pump.co,Pump.co,summer-2022,active
jointaro.com,Taro,summer-2022,acquired
knowtex.ai,Knowtex,summer-2022,active
sculptcosting.com,Sculpt,summer-2022,active
algotest.in,AlgoTest,summer-2022,active
itsrever.com,REVER,summer-2022,active
vizzly.co,Vizzly,summer-2022,acquired
velontra.com,Velontra,summer-2022,active
kashin.app,Kashin,summer-2022,active
delfino.ai,Delfino AI,summer-2022,active
flatx.co,FlatX,summer-2022,active
kamion.co,Kamion,summer-2022,active
invisionmedtech.com,InVision Medical Technology,summer-2022,active
cambio.ai,Cambio,summer-2022,active
aldara.com,Aldara,summer-2022,active
axle.insure,Axle,summer-2022,active
landeed.com,Landeed,summer-2022,active
getcone.io,Cone,summer-2022,active
withchima.com,Chima,winter-2023,active
intunedhq.com,Intuned,summer-2022,active
accessowl.io,AccessOwl,summer-2022,active
coveragecat.com,Coverage Cat,summer-2022,active
integrated-reasoning.com,Integrated Reasoning,summer-2022,active
guardian-bio.com,Guardian Bio,summer-2022,active
letsping.com,Ping,summer-2022,active
materee.id,Materee,summer-2022,active
morf.health,Morf Health,summer-2022,active
polymathrobotics.com,Polymath Robotics,summer-2022,active
gosameday.com,Sameday,winter-2023,active
zudo.work,zudo.work,winter-2023,active
rubbrband.com,Rubbrband,winter-2023,active
avoca.ai,Avoca,winter-2023,active
infisical.com,Infisical,winter-2023,active
middleware.io,Middleware,winter-2023,active
stackai.com,StackAI,winter-2023,acquired
designbase.com,Designbase,winter-2023,active
uselaminate.com,Laminate,winter-2023,active
getfinn.us,Finn,winter-2023,active
miracleml.com,Miracle,winter-2023,active
reflex.dev,Reflex,winter-2023,active
onetext.com,OneText,winter-2023,active
linum.ai,Linum,winter-2023,active
cardinalapp.io,Cardinal,winter-2023,acquired
matano.dev,Matano,winter-2023,active
traceloop.com,Traceloop,winter-2023,acquired
trigger.dev,Trigger.dev,winter-2023,active
versori.com,Versori,winter-2023,acquired
syncly.app,Syncly,winter-2023,active
drdroid.io,DrDroid,winter-2023,active
credal.ai,Credal.ai,winter-2023,active
magicpatterns.com,Magic Patterns,winter-2023,active
rollstack.com,Rollstack,winter-2023,active
depot.dev,Depot,winter-2023,active
pigeondocuments.com,Pigeon,winter-2023,active
novel.care,Novelcare,winter-2023,active
lume.ai,Lume,winter-2023,acquired
viddyapp.io,Viddy,winter-2023,acquired
concourse.ai,Concourse,winter-2023,active
latenthealth.com,Latent,winter-2023,active
backdropagent.com,Backdrop,winter-2023,active
insurestack.ai,Mulligan,winter-2023,acquired
dashdive.com,Dashdive,winter-2023,acquired
flexdesk.com,FlexDesk,winter-2023,active
trackstarhq.com,Trackstar,winter-2023,active
hammr.com,Hammr,winter-2023,active
brewit.ai,Brewit,winter-2023,acquired
palomma.com,Palomma,winter-2023,active
nango.dev,Nango,winter-2023,active
numeral.com,Numeral,winter-2023,active
mercoa.com,Mercoa,winter-2023,active
pairai.com,Pair AI,winter-2023,active
ohm.ai,Ohm,winter-2023,active
double.bot,Double – Coding Copilot,winter-2023,active
glass.health,Glass Health,winter-2023,active
getversive.com,Versive,winter-2023,active
pledge.health,Pledge Health,winter-2023,active
spendruby.com,Ruby Card,winter-2023,active
zerodev.app,ZeroDev,winter-2023,active
trysalient.com,Salient,winter-2023,active
edgebit.io,EdgeBit,winter-2023,acquired
tennr.com,Tennr,winter-2023,active
dataglade.com,Dataglade,winter-2023,active
omnistrate.com,Omnistrate,winter-2023,active
trynarrative.com,Narrative,winter-2023,active
of.one,OfOne,winter-2023,acquired
loopfour.com,loopfour,winter-2023,active
flexwash.com,FlexWash,winter-2023,active
infra.new,infra.new,winter-2023,active
poplarml.com,PoplarML,winter-2023,active
goveagle.com,GovEagle,winter-2023,active
coperniq.io,Coperniq,winter-2023,active
vooma.ai,Vooma,winter-2023,active
scanbase.com,Scanbase,winter-2023,active
trigodata.com,Trigo,winter-2023,acquired
bluebirds.ai,Bluebirds,winter-2023,acquired
linkgrep.com,LinkGrep,winter-2023,active
pirros.com,Pirros,winter-2023,active
flower.ai,Flower,winter-2023,active
cosine.sh,Cosine,winter-2023,active
alloy.app,Alloy,winter-2023,active
bujeti.com,Bujeti,winter-2023,active
trychart.com,Chart,winter-2023,active
gooseworks.ai,Gooseworks,winter-2023,active
cloudchipr.com,Cloudchipr,winter-2023,active
polotab.com,PoloTab,winter-2023,active
repacket.com,Repacket,winter-2023,active
frigade.com,Frigade,winter-2023,active
getcobblestone.com,Cobblestone,winter-2023,acquired
suger.io,Suger,winter-2023,active
usehaven.ai,Haven,winter-2023,active
trycoil.com,coil inc.,winter-2023,active
kivohealth.com,Kivo Health,winter-2023,active
nocap.so,No Cap,winter-2023,acquired
dream3d.com,Dream3D,winter-2023,active
thebluedot.co,Bluedot,winter-2023,active
truthsuite.com,DataSuite,winter-2023,active
outerbase.com,Outerbase,winter-2023,acquired
co.dev,co.dev,winter-2023,active
langfuse.com,Langfuse,winter-2023,acquired
extend.ai,Extend,winter-2023,active
floworks.ai,Floworks,winter-2023,active
relace.ai,Relace,winter-2023,active
aqueduct.sh,Aqueduct,winter-2023,active
propexo.com,Propexo,winter-2023,active
openmeter.io,OpenMeter,winter-2023,acquired
ruuf.cl,RUUF,winter-2023,active
plutis.io,Plutis,winter-2023,active
inkeep.com,Inkeep,winter-2023,active
tryvelos.com,Velos,winter-2023,active
ezdubs.ai,EzDubs,winter-2023,acquired
wildmoose.ai,Wild Moose,winter-2023,active
shortloop.dev,ShortLoop,winter-2023,active
buildjet.com,BuildJet,winter-2023,active
booth.ai,Booth AI,winter-2023,acquired
trytruewind.com,Truewind,winter-2023,active
tableflow.com,TableFlow,winter-2023,active
overlord.app,Overlord,winter-2023,active
orchid.health,Orchid,winter-2023,active
teclada.com,Teclada,winter-2023,active
1stcollab.com,1stCollab,winter-2023,active
storyboarder.com,Storyboarder,winter-2023,active
icepanel.io,IcePanel,winter-2023,active
helicone.ai,Helicone,winter-2023,acquired
ariglad.com,Ariglad,winter-2023,active
222.place,222,winter-2023,active
variance.com,Variance,winter-2023,active
fintool.com,Fintool,winter-2023,acquired
portalform.com,Portalform,winter-2023,active
compliantllm.com,compliant-llm,winter-2023,active
clickpe.ai,ClickPe,winter-2023,active
boundaryml.com,Boundary,winter-2023,active
factiq.com,FactIQ,winter-2023,active
sage-ai.dev,Sage AI,winter-2023,active
hadrius.com,Hadrius,winter-2023,active
fairwayhealth.co,Fairway Health,winter-2023,acquired
fluidinvesting.com,Fluid Markets,winter-2023,active
shortbread.ai,Shortbread,winter-2023,active
onshore.com,Onshore,winter-2023,active
sherloqdata.io,Sherloq,winter-2023,active
honeydew.ai,Honeydew,winter-2023,active
finic.ai,Finic,winter-2023,active
koywe.com,Koywe,winter-2023,active
gethipposcribe.com,Hippo Scribe,winter-2023,active
infiniaweb.com,Infinia,winter-2023,active
noya.io,Noya Software,winter-2023,active
vitalize.care,Vitalize,winter-2023,active
radicalaero.com,Radical,winter-2023,active
hona.com,Hona,winter-2023,active
nunu.ai,nunu.ai,winter-2023,active
odigos.io,Odigos Technologies Inc.,winter-2023,active
combinehealth.ai,CombineHealth,winter-2023,active
alaan.com,Alaan,winter-2023,active
vendah.com.br,Vendah,winter-2023,active
arroyo.dev,Arroyo,winter-2023,acquired
fastgen.com,Fastgen,winter-2023,active
superkalam.com,SuperKalam,winter-2023,active
clueso.io,Clueso,winter-2023,active
retape.ai,Retape,winter-2023,active
sirdab.co,Sirdab,winter-2023,active
joinloula.com,Loula,winter-2023,active
rally.tax,Rally Tax,winter-2023,acquired
shekelmobility.com,Shekel Mobility,winter-2023,active
magnaplay.com,MagnaPlay,winter-2023,active
coldreach.ai,Coldreach,winter-2023,active
proglix.com,Proglix,winter-2023,active
mantys.io,Mantys,winter-2023,active
miliopay.com,Milio,winter-2023,active
univerbal.app,Univerbal,winter-2023,active
clearspace.org,Clearspace,winter-2023,active
sanvivo.eu,Sanvivo,winter-2023,active
inbuild.ai,inBuild,winter-2023,active
diffuse.bio,Diffuse Bio,winter-2023,active
muffindata.com,Muffin Data,winter-2023,acquired
usepylon.com,Pylon,winter-2023,active
withclad.com,Clad,winter-2023,active
epsilon-ai.com,Epsilon,winter-2023,active
usehelios.ai,Helios,winter-2023,active
play.ai,PlayAI,winter-2023,acquired
keephq.dev,Keep,winter-2023,acquired
stralis.aero,Stralis Aircraft,winter-2023,active
corgilabs.ai,Corgi Labs,winter-2023,active
invopop.com,Invopop,winter-2023,active
tagsafe.io,Tagsafe,winter-2023,active
dagworks.io,DAGWorks Inc.,winter-2023,acquired
rivet.dev,Rivet,winter-2023,active
waza.co,Waza,winter-2023,active
usemaxi.app,Maxi,winter-2023,active
littio.co,Littio,winter-2023,active
usehindsight.com,Hindsight,winter-2023,active
usedill.com,Dill,winter-2023,active
commonpaper.com,Common Paper,winter-2023,active
useconstant.com,Constant,winter-2023,active
openint.dev,OpenInt,winter-2023,acquired
decohere.ai,Decohere,winter-2023,active
resend.com,Resend,winter-2023,active
unstatiq.com,Unstatiq,winter-2023,active
buildwithfern.com,Fern,winter-2023,acquired
trysuperapi.com,SuperAPI,winter-2023,active
helloconduit.com,Conduit,winter-2023,active
berryai.com,Berry,winter-2023,active
persist-ai.com,Persist AI,winter-2023,active
rex.fit,rex.fit,winter-2023,active
vellum.ai,Vellum,winter-2023,active
wallbit.io,Wallbit,winter-2023,active
vocode.dev,Vocode,winter-2023,acquired
withbenchmark.com,Benchmark,winter-2023,active
withedge.com,Edge,winter-2023,active
untetherlabs.com,Untether Labs,winter-2023,active
highlight.io,highlight.io,winter-2023,acquired
adventris.com,Adventris Pharmaceuticals,winter-2023,active
invitris.com,Invitris,winter-2023,active
finnihealth.com,Finni Health,winter-2023,active
veratainsight.com,Verata,winter-2023,active
pier-finance.com,Pier,winter-2023,active
vector.co,Vector,winter-2023,active
texel.ai,Texel.ai,winter-2023,active
metal.ai,Metal,winter-2023,active
skyhook.io,Skyhook,winter-2023,active
modularit.bio,Modulari-T,winter-2023,active
atmeto.com,Atmeto,winter-2023,active
escape.tech,Escape,winter-2023,active
askkyber.com,Kyber,winter-2023,active
persana.ai,Persana AI,winter-2023,acquired
thedailyscout.com,Scout,winter-2023,active
type.ai,Type,winter-2023,active
lightski.com,Lightski,winter-2023,active
vendora.io,Vendora,winter-2023,active
getadri.ai,Adri AI,winter-2023,active
warp.co,Warp,winter-2023,active
theya.us,Theya,winter-2023,active
cercli.com,Cercli,summer-2023,active
litellm.ai,LiteLLM,winter-2023,active
finta.com,Finta,winter-2023,active
speedylabs.ai,Speedy Labs,winter-2023,active
speccheckrx.com,SpecCheck,winter-2023,active
runautomat.com,Automat,winter-2023,active
pierre.co,Pierre,winter-2023,active
yuma.ai,Yuma AI,winter-2023,active
vaero.ai,Vaero,winter-2023,active
metal.so,Metal,winter-2023,active
pando.bio,Pando Bioscience,winter-2023,active
yn.app,Y/n,summer-2023,active
hockeystack.com,HockeyStack,summer-2023,active
hylight.aero,HyLight,summer-2023,active
artie.com,Artie,summer-2023,active
peerdb.io,PeerDB,summer-2023,acquired
tremor.so,Tremor,summer-2023,acquired
kapa.ai,kapa.ai,summer-2023,active
kino.ai,Kino AI,summer-2023,active
reworkd.ai,Reworkd,summer-2023,active
nectarclimate.com,Nectar,summer-2023,active
oraai.com,Ora AI,summer-2023,active
twenty.com,Twenty,summer-2023,active
xeol.io,Xeol,summer-2023,acquired
metoro.io,Metoro,summer-2023,active
clearesthealth.com,Clearest Health,summer-2023,active
elyos.ai,Elyos AI,summer-2023,active
withaccend.com,Accend,summer-2023,active
deasylabs.com,Deasy Labs,summer-2023,acquired
hyperbound.ai,Hyperbound,summer-2023,active
dioxuslabs.com,Dioxus Labs,summer-2023,acquired
watto.ai,Watto AI,summer-2023,acquired
linc-ai.com,Linc.,summer-2023,active
aivideo.com,AIVideo.com,summer-2023,active
stellarsleep.com,Stellar Sleep,summer-2023,active
ohmicbiosciences.com,Ohmic Biosciences,summer-2023,active
magicloops.dev,Magic Loops,summer-2023,active
sweetspot.so,Sweetspot,summer-2023,active
soharhealth.com,Sohar Health,summer-2023,active
bland.com,Bland AI,summer-2023,active
godiligent.ai,Diligent,summer-2023,active
pointhound.com,Pointhound,summer-2023,active
proprise.ai,PropRise,summer-2023,active
readily.co,Readily,summer-2023,active
zeloscloud.io,Zelos Cloud,summer-2023,active
cascading.ai,Casca,summer-2023,active
cedana.ai,Cedana,summer-2023,active
opentools.com,OpenTools,summer-2023,active
every.io,Every,summer-2023,active
mandel.ai,Mandel AI,summer-2023,active
getprosper.ai,Prosper,summer-2023,active
electricair.io,Electric Air,summer-2023,active
craftwork.com,Craftwork,summer-2023,active
lio.ai,Lio (formerly askLio),summer-2023,active
solveintelligence.com,Solve Intelligence,summer-2023,active
talc.ai,Talc,summer-2023,active
airgoods.com,Airgoods,summer-2023,active
datashare.co,DataShare,summer-2023,active
getrevamp.ai,Revamp,summer-2023,active
getcore.me,CORE,summer-2023,active
subsets.com,Subsets,summer-2023,active
getspine.ai,Spine AI,summer-2023,active
baudlabs.ai,Baud,summer-2026,active
capimoney.com,Capi Money,summer-2023,active
sid.ai,SID,summer-2023,active
alguna.com,Alguna,summer-2023,active
campfire.ai,Campfire,summer-2023,active
parea.ai,Parea,summer-2023,active
getventa.ai,Venta AI,summer-2023,active
punchcard.com,Punchcard,summer-2023,active
bronco.ai,Bronco AI,summer-2023,active
kite.video,Kite,summer-2023,active
getobento.com,Obento Health,summer-2023,active
docsum.ai,Docsum,summer-2023,active
arcimus.com,Arcimus,summer-2023,active
micsi.co,MICSI,summer-2023,active
withterminal.com,Terminal,summer-2023,active
corgea.com,Corgea,summer-2023,active
serra.io,Serra,summer-2023,active
outset.ai,Outset,summer-2023,active
hegel-ai.com,Hegel AI,summer-2023,active
shasta.health,Shasta Health,summer-2023,active
healthharbor.co,Health Harbor,summer-2023,active
menza.ai,Menza,winter-2026,active
fleetworks.ai,FleetWorks,summer-2023,active
chowcentral.com,Chow Central Inc,summer-2023,active
repaint.com,Repaint,summer-2023,active
usemargin.com,Margin,summer-2023,active
usedialtone.com,Dialtone,summer-2023,active
hirosecure.com,Hiro,summer-2023,active
cardinalgray.com,Cardinal Gray,summer-2023,active
skyvern.com,Skyvern,summer-2023,active
decodahealth.com,Decoda Health,summer-2023,active
numen.com,Numen,summer-2023,active
vetrec.io,VetRec,summer-2023,active
governgpt.com,GovernGPT,winter-2024,active
maintouch.com,Maintouch,summer-2023,active
epsilla.com,Epsilla,summer-2023,active
refine.dev,refine,summer-2023,active
candoriq.com,CandorIQ,summer-2023,active
withsurface.com,Surface Labs,summer-2023,active
tryegress.com,Egress Health,winter-2025,acquired
mavenbio.com,Maven Bio,summer-2023,active
upstream.do,Upstream,summer-2023,active
metalware.com,Metalware,summer-2023,active
medisearch.io,MediSearch,summer-2023,active
bretton.com,Bretton AI,summer-2023,active
midrender.com,Midrender,summer-2023,active
agentcollect.com,AgentCollect,summer-2023,active
aglide.com,Aglide,summer-2023,active
fortunahealth.com,Fortuna Health,summer-2023,active
empirical.health,Empirical Health,summer-2023,active
lifestylerx.io,LifestyleRx,summer-2023,active
gladestudio.ai,Glade,summer-2023,active
thecareoasis.com,CareOasis,summer-2023,active
guac.com,Guac,summer-2023,active
letter.ai,Letter AI,summer-2023,active
continue.dev,Continue,summer-2023,acquired
rimward.ai,Rimward,summer-2023,active
sizeless.co,sizeless,summer-2023,active
apoxy.dev,Apoxy,summer-2023,active
yenmo.in,Yenmo,winter-2024,active
pincites.com,Pincites,summer-2023,acquired
trainy.ai,Trainy,summer-2023,active
studdy.ai,Studdy,summer-2023,active
kobaltlabs.com,Kobalt Labs,summer-2023,active
joingleam.com,Gleam,summer-2023,active
bolto.com,Bolto,summer-2023,active
vaultpay.io,VaultPay,summer-2023,active
khoj.dev,Khoj,summer-2023,active
slickerhq.com,Slicker,summer-2023,active
osium.ai,Osium AI,summer-2023,active
energent.ai,Energent AI,summer-2023,active
flintk12.com,Flint,summer-2023,active
runconverge.com,Converge,summer-2023,active
inletai.com,Inlet,summer-2023,active
rankai.ai,Rankai,summer-2023,active
sola-solutions.com,Sola,summer-2023,active
readbean.app,Read Bean,summer-2023,active
automorphic.ai,Automorphic,summer-2023,active
baserun.ai,Baserun,summer-2023,active
safetykit.com,SafetyKit,summer-2023,active
vectorshift.ai,VectorShift,summer-2023,active
envelopebudgeting.com,Envelope,summer-2023,active
disputeninja.ai,DisputeNinja,summer-2023,active
anish.xyz,Chatter,summer-2023,acquired
poh.org,Proof of Human,summer-2023,active
useinari.com,Inari,summer-2023,acquired
andromedasurgical.com,Andromeda Surgical,summer-2023,active
silimate.com,Silimate,summer-2023,active
sweep.dev,Sweep,summer-2023,active
sudocode.ai,sudocode,summer-2023,active
sendblue.com,Sendblue,summer-2023,active
checkfragment.com,Fragment,summer-2023,acquired
syntheticfi.com,SyntheticFi,summer-2023,active
inventive.ai,Inventive AI,summer-2023,active
langdock.com,Langdock,summer-2023,active
santehq.com,Santé,summer-2023,active
elythea.org,Elythea,summer-2023,active
nanograb.com,Nanograb,summer-2023,active
collectpure.com,Pure,summer-2023,active
happyrobot.ai,HappyRobot,summer-2023,active
cedalio.com,Cedalio,summer-2023,active
certainlyhealth.com,Certainly Health,summer-2023,active
tryterracotta.com,Terracotta AI,summer-2023,active
fiber.ai,Fiber AI,summer-2023,active
recipeui.com,RecipeUI,summer-2023,active
tiptap.dev,Tiptap,summer-2023,active
smobi.com,Smobi,summer-2023,active
minded.com,Minded,summer-2023,active
getstrada.com,Strada,summer-2023,active
quillbills.com,Quill Bills,summer-2023,active
edencaremedical.com,Eden Care,summer-2023,active
paradedb.com,ParadeDB,summer-2023,active
cairhealth.com,Cair Health,summer-2023,active
buildtrayd.com,Trayd,summer-2023,active
webhound.ai,Webhound,summer-2023,active
dili.com,dili,summer-2023,active
roame.travel,Roame,summer-2023,active
cheq.money,CheqUPI,summer-2023,acquired
getcargo.io,Cargo,summer-2023,active
inconvo.com,Inconvo,summer-2023,active
shadeform.ai,Shadeform,summer-2023,active
flowiseai.com,FlowiseAI,summer-2023,acquired
itsaffinity.com,Affinity,summer-2023,active
giga.ai,Giga,summer-2023,active
aisdr.com,AiSDR,summer-2023,active
buildwithfoundation.com,Foundation,summer-2023,active
simbie.ai,Simbie AI,summer-2023,active
getmocha.com,Mocha,summer-2023,acquired
usetwine.com,Twine,summer-2023,active
nowadays.ai,Nowadays,summer-2023,active
morphllm.com,Morph,summer-2023,active
constructable.ai,Constructable,summer-2023,active
wattsonhealth.com,Wattson Health,summer-2023,active
buildwithglide.com,Glide,summer-2023,acquired
truemetrics.io,truemetrics,summer-2023,active
oliolabs.co,Olio Labs,summer-2023,active
cognitioiq.com,Cognitio Labs,summer-2023,active
autotab.com,Autotab,summer-2023,acquired
opensteer.com,Opensteer,summer-2023,active
singularityus.com,Singularity,summer-2023,active
tempo.new,Tempo,summer-2023,active
cembla.com,Cembla,summer-2023,active
coba.ai,Coba,summer-2023,active
trycatamaran.com,Catamaran,summer-2023,acquired
askjo.ai,jo,spring-2026,active
orbio.earth,Orbio Earth,summer-2023,active
feanixbio.com,Feanix Biotechnologies,summer-2023,active
healthtech1.uk,Healthtech 1,summer-2023,active
letterbook.ai,Letterbook,summer-2023,active
goldbridgebanking.com,Goldbridge,fall-2025,active
withflex.com,Flex,summer-2023,active
onyx.app,Onyx,winter-2024,acquired
driver.ai,Driver,winter-2024,active
gumloop.com,Gumloop,winter-2024,active
ehl.markets,Event Horizon Labs,winter-2024,active
upsolve.ai,Upsolve AI,winter-2024,active
navier.ai,Navier AI,winter-2024,active
drymerge.com,DryMerge,winter-2024,active
relari.ai,Relari,winter-2024,active
openpipe.ai,OpenPipe,summer-2023,acquired
scritchai.com,Scritch,winter-2024,active
legora.com,Legora,winter-2024,active
egoai.com,ego,winter-2024,active
corahealth.app,Cora,winter-2024,active
greptile.com,Greptile,winter-2024,active
ubicloud.com,Ubicloud,winter-2024,active
happenstance.ai,Happenstance,winter-2024,active
duckie.ai,Duckie,winter-2024,active
ion.design,ion design,winter-2024,active
tekton-dynamics.com,Tekton Dynamics,winter-2024,active
soniahealth.com,Sonia,winter-2024,active
kabilah.com,Kabilah,winter-2024,active
tracecat.com,Tracecat,winter-2024,active
precip.ai,Precip,winter-2024,active
nuanced.dev,Nuanced,winter-2024,active
pokalabs.com,Poka Labs,summer-2024,active
ourmaia.com,Maia,winter-2024,active
andonlabs.com,Andon Labs,winter-2024,active
reducto.ai,Reducto,winter-2024,active
momentic.ai,Momentic,winter-2024,active
tuesdaylabs.com,Tuesday Labs,winter-2024,active
usesaga.ai,Saga AI,winter-2024,active
joinnewton.com,Newton,winter-2024,active
malibou.com,malibou,winter-2024,active
alex.com,Alex,winter-2024,active
withpretzel.com,Pretzel AI,winter-2024,active
ncompass.tech,nCompass Technologies,winter-2024,active
argon-ai.com,Argon AI  Inc.,winter-2024,active
shopgarage.com,Garage,winter-2024,active
keystroke.ai,Keystroke,winter-2024,active
aidyhq.com,Aidy,winter-2024,active
pivotrobotics.com,Pivot Robotics,winter-2024,active
fractal-labs.gg,Fractal Labs,winter-2024,active
agenticlabs.com,Agentic Labs,winter-2024,active
usecarousel.com,Carousel Technologies,winter-2024,active
basalt.space,Basalt,winter-2024,active
leaping.io,Leaping,winter-2024,active
breezlabs.com,Breez Labs,winter-2024,active
wavelength.cx,Wavelength,winter-2024,active
averyiq.com,AveryIQ,winter-2024,active
pointone.com,PointOne,winter-2024,active
paradigmai.com,Paradigm,winter-2024,active
arini.ai,Arini,winter-2024,active
furtherai.com,FurtherAI,winter-2024,active
getroe.ai,ROE,winter-2024,active
suretynow.com,SuretyNow,winter-2024,active
octolane.com,Octolane AI,winter-2024,active
artisan.co,Artisan,winter-2024,active
simplex.sh,Simplex,summer-2024,active
eggnog.ai,Eggnog,winter-2024,active
greenboard.com,Greenboard,winter-2024,active
ecliptor.ai,Ecliptor,winter-2024,active
runtrellis.com,Trellis AI,winter-2024,active
topo.io,Topo,winter-2024,active
versetherapy.com,Verse Therapy,winter-2024,acquired
panelytic.com,Panelytic,winter-2024,active
yonedalabs.com,Yoneda Labs,winter-2024,active
synsorybio.com,SynsoryBio,winter-2024,active
copperhealth.co,Copper Health,winter-2024,active
atopile.io,atopile,winter-2024,active
trypartnerhq.com,PartnerHQ,winter-2024,active
onegrep.dev,OneGrep,winter-2024,active
lucite.ai,Lucite,winter-2024,active
attunement.ai,Attunement,winter-2024,active
cloudcruise.com,CloudCruise,winter-2024,active
starjar.io,StarJar,winter-2024,acquired
meticulate.ai,Meticulate,winter-2024,active
zaymo.com,Zaymo,winter-2024,active
promptarmor.com,PromptArmor,winter-2024,active
respan.ai,Respan,winter-2024,active
monumint.com,Monumint,winter-2024,active
centralhq.com,Central,summer-2024,acquired
guidelabs.ai,Guide Labs,winter-2024,active
speck.sh,Speck,winter-2024,acquired
polished.ad,Polished,winter-2024,active
lemonslice.com,LemonSlice,winter-2024,active
getdecipher.com,Decipher AI,winter-2024,active
cpgscout.ai,Scout,winter-2024,active
onconsul.com,Consul,winter-2024,acquired
clarionhealth.com,Clarion,winter-2024,active
tamarind.bio,Tamarind Bio,winter-2024,active
gloglo.com,GloGlo,winter-2024,active
inquery.ai,InQuery,winter-2024,active
infinityapp.in,Infinity,winter-2024,active
pandas-ai.com,PandasAI,winter-2024,active
sync.so,sync.,winter-2024,active
vibrantlabs.com,Vibrant Labs,winter-2024,active
beparallel.com,Parallel,winter-2024,active
fuseinsight.com,Fuse,summer-2024,active
feldy.ai,Feldy,winter-2024,active
firebender.com,Firebender,winter-2024,active
useresonance.com,Resonance,winter-2024,acquired
nanocorp.so,NanoCorp,winter-2024,active
usecentralize.com,Centralize,winter-2024,active
salvy.com.br,Salvy,winter-2024,active
open.cx,Open,winter-2024,active
pazi.ai,Pazi,winter-2024,active
usesolari.ai,Solari AI,winter-2024,active
dimehealth.ai,Dime,winter-2024,active
ellipsis.dev,Ellipsis,winter-2024,active
metofico.com,Metofico,winter-2024,active
draftaid.io,Draftaid,winter-2024,active
codeant.ai,CodeAnt AI,winter-2024,active
astromecha.co,Astro Mechanica,winter-2024,active
browserbuddy.com,Browser Buddy,winter-2024,acquired
sagaland.ai,Sagaland,winter-2024,active
bilanc.co,Bilanc,winter-2024,active
superagent.sh,Superagent,winter-2024,active
joincarma.com,Carma,winter-2024,active
toma.com,Toma,winter-2024,active
whip.run,Whip,winter-2024,active
trieve.ai,Trieve,winter-2024,acquired
conduit.ai,Conduit,winter-2024,active
elodin.systems,Elodin,winter-2024,active
soundry.ai,Soundry AI,winter-2024,acquired
getaftercare.com,Aftercare,winter-2024,active
shiboleth.ai,Shiboleth,winter-2024,active
hazelai.com,Hazel,winter-2024,active
with-andy.com,Andy AI,winter-2024,active
overeasy.sh,Overeasy,summer-2024,active
offdeal.io,OffDeal,winter-2024,active
voicepanel.com,Voicepanel,winter-2024,active
opencall.ai,Opencall,winter-2024,active
clarum.ai,Clarum,winter-2024,active
edgetrace.ai,EdgeTrace,winter-2024,active
manifoldfreight.com,Manifold Freight,winter-2024,active
prosights.co,ProSights,winter-2024,active
centauri-ai.tech,Centauri AI,winter-2024,active
floatingpoint.ai,floatingpoint,winter-2024,active
raindrop.ai,Raindrop,winter-2024,active
yondu.ai,Yondu,winter-2024,active
storioai.com,HeartByte,winter-2024,active
getdiana.com,Diana,winter-2024,active
tryrisotto.com,Risotto,winter-2024,active
acxtherapeutics.com,ACX,summer-2024,active
getjust.ai,JustAI,winter-2024,active
circleback.ai,Circleback,winter-2024,active
betterbasket.com,BetterBasket,winter-2024,active
modelml.com,Model ML,winter-2024,active
artosai.com,Artos,winter-2024,active
ligo.bio,Ligo Biosciences,summer-2024,active
omacare.com,Oma Care,winter-2024,active
getcleva.com,Cleva,winter-2024,active
givefront.com,Givefront,winter-2024,active
focalml.com,Focal,winter-2024,active
brainbaselabs.com,Brainbase Labs,winter-2024,active
samplehc.com,Sample,winter-2024,acquired
lumetric.ai,Lumetric,winter-2024,acquired
getalai.com,Alai,winter-2024,active
deep24.com,Deep24,winter-2024,active
triply.co,Triply,winter-2024,active
openmart.com,Openmart,winter-2024,active
getzep.com,Zep AI,winter-2024,active
velorumtx.com,Velorum Therapeutics,winter-2024,active
bitesight.com,BiteSight,winter-2024,active
sonauto.ai,Sonauto,winter-2024,active
shepherd.study,Shepherd,winter-2024,active
hatchet.run,Hatchet,winter-2024,active
stacksync.com,Stacksync,winter-2024,active
terrakotta.ai,Terrakotta,winter-2024,active
downlink.dev,Downlink,winter-2024,active
sparkhq.ai,Spark,winter-2024,active
camelai.com,camelAI,winter-2024,active
rove.com,Rove,winter-2024,active
retellai.com,Retell AI,winter-2024,active
useocular.com,Ocular AI,winter-2024,active
adapted.app,Adapted,winter-2024,active
vistapower.com,Vista Power,winter-2024,active
deepnight.com,Deepnight,winter-2024,active
xpaycheckout.com,xPay,winter-2024,active
aquavoice.com,Aqua Voice,winter-2024,active
basepilot.com,Basepilot,winter-2024,active
getfluently.app,Fluently,winter-2024,active
miden.co,Miden,winter-2024,active
getveles.com,Veles,winter-2024,active
commodityai.io,CommodityAI,winter-2024,active
marblism.com,Marblism,winter-2024,active
datacurve.ai,Datacurve,winter-2024,active
rysemarket.com,Ryse,winter-2024,active
magichour.ai,Magic Hour,winter-2024,active
penciled.com,Penciled,winter-2024,active
polarfi.com,Polar,winter-2024,active
openfoundry.ai,OpenFoundry,winter-2024,active
powderfi.com,Powder,winter-2024,active
erisbio.com,Eris Biotech,winter-2024,active
senso.ai,Senso,winter-2024,active
silogy.io,Silogy,winter-2024,active
oddsview.com,OddsView,winter-2024,active
spurtest.com,Spur,summer-2024,active
evolverebiosciences.com,Evolvere BioSciences,summer-2024,active
junction.bio,Junction Bioscience,winter-2024,active
piramidal.ai,Piramidal,winter-2024,active
reformhq.com,Reform,winter-2024,active
cocrafter.com,CoCrafter,winter-2024,active
trytrueclaim.com,TrueClaim,winter-2024,active
healiahealth.com,Healia,winter-2024,active
haplotypelabs.com,Haplotype Labs,winter-2024,active
granzabio.com,Granza Bio,winter-2024,active
voxopsai.com,VoxOps AI,winter-2024,active
integuru.com,Integuru,winter-2024,active
forgehq.com,Forge,winter-2024,active
newmoneycompany.com,The New Money Company,winter-2024,active
latted.com,Latted,winter-2024,active
renderlet.com,renderlet,winter-2024,active
dragoneye.ai,Dragoneye,winter-2024,active
quivr.app,Quivr,winter-2024,active
withtower.com,Tower,winter-2024,active
mathos.ai,Mathos,winter-2024,active
kater.ai,kater.ai,winter-2024,active
crowdvolt.com,CrowdVolt,winter-2024,active
blacksmith.sh,Blacksmith,winter-2024,active
yarn.so,Yarn,winter-2024,active
inspectmind.ai,InspectMind AI,winter-2024,active
repromptai.com,Reprompt,winter-2024,active
getcrux.ai,GetCrux,winter-2024,active
million.dev,Million,winter-2024,active
retailreadyai.com,RetailReady,winter-2024,active
dropback.com,Dropback,winter-2024,active
joinforge.app,Forge Rewards,winter-2024,active
marrlabs.com,Marr Labs,winter-2024,active
coval.dev,Coval,summer-2024,active
parcelbio.com,ParcelBio,winter-2024,active
angstrom-ai.com,Ångström AI,summer-2024,active
indemni.com,Indemni,winter-2024,active
ultra.tech,Ultra,summer-2024,active
abelpolice.com,Abel Police,summer-2024,active
hireroger.com,Roger,summer-2024,active
mirurobotics.com,Miru,summer-2024,active
spherecast.ai,Spherecast,summer-2024,active
apten.ai,Apten,summer-2024,active
domu.ai,Domu Technology Inc.,summer-2024,active
undermind.ai,Undermind,summer-2024,active
superunit.com,Superunit,summer-2024,active
doublezero.tech,Doublezero,summer-2024,active
variant.com,Variant,fall-2024,active
understoodcare.com,Understood Care,summer-2024,active
cheers.tech,Cheers,summer-2024,active
mem0.ai,Mem0,summer-2024,active
distr.sh,Glasskube,summer-2024,active
saphira.ai,Saphira AI,summer-2024,active
theseus.us,Theseus,summer-2024,active
synnaxlabs.com,Synnax,summer-2024,active
comfydeploy.com,Comfy Deploy,summer-2024,active
spaceium.com,Spaceium Inc,summer-2024,active
educato.com,Educato,summer-2024,active
prohost.ai,ProhostAI,summer-2024,active
hamming.ai,Hamming AI,summer-2024,active
mdhub.ai,mdhub,summer-2024,active
claimsorted.com,ClaimSorted,summer-2024,active
entangl.com,Entangl,summer-2024,active
codeshealth.com,Codes Health,summer-2024,active
unsloth.ai,Unsloth AI,summer-2024,active
randomlabs.ai,Random Labs,summer-2024,active
digitalcarbon.ai,DigitalCarbon,summer-2024,active
bayesline.com,Bayesline,summer-2024,active
getcallback.ai,Callback,summer-2024,active
tabula.de,Tabula,summer-2024,active
hexclave.com,Hexclave,summer-2024,active
sagecare.ai,Sage Care,summer-2024,active
videogen.io,VideoGen,summer-2024,active
phonely.ai,Phonely,summer-2024,active
corgi.com,Corgi Insurance,summer-2024,active
party.build,Party,summer-2024,active
wordware.ai,Wordware,summer-2024,active
sorcerer.earth,Sorcerer,summer-2024,active
firstwork.com,FirstWork,summer-2024,active
ideate.xyz,ideate.xyz,summer-2024,active
stardrift.ai,Stardrift,summer-2024,active
decisional.com,Decisional AI,summer-2024,active
leeroo.com,Leeroo,spring-2025,active
azalearobotics.com,Azalea Robotics Corporation,summer-2024,active
retrofix.ai,RetroFix,summer-2024,active
getunbound.ai,Unbound,summer-2024,active
hyrex.io,Hyrex,summer-2024,active
silurian.ai,Silurian,summer-2024,active
atum.works,Atum Works,spring-2025,active
networkocean.io,NetworkOcean,summer-2024,active
cloudglue.dev,Cloudglue,summer-2024,active
willowvoice.com,Willow,spring-2025,active
rewbi.com,Rewbi,summer-2024,active
proxis.ai,Proxis,summer-2024,active
zuni.app,Zuni,summer-2024,active
scape.app,Scape,summer-2024,active
deepsim.io,DeepSim  Inc.,summer-2024,active
storia.ai,Storia AI,summer-2024,active
useoffstream.com,Offstream,summer-2024,active
useelevate.dev,Elevate,summer-2024,active
luciblefi.com,Lucible,summer-2024,active
dodo.ai,Dodo,summer-2024,active
aresindustries.com,Ares Industries,summer-2024,active
runlocal.ai,RunLocal AI,summer-2024,active
codeviz.ai,CodeViz,summer-2024,active
parahelp.com,Parahelp,summer-2024,active
joinlore.app,Lore,summer-2024,active
minusx.ai,MinusX,summer-2024,active
tivara.com,Tivara,summer-2024,active
kenley.ai,Kenley,summer-2024,active
tandemspace.com,Tandem,summer-2024,active
weaverobotics.com,Weave Robotics,summer-2024,active
withgauge.com,Gauge,summer-2024,active
aminoanalytica.com,AminoAnalytica,summer-2024,active
dench.com,Dench.com,summer-2024,active
stormy.ai,Stormy,summer-2025,active
autopallet.bot,AutoPallet Robotics,summer-2024,active
runpulse.com,Pulse,summer-2024,active
plumefinder.com,Plume,summer-2024,active
ledgerup.ai,LedgerUp,summer-2024,active
dmodel.ai,d_model,summer-2024,active
himodus.com,Modus,summer-2024,active
lighthouz.ai,Lighthouz AI,summer-2024,active
mitohealth.com,Mito Health,summer-2024,active
thesynthesis.company,The Synthesis Company,summer-2024,active
substrate.cc,Substrate,summer-2024,active
taxgpt.com,TaxGPT,summer-2024,active
fazeshift.com,Fazeshift,summer-2024,active
benchify.com,Benchify,summer-2024,active
anthrogen.com,Anthrogen,summer-2024,active
kopra.bio,Kopra Bio,summer-2024,active
kastle.ai,Kastle,summer-2024,active
creativemode.net,CreativeMode,summer-2024,active
conveo.ai,Conveo,summer-2024,active
cmux.com,cmux,summer-2024,active
getpanora.com,Panora,summer-2024,active
alunadata.com,Aluna,summer-2024,active
ontramobility.com,Ontra Mobility,summer-2024,active
trypromi.com,Promi,summer-2024,active
overstandlabs.com,Overstand Labs,winter-2025,active
expand.ai,expand.ai,summer-2024,active
clearly-ai.com,Clearly AI,summer-2024,active
saturnos.com,Saturn,summer-2024,active
zoaresearch.com,Zoa Research,summer-2024,active
reactwise.com,ReactWise,summer-2024,active
1849.bio,1849 bio,summer-2024,active
vibe.codes,Vibe,summer-2024,active
finny.com,FINNY AI,summer-2024,active
magicode.ai,MagiCode,summer-2024,active
hestus.co,Hestus  Inc.,summer-2024,active
anara.com,Anara,summer-2024,active
joinplanbase.com,Planbase,summer-2024,active
redouble.ai,Redouble AI,summer-2024,active
dimely.com,Dimely,summer-2024,active
sharpe.sh,Sharpe,summer-2024,active
drillbit.com,Drillbit,summer-2024,active
titanio.ai,Seals AI,summer-2024,active
biocartesian.com,Biocartesian,summer-2024,active
winfunc.com,winfunc,summer-2024,active
opslane.com,Opslane,summer-2024,active
autumnlabs.io,Autumn Labs,summer-2024,active
conductorquantum.com,Conductor Quantum,summer-2024,active
paxai.com,Pax,summer-2024,active
stempad.com,Stempad,summer-2024,active
beebettor.com,BeeBettor,summer-2024,active
withdavid.ai,David AI,summer-2024,active
magelegal.com,Mage Legal,summer-2024,active
distro.app,Distro,summer-2024,active
remade.ai,Remade,summer-2024,acquired
piggyrobotics.com,Piggy Robotics,fall-2025,active
zeit-ai.com,Zeit AI,summer-2024,active
emergent.sh,Emergent,summer-2024,active
trykura.com,Kura AI,summer-2024,active
thundercompute.com,Thunder Compute,summer-2024,active
emberrobotics.com,Ember Robotics,summer-2024,active
pinnacle.sh,Pinnacle,summer-2024,active
intryc.com,Intryc,summer-2024,active
parley.so,Parley,summer-2024,active
soff.ai,Soff,summer-2024,active
mineflow.ai,Mineflow,summer-2024,active
brighterway.ai,Brighterway,summer-2024,active
schemeflow.com,SchemeFlow,summer-2024,active
zscc.ai,Zettascale Computing,summer-2024,active
praxos.ai,Praxos,summer-2024,active
theforecastingcompany.com,The Forecasting Company,summer-2024,active
presti.ai,Presti AI,summer-2024,active
cerulion.com,Cerulion,summer-2024,active
laminar.sh,Laminar,summer-2024,active
guardianrf.com,Guardian RF,summer-2024,active
senseirobotics.com,Sensei,summer-2024,active
usesimple.ai,Simple AI,summer-2024,active
palmier.io,Palmier,summer-2024,active
refactor.co,Refactor,summer-2024,active
paasa.com,Paasa,summer-2024,active
you-shift.com,YouShift,winter-2025,active
cartage.ai,Cartage,summer-2024,active
sonatoria.com,Sonatoria,summer-2024,active
useodo.com,Odo,summer-2024,active
finosu.com,Finosu,summer-2024,active
haystack.sh,Haystack,summer-2024,active
tryandai.com,&AI,summer-2024,active
tryhelium.com,Helium,summer-2024,active
heroui.com,HeroUI,summer-2024,active
rescript.ai,Rescript,summer-2024,active
ionworks.com,Ionworks,summer-2024,active
meetthyme.com,Thyme,summer-2024,acquired
itshandled.ai,Handled,summer-2024,active
dataleap.ai,Dataleap,summer-2024,active
starcloud.com,Starcloud,summer-2024,active
bluedoor.sh,Bluedoor,summer-2024,active
zeropath.com,ZeroPath,summer-2024,active
argil.ai,Argil,summer-2024,active
vendra.io,Vendra,summer-2024,active
propaya.com,Propaya,summer-2024,active
withentropy.ai,Entropy,summer-2024,active
weel.live,Weel,summer-2024,active
kontigo.lat,Kontigo,summer-2024,active
polymet.ai,Polymet,summer-2024,active
omnidock.com,omnidock,summer-2024,active
autarc.energy,autarc,summer-2024,active
assemblyhoa.com,Assembly HOA,summer-2024,active
sepalai.com,Sepal AI,summer-2024,acquired
orcaclient.com,Orca Client,summer-2024,active
drafttherecord.com,Draft The Record,summer-2024,active
moretapay.com,Moreta,summer-2024,active
typa.ai,Typa,summer-2024,active
getquetzal.com,Quetzal,summer-2024,active
rastro.ai,Rastro,summer-2024,active
voker.ai,Voker,summer-2024,active
tradeflowai.com,TradeFlow,summer-2024,active
therentflow.com,RentFlow,summer-2024,active
serveaiglobal.com,Serve AI,summer-2024,active
blaze.money,Blaze,summer-2024,active
elayne.com,Elayne,summer-2024,active
shipoway.com,Oway,summer-2024,active
bucket.bot,Bucket Robotics,summer-2024,active
saldor.com,Saldor,summer-2024,active
usul.com,Usul,summer-2024,active
surebright.com,SureBright,summer-2024,active
diode.computer,Diode Computers  Inc.,summer-2024,active
dayflow.so,Dayflow,summer-2024,active
nologo.com,No Logo,summer-2024,active
trykeet.com,Keet,summer-2024,active
et-al.io,et al.,summer-2024,active
pharos.health,Pharos,summer-2024,active
vera-health.ai,Vera Health,summer-2024,active
pipeshift.com,Pipeshift,summer-2024,active
rowboatlabs.com,Rowboat Labs,summer-2024,active
ficra.ai,Ficra,summer-2024,active
heyrevia.ai,Hey Revia,summer-2024,acquired
henry.ai,Henry,summer-2024,active
browseros.com,BrowserOS,summer-2024,active
xtraffic.com,XTraffic,summer-2024,active
anglera.com,Anglera,summer-2024,active
uncommontherapeutics.com,Uncommon Therapeutics,winter-2025,active
useglass.ai,Void,summer-2024,active
capitol.ai,Capitol AI,summer-2024,active
overlap.ai,Overlap,summer-2024,active
formulainsight.io,Formula Insight,summer-2024,active
usemica.com,Mica AI,summer-2024,active
villagelabs.app,Village Labs,summer-2024,active
patched.codes,Patched,summer-2024,active
orgorg.com,OrgOrg,summer-2024,active
affil.ai,Affil.ai,summer-2024,active
arva.ai,Arva AI,summer-2024,active
freestyle.sh,Freestyle,summer-2024,active
merlinai.co,Merlin AI,summer-2024,active
simcare.ai,SimCare,summer-2024,active
midship.ai,Midship,summer-2024,acquired
bitstoatoms.com,Bits to Atoms,summer-2024,active
getpathpilot.com,PathPilot,summer-2024,active
exintherapeutics.com,Exin Therapeutics,winter-2025,active
syntra.com,Syntra,summer-2024,active
delineate.pro,Delineate,winter-2025,active
conductor.build,Conductor,summer-2024,active
dreamrp.com,DreamRP,summer-2024,active
outerport.com,Outerport,summer-2024,active
onlook.com,Onlook,winter-2025,active
clarus.finance,Clarus,fall-2024,active
riveterhq.com,Riveter,fall-2024,active
galini.ai,Galini,fall-2024,active
getavora.ai,Avora,fall-2024,active
tryinvo.com,Invo,winter-2025,active
telli.com,telli,fall-2024,active
getsymphony.co,Symphony,fall-2024,active
streamable.run,Streamable,fall-2024,active
usecrouton.com,Crouton,fall-2024,active
durate.com,Durate,fall-2024,active
moonsethealth.com,Moonset Health,fall-2024,active
trycandle.app,Candle,fall-2024,active
getcho.app,Getcho,fall-2024,active
darkgrade.com,Darkgrade,fall-2024,active
openbenchmarks.com,Openbenchmarks,fall-2024,active
joinhealthspark.com,HealthSpark,fall-2024,active
rulebase.co,Rulebase,fall-2024,active
afternoon.co,Afternoon.co,fall-2024,active
lightscreen.ai,Lightscreen AI,fall-2024,active
raycaster.ai,Raycaster,fall-2024,active
revyl.com,Revyl,fall-2024,active
vortexify.ai,Vortexify,fall-2024,active
vespper.com,Vespper,fall-2024,active
sandra-ai.com,Sandra AI,fall-2024,active
archil.com,Archil,fall-2024,active
cekura.ai,Cekura,fall-2024,active
endstack.com,Endstack,fall-2024,active
matcha-health.com,Matcha,fall-2024,active
reticular.com,Reticular,fall-2024,active
smooth.sh,Smooth,fall-2024,active
attimet.com,attimet,fall-2024,active
issen.com,ISSEN,fall-2024,active
generallearning.com,General Learning,fall-2024,active
ctgt.ai,CTGT,fall-2024,active
riskcube.com,RiskCube,fall-2024,active
keye.co,Keye,fall-2024,active
luthor.ai,Luthor,fall-2024,active
sphinxhq.com,Sphinx,fall-2024,active
lingo.dev,Lingo.dev,fall-2024,active
karmenai.com,Karmen,fall-2024,active
freebuff.com,Freebuff,fall-2024,active
hybrd.com,HYBRD,fall-2024,active
charm.cash,Charm,fall-2024,active
unusual.ai,Unusual,fall-2024,active
beglaubigt.de,Beglaubigt.de,fall-2024,active
stewdio.ai,Stewdio,fall-2024,active
pearsonlabs.ai,Pearson Labs,fall-2024,active
vly.ai,vly.ai,fall-2024,active
andtiny.com,Tiny,fall-2024,active
crustdata.com,Crustdata,fall-2024,active
autocomputer.ai,AutoComputer,fall-2024,active
abundant.ai,Abundant,fall-2024,active
usemoonshine.com,Moonshine,fall-2024,active
getdexter.co,Dexter,fall-2024,active
curocharging.com,Curo,fall-2024,acquired
useautumn.com,Autumn,summer-2025,active
gecko.security,Gecko Security,fall-2024,active
permitportalapp.com,PermitPortal,fall-2024,active
fresco-ai.com,Fresco,fall-2024,active
origami.chat,Origami,fall-2024,active
collectwise.com,CollectWise,fall-2024,active
consus.io,Consus,fall-2024,active
capy.ai,Capy,fall-2024,active
innate.bot,Innate,fall-2024,active
usegander.com,Gander,fall-2024,acquired
alexcodes.app,Alex,fall-2024,active
kilvin.ai,Kilvin,fall-2024,active
diffusion.studio,Diffusion Studio,fall-2024,active
metreecs.com,Metreecs,fall-2024,active
revi.ai,Revi,fall-2024,active
archilabs.ai,ArchiLabs,fall-2024,active
hellosunset.com,Sunset,fall-2024,active
surge.app,Surge,fall-2024,active
struct.ai,Struct,fall-2024,active
futureclinic.com,FutureClinic,fall-2024,active
tryforerunner.com,Forerunner AI,fall-2024,active
x1.new,x1,fall-2024,active
flyvaya.com,Vaya,fall-2024,active
melder.io,Melder,fall-2024,active
ryvn.ai,Ryvn,fall-2024,active
laminar.com,Laminar,fall-2024,active
freestyle.ai,Freestyle,fall-2024,active
relvy.ai,Relvy AI,fall-2024,active
embercopilot.ai,Ember,fall-2024,active
canvas.inc,Canvas,fall-2024,active
careforce.ai,Careforce,fall-2024,active
usesynth.ai,Synth,fall-2024,active
roundabout.tech,Roundabout Technologies,fall-2024,active
loombotic.com,Loombotic,fall-2024,active
humanlayer.com,HumanLayer,fall-2024,active
apolink.space,Apolink,fall-2024,active
asha.health,Asha Health,fall-2024,active
quantstruct.com,Quantstruct,winter-2025,active
edexia.com,Edexia,winter-2025,active
enhancedradar.com,Enhanced Radar,winter-2025,active
aviro.ai,Aviro,spring-2025,active
reviserobotics.com,Revise Robotics,winter-2025,active
outship.ai,Outship,winter-2025,active
bild.ai,Bild AI,winter-2025,active
usecandor.ai,Candor,winter-2025,active
vetnio.com,Vetnio,winter-2025,active
leapingai.com,Leaping AI,winter-2025,active
flowtel.ai,Flowtel,winter-2025,active
tweeks.io,Tweeks.io,winter-2025,active
excellence-ai.com,Excellence Learning,winter-2025,active
praxim.ai,Praxim,winter-2025,active
heytelo.com,Hey Telo,winter-2025,active
subimage.io,SubImage,winter-2025,active
steinmetzmotors.com,Steinmetz,winter-2025,active
partcl.com,Partcl,spring-2025,active
axiom.trade,Axiom,winter-2025,active
bud.app,Bud,winter-2025,active
splash9.com,Splash Inc.,winter-2025,active
stampmail.ai,Stamp,winter-2025,active
alice.tech,Alice.tech,winter-2025,active
dotwave.ai,.Wave,winter-2025,active
awen.ai,awen,winter-2025,active
karoo.ca,Karoo,winter-2025,active
dartboard.ai,Dartboard,winter-2025,active
astroenergy.ai,Astro,winter-2025,active
vocalityhealth.com,Vocality Health,winter-2025,active
subtrace.dev,Subtrace,winter-2025,active
scoutforschools.com,Scout,winter-2025,active
promptless.ai,Promptless,winter-2025,active
closure-intel.com,Closure,winter-2025,active
conntour.com,Conntour,winter-2025,active
superglue.ai,superglue,winter-2025,active
dexto.ai,Dexto,winter-2025,active
ovlo.ai,Ovlo,winter-2025,active
contrario.ai,Contrario,winter-2025,active
rocketable.com,Rocketable,winter-2025,active
toothy.ai,Toothy AI,winter-2025,active
verbiflow.com,Verbiflow,winter-2025,active
a1zap.com,A1Zap by A1Base,winter-2025,active
a0.dev,a0.dev,winter-2025,active
maritimefusion.com,Maritime Fusion,winter-2025,active
usetrava.com,Trava,winter-2025,active
tryelip.ai,Elip AI,winter-2025,active
caseflood.ai,Caseflood.ai,winter-2025,active
weaveos.com,Weave,winter-2025,active
maive.ai,Maive,winter-2025,active
salespatriot.com,SalesPatriot,winter-2025,active
runparagon.com,Paragon,winter-2025,active
carecycle.ai,careCycle,winter-2025,active
inversionsemi.com,Inversion Semiconductor,winter-2025,active
adam.new,Adam,winter-2025,active
getrally.com,Rally,winter-2025,active
tergle.com,Tergle,winter-2025,active
trimresearch.com,Trim,winter-2025,active
tryamby.com,Amby Health,winter-2025,active
cardamon.ai,Cardamon,winter-2025,active
trybezel.com,Bezel,winter-2025,active
zeroentropy.dev,ZeroEntropy,winter-2025,acquired
okihome.ai,Oki,winter-2025,active
cifrato.ai,Cifrato,winter-2025,active
mosaic.so,Mosaic,winter-2025,active
getswerve.com,Swerve,winter-2025,active
osmosis.ai,Osmosis,winter-2025,active
operand.com,Operand,winter-2025,active
gethealthkey.com,HealthKey,winter-2025,active
10xdental.com,10x,winter-2025,active
mecha-health.ai,Mecha Health,winter-2025,active
cuckoo.so,Cuckoo Labs,winter-2025,active
finbar.com,finbar,winter-2025,active
hud.ai,HUD,winter-2025,active
fromolive.com,Olive,winter-2025,active
pax.markets,PAX Markets,winter-2025,active
pave-robotics.com,Pave Robotics,winter-2025,active
galevisa.com,Gale,winter-2025,active
asteroid.ai,Asteroid,winter-2025,active
macadamialabs.com,Macadamia,winter-2025,active
lucid.ai,Lucid,winter-2025,active
pickle.com,Pickle,winter-2025,active
bindwell.ai,Bindwell,winter-2025,active
stillwind.ai,Stillwind,winter-2025,active
harbera.com,Harbera,winter-2025,active
joincenote.com,Cenote,winter-2025,active
lopus.ai,Lopus,winter-2025,active
athenahq.ai,AthenaHQ,winter-2025,active
liquidcompute.com,Liquid Compute,winter-2025,active
glnkco.com,G LNK,winter-2025,active
mundoai.world,Mundo AI,winter-2025,active
lucidic.ai,Lucidic AI,winter-2025,active
candor.security,Candor,winter-2025,active
trytrata.com,Trata,winter-2025,active
solidroad.com,Solidroad,winter-2025,active
generaltrajectory.com,General Trajectory,winter-2025,active
rejot.dev,ReJot,winter-2025,active
agentin.ai,Agentin AI,winter-2025,active
bystreet.com,Bystreet,winter-2025,active
waypointtransit.com,Waypoint Transit,winter-2025,active
withriviera.com,Riviera,winter-2025,active
confident-ai.com,Confident AI,winter-2025,active
exla.ai,Exla,winter-2025,active
gokarsa.com,Karsa,winter-2025,active
nitrode.com,Nitrode,winter-2025,active
calltree.ai,Calltree,winter-2025,active
harperinsure.com,Harper,winter-2025,active
gettireswing.com,Tire Swing,fall-2026,active
outlit.ai,Outlit,winter-2025,active
usemesh.com,Mesh,winter-2025,active
orbitalops.tech,Orbital Operations,winter-2025,active
sennu.ai,Sennu AI,winter-2025,active
infinite.net,Infinite,winter-2025,active
usepeppr.ai,Peppr AI,winter-2025,active
openintake.ai,OpenIntake,winter-2025,active
societies.ai,Artificial Societies,winter-2025,active
miyagilabs.ai,Miyagi Labs,winter-2025,active
fuseai.com,Fuse AI,winter-2025,active
misprint.com,Misprint,winter-2025,active
afterquery.com,AfterQuery,winter-2025,active
mastra.ai,Mastra,winter-2025,active
forgeautomation.ca,Forge Automation,winter-2025,active
archon.inc,Archon,winter-2025,active
retrofit.shop,Retrofit,winter-2025,active
startpinch.com,Pinch,winter-2025,active
optifye.ai,Optifye.ai,winter-2025,active
reditus.space,Reditus Space,winter-2025,active
permitify.com,Permitify,winter-2025,active
wild-card.ai,Wildcard,winter-2025,active
corsair.dev,Corsair,winter-2025,active
proception.ai,Proception Inc,winter-2025,active
wozcode.com,Woz,winter-2025,active
spott.io,Spott,winter-2025,active
rebolt.ai,Rebolt,winter-2025,active
roark.ai,Roark,winter-2025,active
dalus.io,Dalus,winter-2025,active
waffle.ai,Waffle,spring-2025,active
tensorpool.dev,TensorPool,winter-2025,acquired
getbluebook.com,Bluebook,winter-2025,active
butter.dev,Butter,winter-2025,active
atlog.ai,Atlog,spring-2025,active
paratushealth.com,Paratus Health,winter-2025,active
runcopycat.com,CopyCat AI,winter-2025,active
joinergo.com,Ergo,winter-2025,active
tamlabs.ai,TamLabs,winter-2025,active
browser-use.com,Browser Use,winter-2025,active
cedarcopilot.com,Cedar,winter-2025,active
codevisor.dev,Codevisor,winter-2025,active
mercura.ai,Mercura,winter-2025,active
instinct-space.com,Instinct Space,winter-2025,active
sammylabs.com,SAMMY Labs,winter-2025,active
trainloop.ai,TrainLoop,winter-2025,active
thirdlayer.inc,Thirdlayer,winter-2025,active
trymonte.ai,Monte,summer-2025,active
axal.ai,Axal,winter-2025,active
artifact.engineer,Artifact,winter-2025,active
assistant-ui.com,assistant-ui,winter-2025,active
firaresearch.com,Fira,winter-2025,active
vantel.com,Vantel,winter-2025,active
ambral.com,Ambral,summer-2025,active
blindpay.com,BlindPay,winter-2025,active
wayline.com,Wayline,summer-2025,active
mentra.glass,Mentra,winter-2025,active
blaxel.ai,Blaxel,spring-2025,active
qfex.com,QFEX,spring-2025,active
redbarnrobotics.com,Red Barn Robotics,winter-2025,active
chestnutmortgage.com,Chestnut,spring-2025,active
frekil.com,Frekil,spring-2025,active
plexe.ai,Plexe,spring-2025,active
getkashikoi.com,Kashikoi,spring-2025,active
aravolta.com,Aravolta,spring-2025,active
vybe.build,Vybe,spring-2025,active
getnao.io,nao Labs,spring-2025,active
bitboard.work,BitBoard,spring-2025,active
golf.dev,Golf,spring-2025,active
autostep.ai,Autostep,spring-2026,active
cubic.dev,cubic,spring-2025,active
bloom.diy,Bloom,spring-2025,active
serafis.ai,Serafis,summer-2025,active
avallon.ai,Avallon AI,spring-2025,active
rungroundcontrol.com,GroundControl,spring-2025,active
joinminerva.ai,Minerva,spring-2025,active
cua.ai,Cua,spring-2025,active
synthiolabs.com,Synthio Labs,spring-2025,active
galenai.com,Galen AI,spring-2025,acquired
neoncoral.inc,neoncoral,spring-2025,active
getauctor.com,Auctor,spring-2025,active
ralo.com,Ralo,spring-2025,active
acolite.ai,Acolite,spring-2025,active
capacitive.ai,Capacitive,spring-2025,active
claimhealth.com,Claim Health,spring-2025,active
almond.bot,Almond,spring-2025,active
usefeyn.com,Feyn,spring-2025,active
helix-db.com,HelixDB,spring-2025,active
robot-learning.co,The Robot Learning Company,spring-2025,active
zeonsystems.ai,Zeon Systems,spring-2025,active
withmethod.ai,Method,spring-2025,active
kaelio.com,Kaelio,spring-2025,active
trybeluga.ai,Beluga,spring-2025,active
clarm.com,Clarm,spring-2025,active
sim.ai,Sim,spring-2025,active
trystratify.com,stratify,spring-2025,active
youlearn.ai,YouLearn,spring-2025,active
units.school,Units,spring-2025,active
mbodi.ai,Mbodi AI,spring-2025,active
kirana-ai.com,Kirana AI,spring-2025,acquired
pgdog.dev,PgDog,spring-2025,active
attunehq.com,Attune,spring-2025,active
kestral.ai,Kestral,spring-2025,active
getbluejay.ai,Bluejay,spring-2025,active
better-auth.com,Better Auth,spring-2025,active
parsewise.ai,Parsewise,spring-2025,active
refresh.dev,Refresh,spring-2025,active
paperinstruments.com,Paper Instruments,spring-2025,active
tinfoil.sh,Tinfoil,spring-2025,active
trapezehealth.com,Trapeze,spring-2025,active
jeevyfabrication.com,Jeevy Fabrication,spring-2025,active
projectchiron.org,Chiron,spring-2025,active
voiceos.com,VoiceOS,spring-2025,active
combinely.ai,Combinely,spring-2025,active
freesolo.co,Freesolo,spring-2025,active
tegore.ai,Tegore,spring-2025,active
sixtyfour.ai,Sixtyfour,spring-2025,active
photoniumoptics.com,Photonium,spring-2025,active
labric.co,Labric,spring-2025,active
opusense.com,Opusense AI,spring-2025,active
clidey.com,Clidey,spring-2025,active
habit.inc,HABIT,spring-2025,active
kaizenautomation.com,Kaizen,spring-2025,active
ticketwallet.com,Ticket Wallet,spring-2025,active
runrl.com,RunRL,spring-2025,active
morphik.ai,Morphik,spring-2025,active
nomi.so,Nomi,spring-2025,active
casco.com,Casco,spring-2025,active
crimson.law,Crimson,spring-2025,active
flotthq.com,Flott HQ,spring-2025,active
lucis.life,Lucis,spring-2025,active
throxy.com,throxy,spring-2025,active
getanana.com,Anana,spring-2025,active
irbc.com,IRBC,spring-2025,active
thetasoftware.com,Theta,spring-2025,active
novoflow.io,Novoflow,spring-2025,active
prisminference.com,Prism,spring-2025,active
withnixo.com,Nixo,summer-2025,active
qualgent.ai,QualGent,spring-2025,active
humanbehavior.co,Human Behavior,spring-2025,active
alkali.engineering,Alkali,spring-2025,active
besimple.ai,Besimple AI,spring-2025,active
cartpole.com,Cartpole,spring-2025,active
nodienergy.com,NODI Energy,spring-2025,active
vesence.com,Vesence,spring-2025,active
usethirdchair.com,Third Chair,spring-2025,active
klavis.ai,Klavis AI,spring-2025,active
paraquery.com,ParaQuery,spring-2025,active
sygaldry.com,Sygaldry Technologies,spring-2025,active
boostrobotics.ai,Boost Robotics,spring-2025,active
cactuscompute.com,Cactus Compute,summer-2025,active
vassarrobotics.com,Vassar Robotics,spring-2025,active
morpho.ai,MorphoAI,spring-2025,active
eloquentai.co,Eloquent AI,spring-2025,active
scalarfield.io,Scalar Field,spring-2025,active
cashew-labs.com,Cashew Labs,spring-2025,active
bramantebio.com,Bramante,spring-2025,active
valuemate.ai,ValueMate,spring-2025,active
orchid.ai,Orchid,spring-2025,active
hemut.com,Hemut,spring-2025,active
syntheticsociety.ai,Synthetic Society,summer-2025,active
withkairos.co,Kairos,spring-2025,active
usenaive.ai,Naïve,spring-2025,active
mesmer.co,Mesmer,spring-2025,active
chrt.com,chrt,spring-2025,active
mindfort.ai,MindFort,spring-2025,active
probo.com,Probo,spring-2025,active
adentris.com,Adentris,spring-2025,active
rimba.ai,Rimba,spring-2025,active
mobyanalytics.com,Moby Analytics,spring-2025,active
nimbic-ai.com,Nimbic AI,spring-2025,active
pelica.com,Pelica,spring-2025,active
cotool.ai,Cotool,spring-2025,active
propolis.tech,Propolis,spring-2025,acquired
getden.io,Den,spring-2025,active
mlop.ai,mlop,spring-2025,active
lumari.ai,Lumari,spring-2025,active
codefour.us,Code Four,spring-2025,active
thevisionlab.ai,Vision Lab,spring-2025,active
oncactus.com,Cactus,spring-2025,active
wavedash.com,Wavedash,spring-2025,active
starsling.dev,StarSling,spring-2025,active
text.ai,Text.ai,spring-2025,active
theorem.dev,Theorem,spring-2025,active
airweave.ai,Airweave,spring-2025,active
usesieve.com,sieve,spring-2025,active
blueshoe.com,Blueshoe,spring-2025,active
bondapp.io,Bond,spring-2025,active
cascadespace.com,Cascade Space,spring-2025,active
aegishealth.us,Aegis,spring-2025,active
bitpatrol.io,BitPatrol,spring-2025,acquired
godela.ai,Godela,spring-2025,active
foundation-industries.com,Foundation Industries,spring-2025,active
sureformhq.com,Sureform,spring-2025,active
docketqa.com,Docket,spring-2025,active
getcohesiveai.com,Cohesive,spring-2025,active
preseen.com,Preseen,summer-2025,active
fifthdoor.com,Fifth Door,fall-2025,active
pingo.ai,Pingo,summer-2025,active
becomeautonomous.com,Autonomous Technologies Group,fall-2025,active
useprox.com,Prox,fall-2025,active
adaptional.com,Adaptional,summer-2025,active
getasap.us,GETASAP,summer-2025,active
browse.dev,Meteor,summer-2025,active
closera.com,Closera,summer-2025,active
parametric.company,Parametric,fall-2025,active
dedaluslabs.ai,Dedalus Labs,summer-2025,active
acrely.ai,Acrely,summer-2025,active
promptingcompany.com,The Prompting Company,summer-2025,active
mangodesk.com,MangoDesk,summer-2025,active
halluminate.ai,Halluminate,summer-2025,active
traceroot.ai,TraceRoot.AI,summer-2025,active
agentmail.to,AgentMail,summer-2025,active
truthsystems.ai,truthsystems,summer-2025,active
blank.bio,Blank Bio,summer-2025,active
astor.app,Astor,summer-2025,active
lanesurf.com,Lanesurf,summer-2025,active
args.io,args,summer-2025,active
golpoai.com,Golpo,summer-2025,active
shorpay.com,Shor,summer-2025,active
usebidflow.com,Bidflow,winter-2026,active
theliva.ai,Liva AI,summer-2025,active
useplaygent.com,Playgent,summer-2025,active
vernerobotics.com,Verne Robotics,summer-2025,active
llm-stats.com,LLM Stats,summer-2025,active
contextfort.ai,ContextFort,summer-2025,active
datafruit.ai,Datafruit,summer-2025,active
topological.com,Topological,summer-2025,active
getlark.ai,Lark,summer-2025,active
n0labs.com,Null Labs,fall-2025,active
bitrig.com,Bitrig,summer-2025,active
gru.space,Galactic Resource Utilization Space  Inc. (GRU Space),winter-2026,active
effigov.com,EffiGov,summer-2025,active
designarena.ai,Design Arena,summer-2025,active
lotas.ai,Lotas,summer-2025,active
returnsignals.com,Signals,winter-2026,active
monarcha.ai,Monarcha,summer-2025,active
overdrive.health,Overdrive Health,winter-2026,active
orangeslice.ai,Orange Slice,summer-2025,active
wafer.ai,Wafer,summer-2025,active
usepanels.com,Panels,summer-2025,active
humwork.ai,Humwork,spring-2026,active
cyberdesk.io,Cyberdesk,summer-2025,active
janet.ai,Janet AI,summer-2025,active
getlilac.com,Lilac,summer-2025,active
imprezia.ai,Imprezia,summer-2025,active
alterauth.com,Alter,summer-2025,active
ondeckai.com,OnDeck AI,summer-2025,active
withasync.com,Async,summer-2026,active
frizzle.com,Frizzle,summer-2025,active
deepgrove.ai,DeepGrove,summer-2025,active
nori.ai,Nori,fall-2025,active
proliferate.com,Proliferate,summer-2025,active
magnitude.dev,Magnitude,summer-2025,active
stockline.ai,Stockline,summer-2025,active
roboticscenter.ai,DeepAware AI (Robotics Center of Silicon Valley),summer-2025,active
tesora.ai,Tesora,summer-2025,active
kestroll.com,Kestroll,summer-2025,active
pangolin.net,Pangolin,summer-2025,active
careswift.com,CareSwift,summer-2025,active
wedge.health,Wedge,summer-2025,active
slashy.com,Slashy,summer-2025,active
cocreate.so,cocreate,summer-2025,active
panoptive.com,Panoptive,summer-2025,active
inductionlabs.com,Induction Labs,summer-2026,active
nexa.farm,Nexa Labs,summer-2025,acquired
bootloop.ai,BootLoop,summer-2025,active
stellonlabs.com,Stellon Labs,summer-2025,active
kalinda.ai,Kalinda,summer-2025,active
riverbank.sh,Riverbank,summer-2025,active
convictiontrade.ai,Conviction,summer-2025,active
theorahq.com,Theora,summer-2025,active
doe.so,Doe,summer-2025,active
ironledger.ai,IronLedger.ai,summer-2025,active
askonestop.com,OneStop,summer-2025,active
trace.so,Trace,summer-2025,active
fulcrumresearch.ai,Fulcrum,summer-2025,active
b12-labs.com,b12 Labs,summer-2025,active
useflai.com,Flai,summer-2025,active
embedder.com,Embedder,summer-2025,active
costream.ai,Costream,summer-2025,active
epicenter.so,Epicenter,summer-2025,active
trychannel3.com,Channel3,summer-2025,active
ghosteye.ai,GhostEye,summer-2025,active
normalfactory.com,Normal,summer-2025,active
comena.ai,Comena,summer-2025,active
vibeflow.ai,VibeFlow,summer-2025,active
nozomio.com,Nozomio,summer-2025,active
trymimos.com,Mimos,summer-2025,active
twentytwo.bio,TwentyTwo,summer-2025,active
physicalturing.ai,Physical Turing,summer-2025,active
albacore.inc,Albacore Inc.,summer-2025,active
solvatechnology.com,Solva,summer-2025,active
phases.ai,Phases,summer-2025,active
perseusdefense.com,Perseus Defense,summer-2025,active
novaflow.ai,Novaflow,summer-2025,active
manufact.com,Manufact,summer-2025,active
char.com,Char,summer-2025,active
relling.co,Relling,summer-2025,active
motives.ai,Motives,summer-2025,active
autumn.ai,Autumn AI,winter-2026,active
gofinto.com,Finto,summer-2025,active
getirongrid.com,Iron Grid,summer-2025,active
procindex.com,ProcIndex,summer-2025,active
autosana.ai,Autosana,summer-2025,active
knowlify.com,Knowlify,summer-2025,active
omnara.com,Omnara,summer-2025,active
misolabs.ai,Miso Labs,spring-2026,active
risely.ai,Risely AI,summer-2025,active
gominimal.ai,Minimal AI,summer-2025,active
getsocratix.ai,Socratix AI,summer-2025,active
alaradental.com,Alara,summer-2025,active
os3robotics.com,OS3,summer-2026,active
floot.com,Floot,summer-2025,active
idler.ai,idler,summer-2025,active
trymaximal.com,Maximal,summer-2025,active
humoniq.ai,Humoniq,summer-2025,active
nautilus.co,Nautilus,summer-2025,active
avelishealth.com,Avelis Health,summer-2025,active
evergrovelabs.com,Evergrove,summer-2026,active
pares.ai,PARES AI,summer-2025,active
foresight.tt,Foresight,spring-2026,active
altur.io,Altur,summer-2025,active
quotain.com,Quotain,summer-2025,active
withmetis.ai,Metis,summer-2025,acquired
f4.dev,F4 Industries,summer-2025,active
sira.team,Sira,summer-2025,active
opennote.com,Opennote,summer-2025,acquired
sigmanticai.com,SigmanticAI,summer-2025,active
convexia.bio,Convexia,summer-2025,active
pleom.com,Pleom,summer-2025,active
fernstone.com,Fernstone,fall-2025,active
locatahealth.com,Locata,summer-2025,active
pally.com,Pally,summer-2025,active
notte.cc,Notte,summer-2025,active
hera.video,Hera,summer-2025,active
certus-ai.com,Certus AI,summer-2025,active
reacherapp.com,Reacher,summer-2025,active
kernel.sh,KERNEL,summer-2025,active
rebulk.com,Rebulk,summer-2025,active
pollen.cx,Pollen,winter-2026,active
okibi.ai,Okibi,summer-2025,active
juxta.com,Juxta,summer-2025,active
buttoncomputer.com,Button Computer,winter-2026,active
useflywheel.ai,Flywheel AI,summer-2025,active
stagewise.io,stagewise,summer-2025,active
clodo.ai,CLODO,summer-2025,active
fleetline.ai,Fleetline,summer-2025,active
magnetictax.com,Magnetic,summer-2025,active
modelence.com,Modelence,summer-2025,active
perspectiveshealth.ai,Perspectives Health,summer-2025,active
smartbase.so,Smartbase,spring-2026,active
duranium.co,Duranium,summer-2025,active
rowflow.ai,RowFlow,summer-2025,active
munify.ai,Munify,summer-2025,active
interfere.com,Interfere,summer-2025,active
spotlight.realty,Spotlight Realty,summer-2025,active
usebizzy.com,Bizzy AI,summer-2025,active
vulcan.ai,Vulcan Technologies,summer-2025,active
noso.so,NOSO LABS,summer-2025,active
asksapien.ai,Sapien,summer-2025,active
veritus.com,Veritus,summer-2025,active
ruvo.com,Ruvo,summer-2025,active
aventindustrial.com,Avent,summer-2025,active
getburnt.ai,burnt,summer-2025,active
freyavoice.ai,Freya,summer-2025,active
luminal.com,Luminal,summer-2025,active
realroots.com,RealRoots,summer-2025,active
upliftai.org,Uplift AI,summer-2025,active
getpaloma.ai,Paloma,summer-2025,active
usemixy.com,Mixy,fall-2025,active
heyblue.com,Blue,summer-2025,active
digipals.app,Digipals,fall-2025,active
noxmetals.co,Nox Metals,summer-2025,active
efference.ai,Efference,fall-2025,active
trylapis.com,Lapis,fall-2025,active
semiotic.com,Semiotic,fall-2025,active
useremedy.co,Remedy,fall-2025,acquired
f2.ai,F2,summer-2025,active
brickanta.com,Brickanta,fall-2025,active
aircaps.com,AirCaps,fall-2025,active
uplane.com,Uplane,fall-2025,active
getstructured.ai,Structured AI,fall-2025,active
parse.bot,Parse,fall-2025,active
brickwiseai.com,Brickwise,fall-2025,active
parrotapp.com,Parrot,fall-2025,active
movedot.ai,MOVEdot,fall-2025,active
zavo.ai,Zavo,fall-2025,active
agent.nexus,Nexus,fall-2025,active
bolna.ai,Bolna AI,fall-2025,active
hyperspell.com,Hyperspell,fall-2025,active
scooplabs.ai,Scoop,fall-2025,active
aspect.inc,Aspect,fall-2025,active
deeptrace.com,Deeptrace,fall-2025,active
paywithlocus.com,Locus,fall-2025,active
alt-x.co,Alt-X,winter-2026,active
caddy.app,Caddy,fall-2025,active
sorce.jobs,Sorce,fall-2025,active
thecontextcompany.com,The Context Company,fall-2025,active
dari.dev,dari.dev,fall-2025,active
lunavo.ai,Lunavo,fall-2025,active
usesoren.com,Soren,fall-2025,active
norra.io,Norra,fall-2025,active
kaigohealth.ai,Kaigo Health,fall-2025,active
koyal.ai,Koyal,fall-2025,active
askbron.ai,Bron,fall-2025,active
tellif.ai,Tell if AI,fall-2025,active
minro.com,Minro,fall-2025,active
verialabs.com,Veria Labs,fall-2025,active
velum-labs.com,Velum Labs,winter-2026,active
trelium.com,Trelium,fall-2025,active
cranston.ai,Cranston AI,fall-2025,active
hypercubic.ai,Hypercubic,fall-2025,active
nessielabs.com,Nessie,fall-2025,active
wardstone.us,Wardstone,fall-2025,active
atlasgrid.ai,AtlasGrid,fall-2025,active
hillclimb.com,hillclimb,fall-2025,active
flick.art,Flick,fall-2025,active
sembleai.com,Semble,fall-2025,active
clerked.ai,Clerked,fall-2025,active
sellraze.com,SellRaze,fall-2025,active
lakonia.us.com,Lakonia,fall-2025,active
meetalder.com,Alder,fall-2025,active
answerthis.io,AnswerThis,fall-2025,active
sf-tensor.com,SF Tensor,fall-2025,active
unsiloed.ai,Unsiloed AI,fall-2025,active
allus.ai,Allus AI,fall-2025,active
multifactor.com,Multifactor,fall-2025,active
sciloop.dev,Sciloop,fall-2025,active
logosguard.com,LogosGuard,fall-2025,active
usekestrel.ai,Kestrel AI,fall-2025,active
tensr.com,Tensr,summer-2026,active
travoai.com,Travo,winter-2026,active
agenticfabriq.com,Agentic Fabriq,winter-2026,active
logical.io,Logical,fall-2025,active
alephlab.ai,Aleph Lab,fall-2025,active
helonic.com,Helonic,fall-2025,active
redapto.com,Redapto,fall-2025,active
captain.dev,Captain,winter-2026,active
sunflowerclinic.com,Sunflower,summer-2026,active
finaldose.ai,FinalDose,spring-2026,active
bravi.app,Bravi,fall-2025,active
complydo.io,ComplyDo,fall-2025,active
codyco.ai,Codyco,fall-2025,active
getlexi.io,Lexi,fall-2025,active
compyle.ai,Compyle,fall-2025,active
selfin.app,Selfin,fall-2025,active
frontier.site,Frontier Computing,summer-2026,active
caseyinsure.com,Casey,fall-2025,active
paceline.bio,Paceline Bio,fall-2025,active
oxus-ai.com,Oxus,winter-2026,active
darwinrobotics.ai,Darwin,fall-2025,active
radiusbrowser.com,Radius,fall-2025,active
cortexrobot.ai,Cortex AI,fall-2025,active
pixleyai.com,Pixley AI,fall-2025,active
leadbay.ai,Leadbay,fall-2025,active
nucleoresearch.com,Nucleo,fall-2025,active
tornyol.com,Tornyol,fall-2025,active
s2.dev,s2.dev,fall-2025,active
patentwatch.ai,Patent Watch,fall-2025,active
anto.bio,Anto Biosciences,fall-2025,active
imagineai.me,Imagine AI,fall-2025,active
expectedparrot.com,Expected Parrot,fall-2025,active
everestagi.com,Everest,fall-2025,active
tryscott.ai,Scott AI,fall-2025,active
aside.com,Aside,fall-2025,active
tryprism.com,Prism,spring-2026,active
zalos.ai,Zalos,fall-2025,active
sourcebot.dev,Sourcebot,fall-2025,active
philon.ai,Philon,fall-2025,active
heylua.ai,Lua Global Inc,fall-2025,active
usecrunched.com,Crunched,fall-2025,active
usenarrative.ai,Narrative,fall-2025,active
relaw.ai,Relaw,fall-2025,active
specific.dev,Specific,fall-2025,active
automax.ai,Automax.ai,fall-2025,active
useclad.ai,Clad Labs,fall-2025,active
absurd.com,Absurd,fall-2025,active
kalpalabs.ai,Kalpa Labs,fall-2025,active
metorial.com,Metorial,fall-2025,active
denki.ai,Denki,fall-2025,active
takecareos.com,TakeCareOS,spring-2026,active
savahq.com,Sava,fall-2025,active
icarus.one,Icarus,fall-2025,active
karumi.ai,Karumi,fall-2025,active
perseus.computer,Perseus,fall-2025,active
uselemma.ai,Lemma,fall-2025,active
exonic.ai,Exonic,fall-2025,active
jarmin.ai,Jarmin,fall-2025,active
generalastro.com,General Astronautics,winter-2026,active
madethis.com,MadeThis,fall-2025,active
rovi.health,Rovi Health,fall-2025,active
miniswap.gg,Miniswap,fall-2025,active
freeportmarkets.com,Freeport Markets,fall-2025,active
useboom.ai,Boom AI,fall-2025,active
layers.bio,Layers,fall-2025,active
thehog.ai,The Hog,fall-2025,active
lightberry.com,Lightberry,fall-2025,active
getbluma.com,Bluma,fall-2025,active
forge-robotics.com,Forge Robotics,fall-2025,active
amerahealthsolutions.com,Amera,fall-2025,active
diligencesquared.com,DiligenceSquared,fall-2025,active
velvetlab.ai,Velvet,fall-2025,active
axialcompute.com,Axial,fall-2025,active
lunabill.com,LunaBill,fall-2025,active
antigen.sh,Antigen,fall-2025,active
vectorlegal.com,Vector Legal,winter-2026,active
fastshot.ai,Fastshot,fall-2025,active
goclicks.ai,Clicks Health,fall-2025,active
voltairlabs.com,Voltair,winter-2026,active
markittrade.com,MarkIt,fall-2025,active
zarnaai.com,Zarna,fall-2025,active
moss.dev,Moss,fall-2025,active
withspecific.com,Specific Labs,fall-2025,active
amika.dev,Amika,fall-2025,active
openroll.com,Openroll,fall-2025,active
rivet.design,Rivet,fall-2025,active
crosslayerlabs.com,Crosslayer Labs,winter-2026,active
item.app,item,fall-2025,active
ndea.com,Ndea,winter-2026,active
mayflowervisa.com,Mayflower,fall-2025,active
zephyrfusion.com,Zephyr Fusion,fall-2025,active
inviscidai.com,Inviscid AI,winter-2026,active
claimglide.com,ClaimGlide,winter-2026,active
haladir.com,Haladir,winter-2026,active
mantisbiotech.com,Mantis,winter-2026,active
catchbackcards.com,CatchBack Cards,winter-2026,active
ploy.ai,Ploy,spring-2026,active
advancedmetalresearch.com,Advanced Metal Research,spring-2026,active
linzumi.com,Linzumi,spring-2026,active
waddlelabs.ai,Waddle Labs,summer-2026,active
fullseam.com,FullSeam,winter-2026,active
corvera.ai,Corvera,winter-2026,active
arcprize.org,ARC Prize Foundation,winter-2026,active
valgo.ai,Valgo,winter-2026,active
helloeos.ai,Eos AI,winter-2026,active
hlaboratories.com,Hlabs,winter-2026,active
askclara.com,Clara,spring-2026,active
origin.bio,Origin,winter-2026,active
payna.com,Payna,winter-2026,active
onetriangle.ai,OneTriangle,summer-2026,active
imperfect.co,Imperfect,spring-2026,active
pantainsure.com,Panta,winter-2026,active
didit.me,Didit,winter-2026,active
onerobot.io,One Robot,winter-2026,active
quotientlabs.com,Quotient Labs,winter-2026,active
kita.ai,Kita,winter-2026,active
klausai.com,Klaus AI,winter-2026,active
rumacare.com,Ruma Care,winter-2026,active
getprescience.com,Prescience  Inc.,summer-2026,active
lucenthq.com,Lucent,winter-2026,active
runanywhere.ai,RunAnywhere,winter-2026,active
lance.live,Lance,winter-2026,active
docurahealth.com,Docura Health,winter-2026,active
meetmirabelle.com,Mirabelle,winter-2026,active
axisanalysis.com,Axis,winter-2026,active
lexius.ai,Lexius,winter-2026,active
tryasimov.ai,Asimov,winter-2026,active
shortkit.dev,shortkit,winter-2026,active
rev1.so,REV1,winter-2026,active
10xscience.com,10x Science,winter-2026,active
sentrial.com,Sentrial,winter-2026,active
legalos.ai,LegalOS,winter-2026,active
getfuchsia.ai,Fuchsia,spring-2026,active
cofia.ai,Cofia,winter-2026,active
protent.ai,Protent,winter-2026,active
baseframe.co,BaseFrame,winter-2026,active
strandai.com,Strand AI,winter-2026,active
beaconhealth.ai,Beacon Health,winter-2026,active
runcascade.com,Cascade,winter-2026,active
envariant.ai,Envariant,winter-2026,active
burthq.com,Burt,winter-2026,active
celltype.com,CellType,winter-2026,active
pirislabs.io,Piris Labs,winter-2026,active
openspec.dev,OpenSpec,winter-2026,active
cignara.com,Cignara,spring-2026,active
dev.fast,/dev/fast,winter-2026,active
zerosettle.io,ZeroSettle,winter-2026,active
avoice.co,Avoice,winter-2026,active
21st.dev,21st,winter-2026,active
palus.finance,Palus Finance,winter-2026,active
tepali.com,Tepali,winter-2026,active
cumuluslabs.io,Cumulus Labs,winter-2026,active
verdexai.com,Verdex,winter-2026,active
autositu.com,AutoSitu,winter-2026,active
zatanna.ai,Zatanna,winter-2026,active
mousecat.ai,MouseCat,winter-2026,active
skillsync.com,Skillsync,winter-2026,active
robodock.tech,RoboDock,winter-2026,active
schedulingwiz.com,Scheduling Wizard,winter-2026,active
luel.ai,Luel,winter-2026,active
aemon.ai,Aemon,winter-2026,active
ashr.io,Ashr,winter-2026,active
codewisp.ai,CodeWisp,winter-2026,active
tryoctapulse.com,OctaPulse,winter-2026,active
beyondreachlabs.com,Beyond Reach Labs,winter-2026,active
milliray.com,Milliray,winter-2026,active
ramain.ai,RamAIn,winter-2026,active
moritzlegal.com,Moritz,winter-2026,active
usesalus.ai,Salus,winter-2026,active
eigenpal.com,EigenPal,winter-2026,active
sparkles.dev,Sparkles,winter-2026,active
fern.bot,Fern,winter-2026,active
perfectly.so,Perfectly,winter-2026,active
orthogonal.com,Orthogonal,winter-2026,active
ventura.ai,Ventura,winter-2026,active
drafted.ai,Drafted,spring-2026,active
terranox.ai,Terranox AI,winter-2026,active
paysponge.com,Sponge,winter-2026,active
mangomedical.io,Mango Medical,winter-2026,active
rapidfolio.com,Rapidfolio,summer-2026,active
confluence.sh,Confluence Labs,winter-2026,active
opalitehealth.com,Opalite Health,winter-2026,active
compresr.ai,Compresr,winter-2026,active
incidentfox.ai,IncidentFox,winter-2026,active
unisson.ai,Unisson,winter-2026,active
stilta.com,Stilta,winter-2026,active
instinct.xyz,Instinct,winter-2026,active
proximitty.ai,Proximitty,winter-2026,active
caj.al,Cajal,winter-2026,active
overshoot.ai,Overshoot,winter-2026,active
terminaluse.com,Terminal Use,winter-2026,active
laurence.com,Laurence,winter-2026,active
parameter.ai,Parameter,winter-2026,active
paxhistoria.co,Pax Historia,winter-2026,active
rhizomeai.com,Rhizome AI,winter-2026,active
pranadoc.com,Prana,winter-2026,active
cardboard.ai,Cardboard,winter-2026,active
jinba.io,Jinba,winter-2026,active
seeing-systems.com,Seeing Systems,winter-2026,active
syntheticsciences.ai,Synthetic Sciences,winter-2026,active
visiblsemi.com,Visibl Semiconductors,winter-2026,active
patientdesk.ai,Patientdesk.ai,winter-2026,active
assemble.ai,Assemble,summer-2026,active
usechamber.io,Chamber,winter-2026,active
endclose.com,End Close,winter-2026,active
fenrock.ai,Fenrock AI,winter-2026,active
maywoodai.com,Maywood,winter-2026,active
revion.inc,Revion,winter-2026,active
traverse.so,Traverse,winter-2026,active
approxima.ai,Approxima,winter-2026,active
9mothers.com,9 Mothers,spring-2026,active
valence.trade,Valence,winter-2026,active
usereframe.ai,Reframe,winter-2026,active
congruent.io,Congruent,winter-2026,active
inventoryquant.com,InventoryQuant,winter-2026,active
emdash.com,Emdash,winter-2026,active
ressl.ai,Ressl AI,winter-2026,active
tryrobby.com,Robby,winter-2026,active
sitefire.ai,Sitefire,winter-2026,active
forum.market,Forum,winter-2026,active
humanarchive.ai,Human Archive,winter-2026,active
samora.ai,Samora AI,winter-2026,active
caretta.so,Caretta,winter-2026,active
oximy.com,Oximy,winter-2026,active
axionorbital.space,AxionOrbital Space,winter-2026,active
sazabi.com,Sazabi,spring-2026,active
constellation.space,Constellation Space,winter-2026,active
byteport.com,Byteport,winter-2026,active
heypocket.com,Pocket,winter-2026,active
bubblelab.ai,Bubble Lab,winter-2026,active
archal.ai,Archal,summer-2026,active
polymathlabs.ai,Polymath,winter-2026,active
voxelenergy.com,Voxel Energy,winter-2026,active
netter.ai,Netter,spring-2026,active
superset.sh,Superset,spring-2026,active
datoric.com,Datoric,summer-2026,active
servo7.com,Servo7,winter-2026,active
dittobio.com,Ditto Biosciences,winter-2026,active
librabots.com,Libra Robotics,summer-2026,active
sequencemkts.com,Sequence Markets,winter-2026,active
doomersion.com,Doomersion,winter-2026,active
o11.ai,o11,winter-2026,active
anchorhead.ai,Anchorhead,winter-2026,active
tryremy.ai,Remy AI,winter-2026,active
chasi.ai,Chasi,winter-2026,active
goekpa.com,Ekpa,summer-2026,active
getbalance.ai,Balance,winter-2026,active
fort.cx,Fort,winter-2026,active
general.legal,General Legal,winter-2026,active
corelayer.com,Corelayer,winter-2026,active
bookoapp.com,Booko,winter-2026,active
foreman.co,Foreman,winter-2026,active
myturnstone.ai,Turnstone,winter-2026,active
squid.energy,Squid,winter-2026,active
inth.com,Inth,spring-2026,active
fed10.ai,Fed10,winter-2026,active
beesafe.ai,BeeSafe AI,winter-2026,active
meteoric.earth,Meteoric,summer-2026,active
thetokencompany.com,The Token Company,winter-2026,active
moda.dev,Moda,winter-2026,active
trymaven.com,Maven,winter-2026,active
silahq.com,Sila,winter-2026,active
usegrade.com,Grade,winter-2026,active
runcanary.ai,Canary,winter-2026,active
atlia.com,Atlia,summer-2026,active
pingdream.com,Dream,summer-2026,active
tsenta.com,Tsenta,summer-2026,active
copperlane.ai,Copperlane,winter-2026,active
controlseat.com,Control Seat,summer-2026,active
talkingcomputers.ai,Talking Computers,winter-2026,active
veriad.com,Veriad,winter-2026,active
tryvela.ai,Vela,winter-2026,active
cova.care,Cova,summer-2026,active
mochacare.com,MochaCare,winter-2026,active
voygr.tech,VOYGR,winter-2026,active
pothlabs.com,Poth Labs,summer-2026,active
spotpay.ai,SpotPay,winter-2026,active
khotan.com,Khotan (formerly Pollinate),winter-2026,active
usepolymorph.com,Polymorph,winter-2026,active
ritivel.com,Ritivel,winter-2026,active
dipolelabs.com,Dipole Labs,summer-2026,active
zymbly.com,Zymbly,winter-2026,active
regbase.com,Regbase,spring-2026,active
ossus.com,Ossus,winter-2026,active
origami-robotics.com,Origami Robotics,winter-2026,active
brumby,Brumby (Formerly GrazeMate),winter-2026,active
daivin.tech,DAIVIN!,winter-2026,active
fixture.app,Fixture,winter-2026,active
aurorincad.com,Aurorin CAD,winter-2026,active
trybloom.ai,Bloom,spring-2026,active
dispatch.space,Dispatch,spring-2026,active
superpenguin.ai,Carrot Labs,winter-2026,active
unifold.io,Unifold,winter-2026,active
ae-dyn.com,Applied Electrodynamics  Inc.,summer-2026,active
wayco.ai,Wayco,winter-2026,active
shofo.ai,Shofo,winter-2026,active
openvector.com,OpenVector,summer-2026,active
remix.re,Remix,winter-2026,active
condor.energy,Condor Energy,winter-2026,active
litmushiring.com,Litmus,summer-2026,active
martini.film,Martini,winter-2026,active
wideframe.com,Wideframe,winter-2026,active
trycardinal.com,Cardinal,winter-2026,active
hedgespecialty.com,Hedge,spring-2026,active
surtrdefense.com,Surtr Defense Systems,spring-2026,active
klarify.ca,Klarify,spring-2026,active
korsoai.com,Korso,spring-2026,active
primitive.dev,primitive,spring-2026,active
standardsignal.com,Standard Signal,spring-2026,active
tryluke.dev,Stage,spring-2026,active
perfectbit.ai,PerfectBit  Inc.,spring-2026,active
trymemoir.ai,Memoir,spring-2026,active
illumelabs.ai,Illume Labs,summer-2026,active
mostrobotic.com,Most Robotic,summer-2026,active
multiplier.ai,Multiplier,spring-2026,active
totalis.trade,Totalis,spring-2026,active
replicas.dev,Replicas,spring-2026,active
rudus.ai,Rudus,spring-2026,active
palettelabs.com,Palette,summer-2026,active
hexaagents.com,Hexa,spring-2026,active
tryscope.app,Scope,spring-2026,active
onmarker.com,Marker,summer-2026,active
twolabs.ai,Twolabs,spring-2026,active
lightsprint.ai,LightSprint,spring-2026,active
discoveredmaterials.com,Discovered Materials,spring-2026,active
trysaffron.ai,Saffron,spring-2026,active
trychert.com,Chert,spring-2026,active
ninefives.com,Nine Fives,spring-2026,active
andustry.com,Andustry,spring-2026,active
zenbu.dev,Zenbu,spring-2026,active
inloop-robotics.com,InLoop Robotics,spring-2026,active
getdayjob.ai,Dayjob,spring-2026,active
thecompany.company,The Company Company,fall-2026,active
trellistech.com,Trellis,spring-2026,active
atrisa.ai,Atrisa,spring-2026,active
tenetindustries.com,Tenet Industries,spring-2026,active
hub.xyz,Hub,spring-2026,active
lightanchor.ai,Light Anchor,spring-2026,active
lim.run,Limrun,spring-2026,active
godhands.dev,GodHands,fall-2026,active
superlog.sh,Superlog,spring-2026,active
govguard.com,GovGuard,spring-2026,active
kinro.com,Kinro,spring-2026,active
junocompanion.com,Juno,spring-2026,active
zolvo.com,Zolvo,spring-2026,active
interfaze.ai,Interfaze,spring-2026,active
elyrasystems.com,Elyra,spring-2026,active
wealor.ai,Wealor,spring-2026,active
gethevn.com,HEVN  inc,spring-2026,active
kelaitech.com,KelAI,spring-2026,active
deepinteractions.ai,Deep Interactions,spring-2026,active
qomplement.com,qomplement,spring-2026,active
pavoot.com,Pavoot,spring-2026,active
madrone.cool,Madrone,spring-2026,active
shotwell.ai,shotwell.ai,spring-2026,active
standout.work,Standout,spring-2026,active
transload.ai,transload,spring-2026,active
userlens.io,Userlens,spring-2026,active
withsherpa.ai,Sherpa,spring-2026,active
antinuous.com,Antinuous,spring-2026,active
instaagent.com,InstaAgent,spring-2026,active
rentahuman.ai,RentAHuman,spring-2026,active
useandco.com,Andco,spring-2026,active
argalabs.com,Arga Labs,spring-2026,active
dreach.ai,Dreach,spring-2026,active
synphony.co,Synphony,spring-2026,active
callab.ai,Callab AI,spring-2026,active
pairio.com,Pairio,spring-2026,active
taigabilling.com,Taiga,spring-2026,active
stablebrowse.ai,StableBrowse,spring-2026,active
kimpton.ai,Kimpton,spring-2026,active
laminalabs.ai,Lamina Labs,spring-2026,active
bentolabs.ai,BentoLabs AI,spring-2026,active
lab0.ai,Lab0,spring-2026,active
wondertx.ai,WonderTx,summer-2026,active
gojiberry.ai,Gojiberry AI,spring-2026,active
napkinmath.club,Napkin Math,spring-2026,active
ontora.com,Ontora,spring-2026,active
oddpool.com,Oddpool,spring-2026,active
voquill.com,Voquill,spring-2026,active
keyframelabs.com,Keyframe Labs,spring-2026,active
heysavant.com,Savant,spring-2026,active
adialante.com,Adialante,spring-2026,active
lumius-imaging.com,Lumius,spring-2026,active
prototyping.io,Prototyping.io,spring-2026,acquired
textsidekick.com,Sidekick,summer-2026,active
result.dev,Result,spring-2026,active
useparrot.com,Parrot,spring-2026,active
mount.insure,Mount,spring-2026,active
infera.bio,Infera,spring-2026,active
aicepower.com,AICE,spring-2026,active
complir.io,Complir,spring-2026,active
runharbor.com,Harbor,spring-2026,active
useallowance.com,Allowance,spring-2026,active
smolmachines.com,smol machines,spring-2026,active
rivermarkets.com,River Markets,spring-2026,active
masterpiecelabs.xyz,Masterpiece,spring-2026,active
degla.ai,Degla Inc,fall-2026,active
minicor.com,Minicor,spring-2026,active
e1o.com,E1O,spring-2026,active
tday.com,tday.com,spring-2026,active
general-instinct.com,General Instinct,spring-2026,active
valctrl.com,ValCtrl,spring-2026,active
reasonmachines.com,Reason Machines,spring-2026,active
zibralabs.ai,Zibra Labs,spring-2026,active
plan0.ai,PLAN0 AI,spring-2026,active
usecollarai.com,Collar,fall-2026,active
armature.tech,Armature,spring-2026,active
soriaanalytics.com,Soria,spring-2026,active
aseonlabs.com,Aseon Labs,spring-2026,active
walter.one,Walter,spring-2026,active
chronicle-labs.com,Chronicle Labs,spring-2026,active
tasklet.ai,Tasklet,spring-2026,active
watolabs.com,Wato,spring-2026,active
kuli.one,Kuli,spring-2026,active
tryardent.com,Ardent,spring-2026,active
getbiostack.com,BioStack Platforms,spring-2026,active
silmaril.dev,Silmaril,spring-2026,active
pops.fyi,Pops,spring-2026,active
saudara.ai,Saudara AI,spring-2026,active
memory.store,Memory Store,spring-2026,active
abinitio-bio.com,AbInitio Bio,spring-2026,active
anoria.com,ANORIA,spring-2026,active
ornadyne.com,Ornadyne,spring-2026,active
aquashieldai.com,AquaShield,spring-2026,active
foaster.ai,Foaster,spring-2026,active
edenrobotics.ai,Eden Robotics,spring-2026,active
nxtcure.com,Nxtcure Labs,fall-2026,active
tester.army,TesterArmy,spring-2026,active
plena.health,Plena Health,spring-2026,active
raspire.com,RASPIRE,spring-2026,active
mentlio.com,Mentlio,summer-2026,active
hessian.sh,Hessian,spring-2026,active
amboras.com,Amboras,spring-2026,active
asterlab.ai,Aster,spring-2026,active
prose.md,OpenProse,spring-2026,active
generalaviation.com,General Aviation,spring-2026,active
apolloatomics.com,Apollo Atomics  Inc.,spring-2026,active
openworklabs.com,OpenWork,spring-2026,active
tolmo.com,Tolmo,spring-2026,active
projectx.cloud,ProjectX,spring-2026,active
useauxos.com,Auxos,spring-2026,active
arzana.com,Arzana,spring-2026,active
pentagon.run,Pentagon,spring-2026,active
characterquilt.com,CharacterQuilt,spring-2026,active
expanse.sh,Expanse,spring-2026,active
youart.ai,YouArt,spring-2026,active
runtm.com,Runtime,spring-2026,active
trykinect.ai,Kinect,spring-2026,active
gravy.finance,Gravy,spring-2026,active
agentphone.ai,AgentPhone,spring-2026,active
ardentech.ai,Arden,spring-2026,active
myunowallet.com,Uno Wallet,spring-2026,active
revnu.com,Revnu,spring-2026,active
asendia.ai,Asendia AI,spring-2026,active
mochatrade.com,Mochatrade,spring-2026,active
avearobotics.com,Avea Robotics,spring-2026,active
manicule.com,Manicule,spring-2026,active
atlasdiscovery.bio,Atlas Discovery,summer-2026,active
latticehealthai.com,Lattice Health,spring-2026,active
tryastraea.com,Astraea,spring-2026,active
arlo1.com,Arlo Industries,spring-2026,active
gigacatalyst.com,Gigacatalyst,spring-2026,active
tridentsecurity.io,Trident,summer-2026,active
flowscope.com,flowscope,spring-2026,active
klaimee.ai,Klaimee,spring-2026,active
kugelaudio.com,KugelAudio,spring-2026,active
centralcoms.com,CentralComs,spring-2026,active
withpanacea.com,Panacea,spring-2026,active
getmodern.ai,Modern,spring-2026,active
reasonblocks.com,ReasonBlocks,spring-2026,active
insforge.dev,InsForge,spring-2026,active
heyhyper.ai,Hyper,spring-2026,active
enjamb.ai,Enjamb Labs,spring-2026,active
arctic.health,Arctic Health,spring-2026,active
framewisehealth.com,Framewise Health,spring-2026,active
clawvisor.com,Clawvisor,spring-2026,active
rekursiv.ai,rekursiv.ai,summer-2026,active
agentmuxer.com,Amorphic Labs,summer-2026,active
intelligence-factory.com,Intelligence Factory,spring-2026,active
maquoketa.net,Maquoketa Research,spring-2026,active
cohesionplatform.com,Cohesion,spring-2026,active
madebythomas.ai,Thomas,spring-2026,active
huscarl.io,Huscarl,spring-2026,active
propriorobotics.com,Proprio Robotics,summer-2026,active
maxxwell.dev,Rindler,summer-2026,active
gbrain.io,GBrain,spring-2026,active
heyclicky.com,HeyClicky,spring-2026,active
akkari.io,Akkari,spring-2026,active
edgerun.com,Edgerun,summer-2026,active
runinfra.ai,RightNow,fall-2026,active
git.cafe,GitCafe,summer-2026,active
hickory.co,Hickory & Company,fall-2026,active
kebra.com,Kebra,summer-2026,active
usetorus.com,Torus,summer-2026,active
tash.cards,tash,summer-2026,active
pango.ai,Pango,summer-2026,active
roma.app,Roma,fall-2026,active
hoplite.sh,Hoplite,summer-2026,active
moonshot.computer,Moonshot,summer-2026,active
donkey.trade,Donkey,summer-2026,active
manufacturingintelligence.org,HERA,summer-2026,active
erinys.ai,Erinys,summer-2026,active
perceptronml.com,Perceptron ML,summer-2026,active
massmagnetics.com,Mass Magnetics,summer-2026,active
ego.ist,Egoist Machines,summer-2026,active
olamlabs.ai,Olam Labs,summer-2026,active
shieldedglobal.com,Shielded,summer-2026,active
belvedir.ai,Belvedir,summer-2026,active
parasma.com,Parasma,summer-2026,active
trope.ai,Trope,summer-2026,active
palisade.run,Palisade,summer-2026,active
karalabs.ai,Kara,summer-2026,active
nebusec.ai,NebuSec,summer-2026,active
zommalabs.com,Zomma,summer-2026,active
rex.inc,Rex,summer-2026,active
enact.company,Enact,summer-2026,active
maingen.com,Maingen,summer-2026,active
bernardhq.com,Bernard,summer-2026,active
trystudio.ai,Studio,summer-2026,active
prized.dev,Prized,summer-2026,active
tryrote.com,Rote,winter-2027,active
orchestra.ai,Orchestra,summer-2026,active
synapsesemi.org,Synapse Semiconductor,summer-2026,active
speko.ai,Speko,summer-2026,active
gutgutgoose.com,Gutgutgoose,summer-2026,active
lemonlime.com,LemonLime,summer-2026,active
jcode.sh,Jcode,summer-2026,active
insurf.io,Insurf,summer-2026,active
impact-drones.com,IMPACT Drones,summer-2026,active
verdantapp.com,Verdant,summer-2026,active
instaplay.ai,Instaplay,summer-2026,active
lyon.so,Lyon,fall-2026,active
rise-reforming.com,Rise Reforming,summer-2026,active
floracene.com,Floracene,summer-2026,active
guildai.co,GUILD,summer-2026,active
realpact.ai,RealPact,summer-2026,active
heybuildbox.com,Buildbox,fall-2026,active
riften.ai,Riften,summer-2026,active
bizmark.ai,Bizmark,summer-2026,active
mosaic.inc,Mosaic,summer-2026,active
dialoguslabs.com,Dialogus,summer-2026,active
alloovium.com,Alloovium,summer-2026,active
mochi.tv,Mochi,summer-2026,active
deepreach.ai,DeepReach Inc.,summer-2026,active
getcoach.com,COACH,summer-2026,active
grocalo.com,Grocalo,summer-2026,active
audun.co,Audun,summer-2026,active
joinmarble.ai,Marble,summer-2026,active
stoaexchange.com,Stoa,summer-2026,active
tryglen.com,Glen,summer-2026,active
context.dev,Context.dev,summer-2026,active
codag.ai,Codag,summer-2026,active
exosat.com,Exosat,summer-2026,active
touchmark.ai,Touchmark,summer-2026,active
prodigy.markets,Prodigy Research,summer-2026,active
zaplar.com,Zaplar,summer-2026,active
spectreintelligence.ai,Spectre Intelligence,summer-2026,active
screenpipe.com,screenpipe,summer-2026,active
manifoldindustries.ai,Manifold,summer-2026,active
rasyn.ai,Rasyn,summer-2026,active
alkera.ai,Alkera AI,summer-2026,active
usedefinite.com,Definite,summer-2026,active
callbook.ai,Callbook AI,summer-2026,active
tarifflo.com,Tarifflo Inc.,summer-2026,active
veltha.ai,Veltha,fall-2026,active
traceforce.ai,Traceforce,summer-2026,active
edotenv.com,EdotEnv,summer-2026,active
standardmachines.com,Standard Machines,summer-2026,active
agencytool.com,Agency Tool Company,summer-2026,active
cerenovus.ai,Cerenovus,summer-2026,active
molagri.com,Molagri,summer-2026,active
peer-freight.com,Peer,summer-2026,active
elitehq.ai,Elite,summer-2026,active
flowmanual.com,FlowManual,summer-2026,active
talentpluto.com,Pluto,summer-2026,active
machine0.io,machine0,summer-2026,active
bloomylearning.com,Bloomy,summer-2026,active
6thsense.dev,6thSense,summer-2026,active
norirobotics.com,Nori,summer-2026,active
ooakdata.com,Ooak Data,summer-2026,active
graphify.com,Graphify Labs,summer-2026,active
aerogensystems.com,Aerogen Systems,summer-2026,active
hilstart.io,Hilstart,summer-2026,active
greypointindustries.com,Greypoint Industries,summer-2026,active
tarebio.com,TareBio,summer-2026,active
usealmanac.com,Almanac,summer-2026,active
whitespacehq.ai,Whitespace,summer-2026,active
useclick.ai,Click,summer-2026,active
akonlabs.com,Akon Labs,summer-2026,active
vendo.run,Vendo,summer-2026,active
aktoria.com,Aktoria Robotics,summer-2026,active
rational.to,Rational,summer-2026,active
omanta.com,Omanta,summer-2026,active
fabraix.com,Fabraix,summer-2026,active
getqlo.com,Qlo,summer-2026,active
heytenor.com,Tenor,summer-2026,active
daqstra.com,Daqstra,summer-2026,active
risklytics.ai,Risklytics,summer-2026,active
latolabs.io,LATO,summer-2026,active
neuromorphic.vision,Neuromorphic,summer-2026,active
neuronindustries.com,Neuron Industries,summer-2026,active
pokerclubhub.com,PokerClubHub,summer-2026,active
arbital.xyz,Arbital,summer-2026,active
ultrasonium.com,Ultrasonium,summer-2026,active
vestris.ai,Vestris,summer-2026,active
movingatoms.ai,Moving Atoms,summer-2026,active
ekholabs.com,Ekho Labs,summer-2026,active
isengardindustries.com,Isengard Industries Inc,summer-2026,active
denta.com,Denta,summer-2026,active
getcomputable.com,Computable,summer-2026,active
trynearby.com,TryNearby,summer-2026,active
financialdatasets.ai,Financial Datasets,summer-2026,active
lucaiq.com,Luca IQ,summer-2026,active
pacific.space,Pacific,summer-2026,active
lastaccountingcompany.com,Last Accounting Company,summer-2026,active
executor.sh,Executor,summer-2026,active
waybill.to,Waybill,summer-2026,active
ronanrx.com,RonanRx Inc.,summer-2026,active
marengox.com,Marengo,summer-2026,active
lumeria.skin,Lumeria,summer-2026,active
thefamiliarlab.com,Familiar,summer-2026,active
markovstudios.com,Markov,summer-2026,active
cosmicrobotics.com,Cosmic Robotics,summer-2026,active
inkbox.ai,Inkbox,summer-2026,active
gamgee.io,Gamgee,summer-2026,active
provenmetal.com,ProvenMetal,summer-2026,active
agentcard.sh,Agentcard,summer-2026,active
agnost.ai,Agnost AI,summer-2026,active
radley.health,Radley,summer-2026,active
caregp.com.au,Care GP,summer-2026,active
praxisrobotics.io,Praxis Robotics,summer-2026,active
levocred.com,Levocred AI,summer-2026,active
axelrodlabs.com,Axelrod,summer-2026,active
trycarsignal.com,CarSignal,summer-2026,active
decawork.ai,Decawork,summer-2026,active
getpennant.ai,Pennant,summer-2026,active
usederya.com,Derya,summer-2026,active
touchyapp.com,Touchy,summer-2026,active
mireye.com,Mireye,summer-2026,active
shiraz.ai,Shiraz AI,summer-2026,active
lamb-labs.com,Lamb Labs,summer-2026,active
chromie.dev,Chromie,summer-2026,active
83sciences.ai,83 Sciences,summer-2026,active
palisade-ai.com,Palisade,summer-2026,active
hubble.ai,Hubble,summer-2026,active
skymerse.com,Skymerse,summer-2026,active
griprobotics.ai,Grip,summer-2026,active
hyperprobe.co,HyperProbe,summer-2026,active
toven.ai,TovenAI,summer-2026,active
verdictmachine.com,Verdict Machine,summer-2026,active
trydock.ai,Dock,summer-2026,active
openrelay.inc,OpenRelay,summer-2026,active
isoquant.ai,isoquant,fall-2026,active
hopaero.com,Hop Aero,summer-2026,active
princeps.dev,PRINCEPS,summer-2026,active
hebbianrobotics.com,Hebbian Robotics,summer-2026,active
earendil.io,Earendil Robotics,summer-2026,active
florin.inc,Florin,summer-2026,active
locke.inc,Locke,summer-2026,active
petrarch.co,Petrarch,summer-2026,active
spaceflow.tech,SpaceFlow Technologies  Inc.,summer-2026,active
ethos-space.com,Ethos Space Resources,summer-2026,active
subvysion.com,SubVysion,summer-2026,active
avocasystems.com,Avoca Systems,summer-2026,active
tracerml.ai,Tracer,summer-2026,active
wondering.app,Wondering,summer-2026,active
vernius.systems,Vernius Systems  Inc.,summer-2026,active
onecli.sh,OneCLI,summer-2026,active
nex.ai,Nex,summer-2026,active
dawnxr.com,Dawn Industries,summer-2026,active
cuebench.dev,CueBench,summer-2026,active
hiloop.ai,hiloop,summer-2026,active
robocurve.org,Robocurve,summer-2026,active
salemroboticsinc.com,Salem Robotics Inc,summer-2026,active
allia.health,Allia Health,summer-2026,active
osseus.ai,Osseus,summer-2026,active
hardwareintelligence.ai,hardware intelligence,summer-2026,active
thebillow.ai,Billow AI Labs,summer-2026,active
atomarine.co,Atomarine,summer-2026,active
magmahq.ai,Magma,summer-2026,active
grep.ai,Grep AI,fall-2026,active
caution.co,Caution,summer-2026,active
coarena.ai,CoArena,summer-2026,active
trylightfield.ai,Lightfield,fall-2026,active
edviroenergy.com,Edviro,summer-2026,active
experientiallabs.ai,Experiential Labs,summer-2026,active
simantic.dev,Simantic,fall-2026,active
conifer.build,Conifer,summer-2026,active
tryopentag.com,OpenTag,summer-2026,active
lambdarobotics.ai,Lambda Robotics,fall-2026,active
herdr.dev,herdr,fall-2026,active
sentient-os.ai,Sentient OS,fall-2026,active
simulithic.com,Simulithic,fall-2026,active
veeza.ai,Veeza AI,fall-2026,active
qokedas.com,Qokedas,fall-2026,active
kailashlabs.com,Kailash Labs,fall-2026,active
agent37.com,Agent 37,fall-2026,active
faradaycompute.com,Faraday,fall-2026,active
viraj-aero.com,Viraj Aero,fall-2026,active
boat.dev,Boat,fall-2026,active
appliedkinetics.ai,Applied Kinetics,fall-2026,active
inflection-space.com,Inflection Space Systems,fall-2026,active
capveon.ai,Capveon,fall-2026,active
aviern.com,Aviern,fall-2026,active
useforward.co,Forward,fall-2026,active
talos-us.com,Talos,fall-2026,active
lantern.md,Lantern AI,fall-2026,active
micora.com,Micora,fall-2026,active
nodus-compute.ai,Nodus Compute,fall-2026,active
runmirrors.com,Mirrors,fall-2026,active
onepatch.dev,OnePatch,fall-2026,active
asakana.co,Asakana,fall-2026,active
bryel.ai,Bryel,fall-2026,active
meetriver.com,River,fall-2026,active
withhopper.com,Hopper,fall-2026,active
truemile.ai,TrueMile,fall-2026,active
byteask.ai,ByteAsk,fall-2026,active
antropi.world,Antropi Robotics,fall-2026,active
agentrelay.com,Agent Relay,fall-2026,active
invertix.ai,Invertix,fall-2026,active
workers.io,Workers IO,fall-2026,active
oasive.ai,Oasive,fall-2026,active
shepherdrobotics.ai,Shepherd Robotics,fall-2026,active
deployrobotics.co,Deploy,fall-2026,active
streamlinesystems.ltd,Streamline Systems,fall-2026,active
oroagents.com,ORO AI,fall-2026,active
hemlock.inc,Hemlock,fall-2026,active
twentyfour26.com,twentyfour26,fall-2026,active
orcaaerospace.com,Orca Aerospace,fall-2026,active
superradiant.co,SuperRadiant,fall-2026,active
vorelios.com,Vorelios,fall-2026,active
dreamscalelabs.com,Dreamscale Labs,fall-2026,active
halmoslabs.com,Halmos Labs,fall-2026,active
ignitionbenefits.com,Ignition Benefits,fall-2026,active
covera-agents.com,Covera,fall-2026,active
gethesperai.com,Hesper AI,fall-2026,active
shireintelligence.com,Shire Intelligence,fall-2026,active
antimattr.one,antimattr,fall-2026,active
usevyra.com,Vyra,fall-2026,active
papaya.fyi,Papaya,fall-2026,active
sinter.systems,Sinter,fall-2026,active
perit.ai,Perit.AI,fall-2026,active
asim-group.com,Asim,fall-2026,active
sona8.com,Sona8,fall-2026,active
memorable.sh,Memorable,summer-2027,active
quippyapp.com,Quippy,fall-2026,active
tilion.dev,Tilion,fall-2026,active
volaren.ai,Volaren Inc.,fall-2026,active
subvocal.company,The Subvocal Company,fall-2026,active
usefr.com,Frontrunner,fall-2026,active
decent.com,Decent,fall-2026,active
graypass.org,GrayPass,fall-2026,active
cyclon.ai,Cyclon,fall-2026,active
theagenticdatacompany.com,The Agentic Data Co.,fall-2026,active
redoubt.agency,Redoubt Insurance,fall-2026,active
trylark.ai,Lark,fall-2026,active
sintropix.com,Sintropix,fall-2026,active
maritime.sh,Maritime,fall-2026,active
deepmark.me,DeepMark,fall-2026,active
