domain,subcategory,source,added
circuithub.com,winter-2012,yc,2026-10-01
icracked.com,winter-2012 acquired,yc,2026-10-01
42floors.com,winter-2012 acquired,yc,2026-10-01
plangrid.com,winter-2012 acquired,yc,2026-10-01
sendhub.com,winter-2012 acquired,yc,2026-10-01
myvr.com,winter-2012 acquired,yc,2026-10-01
hireart.com,winter-2012,yc,2026-10-01
noudata.com,winter-2012 acquired,yc,2026-10-01
medigram.com,winter-2012,yc,2026-10-01
hackpad.com,winter-2012 acquired,yc,2026-10-01
rescale.com,winter-2012,yc,2026-10-01
angel.co,winter-2012 acquired,yc,2026-10-01
familyleaf.com,winter-2012 acquired,yc,2026-10-01
getchute.com,winter-2012 acquired,yc,2026-10-01
matterport.com,winter-2012,yc,2026-10-01
shoptiques.com,winter-2012,yc,2026-10-01
cleverdeck.com,winter-2012,yc,2026-10-01
screenleap.com,winter-2012,yc,2026-10-01
iamexec.com,winter-2012 acquired,yc,2026-10-01
tilt.com,winter-2012 acquired,yc,2026-10-01
swiftype.com,winter-2012 acquired,yc,2026-10-01
farmlogs.com,winter-2012 acquired,yc,2026-10-01
authy.com,winter-2012 acquired,yc,2026-10-01
flutterapp.com,winter-2012 acquired,yc,2026-10-01
fond.co,winter-2012 acquired,yc,2026-10-01
pervices.com,winter-2012,yc,2026-10-01
yourmechanic.com,winter-2012 acquired,yc,2026-10-01
priceonomics.com,winter-2012 acquired,yc,2026-10-01
sendwave.com,winter-2012 acquired,yc,2026-10-01
medmonk.com,winter-2012,yc,2026-10-01
socialcam.com,winter-2012 acquired,yc,2026-10-01
shopular.com,winter-2012 acquired,yc,2026-10-01
freshplum.com,summer-2011 acquired,yc,2026-10-01
clutch.io,summer-2011 acquired,yc,2026-10-01
apollographql.com,summer-2011,yc,2026-10-01
hackerrank.com,summer-2011,yc,2026-10-01
stypi.com,summer-2011 acquired,yc,2026-10-01
genius.com,summer-2011 acquired,yc,2026-10-01
onesignal.com,summer-2011,yc,2026-10-01
aisle50.com,summer-2011 acquired,yc,2026-10-01
debteye.com,summer-2011 acquired,yc,2026-10-01
streak.com,summer-2011,yc,2026-10-01
scienceexchange.com,summer-2011 acquired,yc,2026-10-01
quartzy.com,summer-2011,yc,2026-10-01
codecademy.com,summer-2011 acquired,yc,2026-10-01
cryptoseal.com,summer-2011 acquired,yc,2026-10-01
segment.com,summer-2011 acquired,yc,2026-10-01
citusdata.com,summer-2011 acquired,yc,2026-10-01
agilemd.com,summer-2011,yc,2026-10-01
clerky.com,summer-2011 acquired,yc,2026-10-01
realm.io,summer-2011 acquired,yc,2026-10-01
firebase.com,summer-2011 acquired,yc,2026-10-01
gocardless.com,summer-2011,yc,2026-10-01
pagelever.com,summer-2011 acquired,yc,2026-10-01
fobo.net,summer-2011 acquired,yc,2026-10-01
sift.com,summer-2011,yc,2026-10-01
verbling.com,summer-2011 acquired,yc,2026-10-01
letsembark.com,summer-2011 acquired,yc,2026-10-01
leadgenius.com,summer-2011,yc,2026-10-01
trycaviar.com,summer-2011 acquired,yc,2026-10-01
mixrank.com,summer-2011,yc,2026-10-01
videopixie.com,summer-2011,yc,2026-10-01
launchpadtoys.com,summer-2011 acquired,yc,2026-10-01
imgix.com,summer-2011,yc,2026-10-01
mongohq.com,summer-2011 acquired,yc,2026-10-01
ansibletechnologies.com,summer-2011 acquired,yc,2026-10-01
vidyard.com,summer-2011,yc,2026-10-01
tapengage.com,summer-2011 acquired,yc,2026-10-01
perfectaudience.com,summer-2011 acquired,yc,2026-10-01
parse.com,summer-2011 acquired,yc,2026-10-01
zeusliving.com,summer-2011 acquired,yc,2026-10-01
automatic.com,summer-2011 acquired,yc,2026-10-01
upverter.com,winter-2011 acquired,yc,2026-10-01
singlestore.com,winter-2011,yc,2026-10-01
talkable.com,winter-2011,yc,2026-10-01
tumult.com,winter-2011,yc,2026-10-01
earbits.com,winter-2011 acquired,yc,2026-10-01
acunote.com,winter-2011,yc,2026-10-01
sendoid.com,winter-2011 acquired,yc,2026-10-01
hellosign.com,winter-2011 acquired,yc,2026-10-01
instapainting.com,winter-2011,yc,2026-10-01
yougotlistings.com,winter-2011,yc,2026-10-01
moki.tv,winter-2011 acquired,yc,2026-10-01
tremendous.com,winter-2011,yc,2026-10-01
custora.com,winter-2011 acquired,yc,2026-10-01
comprehend.com,winter-2011 acquired,yc,2026-10-01
humble.com,winter-2011 acquired,yc,2026-10-01
getpebble.com,winter-2011 acquired,yc,2026-10-01
fivestars.com,winter-2011 acquired,yc,2026-10-01
apportable.com,winter-2011 acquired,yc,2026-10-01
mailgun.net,winter-2011 acquired,yc,2026-10-01
minomonsters.com,winter-2011,yc,2026-10-01
lanyrd.com,winter-2011 acquired,yc,2026-10-01
goatgroup.com,winter-2011,yc,2026-10-01
crunchbase.com,winter-2011 acquired,yc,2026-10-01
drchrono.com,winter-2011 acquired,yc,2026-10-01
zerocater.com,winter-2011,yc,2026-10-01
storyworth.com,winter-2011,yc,2026-10-01
talkbin.com,winter-2011 acquired,yc,2026-10-01
chartio.com,summer-2010 acquired,yc,2026-10-01
presto.com,summer-2010,yc,2026-10-01
hipmunk.com,summer-2010 acquired,yc,2026-10-01
rapportive.com,summer-2010 acquired,yc,2026-10-01
recurse.com,summer-2010,yc,2026-10-01
simperium.com,summer-2010 acquired,yc,2026-10-01
aerofs.com,summer-2010 acquired,yc,2026-10-01
padmapper.com,summer-2010 acquired,yc,2026-10-01
demandsphere.com,summer-2010,yc,2026-10-01
anylist.com,summer-2010,yc,2026-10-01
homejoy.com,summer-2010 acquired,yc,2026-10-01
ancestry.com,summer-2010 acquired,yc,2026-10-01
gazehawk.com,summer-2010 acquired,yc,2026-10-01
leftronic.com,summer-2010 acquired,yc,2026-10-01
futureadvisor.com,summer-2010 acquired,yc,2026-10-01
indinero.com,summer-2010,yc,2026-10-01
workflowy.com,summer-2010,yc,2026-10-01
fanvibe.com,summer-2010 acquired,yc,2026-10-01
frid.ge,summer-2010 acquired,yc,2026-10-01
tapzilla.com,summer-2010 acquired,yc,2026-10-01
whereoscope.com,summer-2010 acquired,yc,2026-10-01
adgrok.com,summer-2010 acquired,yc,2026-10-01
mertado.com,winter-2010 acquired,yc,2026-10-01
500friends.com,winter-2010 acquired,yc,2026-10-01
140fire.com,winter-2010 acquired,yc,2026-10-01
crocodoc.com,winter-2010 acquired,yc,2026-10-01
meetings.io,winter-2010 acquired,yc,2026-10-01
embed.ly,winter-2010 acquired,yc,2026-10-01
creativemarket.com,winter-2010 acquired,yc,2026-10-01
nowmov.com,winter-2010 acquired,yc,2026-10-01
zencoder.com,winter-2010 acquired,yc,2026-10-01
cueup.com,winter-2010 acquired,yc,2026-10-01
ownlocal.com,winter-2010,yc,2026-10-01
cardpool.com,winter-2010 acquired,yc,2026-10-01
movity.com,winter-2010 acquired,yc,2026-10-01
etacts.com,winter-2010 acquired,yc,2026-10-01
listia.com,summer-2009,yc,2026-10-01
dailybooth.com,summer-2009 acquired,yc,2026-10-01
bumptechnologies.com,summer-2009 acquired,yc,2026-10-01
wepay.com,summer-2009 acquired,yc,2026-10-01
directededge.com,summer-2009,yc,2026-10-01
rethinkdb.com,summer-2009 acquired,yc,2026-10-01
olark.com,summer-2009,yc,2026-10-01
lockitron.com,summer-2009 acquired,yc,2026-10-01
graffitigeo.com,summer-2009 acquired,yc,2026-10-01
renthop.com,summer-2009,yc,2026-10-01
lingt.com,summer-2009,yc,2026-10-01
heyzap.com,winter-2009 acquired,yc,2026-10-01
volantio.com,winter-2009,yc,2026-10-01
divvyshot.com,winter-2009 acquired,yc,2026-10-01
remail.com,winter-2009 acquired,yc,2026-10-01
echodio.com,winter-2009 acquired,yc,2026-10-01
cloudkick.com,winter-2009 acquired,yc,2026-10-01
posterous.com,summer-2008 acquired,yc,2026-10-01
polleverywhere.com,summer-2008,yc,2026-10-01
cloudant.com,summer-2008 acquired,yc,2026-10-01
justspotted.com,summer-2008 acquired,yc,2026-10-01
backtype.com,summer-2008 acquired,yc,2026-10-01
rescuetime.com,winter-2008,yc,2026-10-01
athinkingape.com,winter-2008 acquired,yc,2026-10-01
ninite.com,winter-2008,yc,2026-10-01
mz.com,winter-2008 acquired,yc,2026-10-01
omnisio.com,winter-2008 acquired,yc,2026-10-01
280north.com,winter-2008 acquired,yc,2026-10-01
songkick.com,summer-2007 acquired,yc,2026-10-01
bluefroggaming.com,summer-2007,yc,2026-10-01
disqus.com,summer-2007 acquired,yc,2026-10-01
zumodrive.com,summer-2007 acquired,yc,2026-10-01
clickpass.com,summer-2007 acquired,yc,2026-10-01
appjet.com,summer-2007 acquired,yc,2026-10-01
anywhere.fm,summer-2007 acquired,yc,2026-10-01
virtualmin.com,winter-2007,yc,2026-10-01
weebly.com,winter-2007 acquired,yc,2026-10-01
octopart.com,winter-2007 acquired,yc,2026-10-01
buxfer.com,winter-2007,yc,2026-10-01
googleblog.blogspot.com,winter-2007 acquired,yc,2026-10-01
auctomatic.com,winter-2007 acquired,yc,2026-10-01
heysan.com,winter-2007 acquired,yc,2026-10-01
xobni.com,summer-2006 acquired,yc,2026-10-01
scribd.com,summer-2006,yc,2026-10-01
omgpop.com,summer-2006 acquired,yc,2026-10-01
inklingmarkets.com,winter-2006 acquired,yc,2026-10-01
clustrix.com,winter-2006 acquired,yc,2026-10-01
projectwedding.com,winter-2006 acquired,yc,2026-10-01
wufoo.com,winter-2006 acquired,yc,2026-10-01
loopt.com,summer-2005 acquired,yc,2026-10-01
textpayme.com,summer-2005 acquired,yc,2026-10-01
clickfacts.com,summer-2005 acquired,yc,2026-10-01
kiko.com,summer-2005 acquired,yc,2026-10-01
reddit.com,summer-2005 acquired,yc,2026-10-01
twitch.com,winter-2007 acquired,yc,2026-10-01
parakey.com,summer-2005 acquired,yc,2026-10-01
pixate.com,summer-2012 acquired,yc,2026-10-01
knowmia.com,summer-2012 acquired,yc,2026-10-01
boostedboards.com,summer-2012 acquired,yc,2026-10-01
zeromailer.com,summer-2012 acquired,yc,2026-10-01
kamcord.com,summer-2012 acquired,yc,2026-10-01
statwing.com,summer-2012 acquired,yc,2026-10-01
rainforestqa.com,summer-2012,yc,2026-10-01
fullstackacademy.com,summer-2012 acquired,yc,2026-10-01
omnivirt.com,summer-2012 acquired,yc,2026-10-01
streem.com,summer-2012 acquired,yc,2026-10-01
mthsense.com,summer-2012,yc,2026-10-01
humandx.org,summer-2012,yc,2026-10-01
healthsherpa.com,summer-2012,yc,2026-10-01
mattermost.com,summer-2012,yc,2026-10-01
zentail.com,summer-2012,yc,2026-10-01
soylent.com,summer-2012 acquired,yc,2026-10-01
clever.com,summer-2012 acquired,yc,2026-10-01
vayable.com,summer-2012 acquired,yc,2026-10-01
smartasset.com,summer-2012,yc,2026-10-01
fundersclub.com,summer-2012,yc,2026-10-01
eligible.com,summer-2012,yc,2026-10-01
easel.io,summer-2012 acquired,yc,2026-10-01
upwave.com,summer-2012,yc,2026-10-01
octavewealth.com,summer-2012,yc,2026-10-01
bufferbox.com,summer-2012 acquired,yc,2026-10-01
natero.com,summer-2012 acquired,yc,2026-10-01
newsblur.com,summer-2012,yc,2026-10-01
coinbase.com,summer-2012,yc,2026-10-01
mattermark.com,summer-2012 acquired,yc,2026-10-01
voicegem.com,summer-2012 acquired,yc,2026-10-01
backerkit.com,summer-2012,yc,2026-10-01
flightfox.com,summer-2012,yc,2026-10-01
virool.com,summer-2012 acquired,yc,2026-10-01
vastrm.com,summer-2012 acquired,yc,2026-10-01
doublerobotics.com,summer-2012,yc,2026-10-01
studyedge.com,summer-2012 acquired,yc,2026-10-01
plivo.com,summer-2012,yc,2026-10-01
svbtle.com,summer-2012,yc,2026-10-01
9gag.com,summer-2012,yc,2026-10-01
thestyleup.com,winter-2013,yc,2026-10-01
circuitlab.com,winter-2013,yc,2026-10-01
screenhero.com,winter-2013 acquired,yc,2026-10-01
scuba.io,winter-2013 acquired,yc,2026-10-01
bynorth.com,winter-2013 acquired,yc,2026-10-01
vaycayhero.com,winter-2013 acquired,yc,2026-10-01
buildzoom.com,winter-2013 acquired,yc,2026-10-01
padlet.com,winter-2013,yc,2026-10-01
grepdata.com,winter-2013 acquired,yc,2026-10-01
lawdingo.com,winter-2013,yc,2026-10-01
bitnami.com,winter-2013 acquired,yc,2026-10-01
gocheetah.com,winter-2013,yc,2026-10-01
etleap.com,winter-2013,yc,2026-10-01
strikingly.com,winter-2013,yc,2026-10-01
lollipuff.com,winter-2013,yc,2026-10-01
goradar.com,winter-2013,yc,2026-10-01
meldium.com,winter-2013 acquired,yc,2026-10-01
experiment.com,winter-2013,yc,2026-10-01
medxt.com,winter-2013 acquired,yc,2026-10-01
simplyinsured.com,winter-2013,yc,2026-10-01
wefunder.com,winter-2013,yc,2026-10-01
onlycoin.com,winter-2013 acquired,yc,2026-10-01
wevorce.com,winter-2013,yc,2026-10-01
kalibrr.com,winter-2013 acquired,yc,2026-10-01
zenefits.com,winter-2013 acquired,yc,2026-10-01
goldbelly.com,winter-2013,yc,2026-10-01
semantics3.com,winter-2013 acquired,yc,2026-10-01
teespring.com,winter-2013 acquired,yc,2026-10-01
watsi.org,winter-2013,yc,2026-10-01
7cups.com,summer-2013,yc,2026-10-01
urx.com,summer-2013 acquired,yc,2026-10-01
apptimize.com,summer-2013 acquired,yc,2026-10-01
asseta.com,summer-2013,yc,2026-10-01
standardtreasury.com,summer-2013 acquired,yc,2026-10-01
bloomthat.com,summer-2013 acquired,yc,2026-10-01
hackermeter.com,summer-2013 acquired,yc,2026-10-01
coreos.com,summer-2013 acquired,yc,2026-10-01
easypost.com,summer-2013,yc,2026-10-01
simplelegal.com,summer-2013 acquired,yc,2026-10-01
estimote.com,summer-2013,yc,2026-10-01
cratejoy.com,summer-2013,yc,2026-10-01
spoonrocket.com,summer-2013 acquired,yc,2026-10-01
casetext.com,summer-2013 acquired,yc,2026-10-01
layerbylayer.com,summer-2013 acquired,yc,2026-10-01
senic.com,summer-2013 acquired,yc,2026-10-01
lob.com,summer-2013,yc,2026-10-01
realcrowd.com,summer-2013 acquired,yc,2026-10-01
reebee.com,summer-2013,yc,2026-10-01
arcusfi.com,summer-2013 acquired,yc,2026-10-01
bop.fm,summer-2013 acquired,yc,2026-10-01
statuspage.io,summer-2013 acquired,yc,2026-10-01
lumoid.com,summer-2013 acquired,yc,2026-10-01
truelinkfinancial.com,summer-2013,yc,2026-10-01
datarank.com,summer-2013 acquired,yc,2026-10-01
weilos.com,summer-2013 acquired,yc,2026-10-01
echolocker.com,summer-2013 acquired,yc,2026-10-01
42technologies.com,winter-2014,yc,2026-10-01
abacus.com,winter-2014 acquired,yc,2026-10-01
boostable.com,winter-2014 acquired,yc,2026-10-01
airhelp.com,winter-2014,yc,2026-10-01
twotap.com,winter-2014 acquired,yc,2026-10-01
ambition.com,winter-2014,yc,2026-10-01
caremessage.org,winter-2014,yc,2026-10-01
aptdeco.com,winter-2014,yc,2026-10-01
bellabeat.com,winter-2014,yc,2026-10-01
chargehound.com,winter-2014 acquired,yc,2026-10-01
cambly.com,winter-2014,yc,2026-10-01
noorahealth.org,winter-2014,yc,2026-10-01
codecombat.com,winter-2014,yc,2026-10-01
codenow.org,winter-2014,yc,2026-10-01
getcruise.com,winter-2014 acquired,yc,2026-10-01
eventjoy.com,winter-2014 acquired,yc,2026-10-01
axoni.com,winter-2014 acquired,yc,2026-10-01
kimonolabs.com,winter-2014 acquired,yc,2026-10-01
getkuna.com,winter-2014 acquired,yc,2026-10-01
devcycle.com,winter-2014 acquired,yc,2026-10-01
emailio.com,winter-2014,yc,2026-10-01
memebox.com,winter-2014,yc,2026-10-01
motionlead.com,winter-2014 acquired,yc,2026-10-01
nextcaller.com,winter-2014 acquired,yc,2026-10-01
1degree.org,winter-2014,yc,2026-10-01
stacklead.com,winter-2014 acquired,yc,2026-10-01
theoremlp.com,winter-2014 acquired,yc,2026-10-01
liftigniter.com,winter-2014 acquired,yc,2026-10-01
piinpoint.com,winter-2014,yc,2026-10-01
pipelinedb.com,winter-2014 acquired,yc,2026-10-01
pushbullet.com,winter-2014,yc,2026-10-01
gorickshaw.com,winter-2014 acquired,yc,2026-10-01
rocketrip.com,winter-2014 acquired,yc,2026-10-01
shoobs.com,winter-2014,yc,2026-10-01
sketchdeck.com,winter-2014 acquired,yc,2026-10-01
truevault.com,winter-2014,yc,2026-10-01
wit.ai,winter-2014 acquired,yc,2026-10-01
zesty.com,winter-2014 acquired,yc,2026-10-01
zidisha.org,winter-2014,yc,2026-10-01
zinc.com,winter-2014,yc,2026-10-01
gobble.com,winter-2014 acquired,yc,2026-10-01
gbatteries.com,winter-2014,yc,2026-10-01
unbabel.com,winter-2014 acquired,yc,2026-10-01
mixerbox.com,winter-2014,yc,2026-10-01
opencurriculum.org,winter-2014,yc,2026-10-01
dyspatch.io,winter-2014,yc,2026-10-01
avametric.com,winter-2014 acquired,yc,2026-10-01
framed.io,winter-2014 acquired,yc,2026-10-01
immunityproject.org,winter-2014,yc,2026-10-01
aptible.com,summer-2014 acquired,yc,2026-10-01
zipphone.com,summer-2014 acquired,yc,2026-10-01
backpackbang.com,summer-2014,yc,2026-10-01
parenthoods.co,summer-2014 acquired,yc,2026-10-01
bitaccess.com,summer-2014 acquired,yc,2026-10-01
carlypso.com,summer-2014 acquired,yc,2026-10-01
checkr.com,summer-2014,yc,2026-10-01
claralabs.com,summer-2014 acquired,yc,2026-10-01
clear.in,summer-2014,yc,2026-10-01
craftcoffee.com,summer-2014 acquired,yc,2026-10-01
persistiq.com,summer-2014 acquired,yc,2026-10-01
flaviar.com,summer-2014,yc,2026-10-01
hyperpad.com,summer-2014,yc,2026-10-01
govpredict.com,summer-2014 acquired,yc,2026-10-01
blockspring.com,summer-2014 acquired,yc,2026-10-01
greentoe.com,summer-2014,yc,2026-10-01
hublo.com,summer-2014 acquired,yc,2026-10-01
impraise.com,summer-2014 acquired,yc,2026-10-01
protocol.ai,summer-2014,yc,2026-10-01
withkash.com,summer-2014 acquired,yc,2026-10-01
lawnlove.com,summer-2014 acquired,yc,2026-10-01
listrunnerapp.com,summer-2014 acquired,yc,2026-10-01
getreplenish.com,summer-2014 acquired,yc,2026-10-01
metricwire.com,summer-2014,yc,2026-10-01
mtailor.com,summer-2014,yc,2026-10-01
alchemynano.com,summer-2014,yc,2026-10-01
permutive.com,summer-2014,yc,2026-10-01
picnic.ai,summer-2014,yc,2026-10-01
producthunt.com,summer-2014 acquired,yc,2026-10-01
rigetti.com,summer-2014,yc,2026-10-01
sfox.com,summer-2014,yc,2026-10-01
usergems.com,summer-2014,yc,2026-10-01
aptopayments.com,summer-2014 acquired,yc,2026-10-01
shipbob.com,summer-2014,yc,2026-10-01
spotangels.com,summer-2014,yc,2026-10-01
tenjin.com,summer-2014 acquired,yc,2026-10-01
hive.co,summer-2014,yc,2026-10-01
payable.com,summer-2014 acquired,yc,2026-10-01
tuletechnologies.com,summer-2014 acquired,yc,2026-10-01
roomstorm.com,summer-2014,yc,2026-10-01
women.com,summer-2014 acquired,yc,2026-10-01
cognitohq.com,summer-2014 acquired,yc,2026-10-01
ginkgobioworks.com,summer-2014,yc,2026-10-01
helionenergy.com,summer-2014,yc,2026-10-01
oklo.com,summer-2014,yc,2026-10-01
bayesimpact.org,summer-2014,yc,2026-10-01
onecodex.com,summer-2014 acquired,yc,2026-10-01
ravti.com,summer-2014 acquired,yc,2026-10-01
unwind.me,summer-2014 acquired,yc,2026-10-01
notablelabs.com,winter-2015,yc,2026-10-01
getfinal.com,winter-2015 acquired,yc,2026-10-01
pomello.com,winter-2015 acquired,yc,2026-10-01
techinasia.com,winter-2015 acquired,yc,2026-10-01
akidolabs.com,winter-2015,yc,2026-10-01
mezmo.com,winter-2015,yc,2026-10-01
smyte.com,winter-2015 acquired,yc,2026-10-01
bizzy.io,winter-2015 acquired,yc,2026-10-01
bluesmart.com,winter-2015 acquired,yc,2026-10-01
thinkbright.mx,winter-2015,yc,2026-10-01
numerionlabs.ai,winter-2015,yc,2026-10-01
cyberfend.com,winter-2015 acquired,yc,2026-10-01
democracy.earth,winter-2015,yc,2026-10-01
detroitwaterproject.org,winter-2015,yc,2026-10-01
zeitview.com,winter-2015,yc,2026-10-01
bankjoy.com,winter-2015,yc,2026-10-01
givemetap.com,winter-2015,yc,2026-10-01
grubmarket.com,winter-2015,yc,2026-10-01
worklife.com,winter-2015 acquired,yc,2026-10-01
higherme.com,winter-2015 acquired,yc,2026-10-01
labdoor.com,winter-2015,yc,2026-10-01
platzi.com,winter-2015,yc,2026-10-01
openlistings.com,winter-2015 acquired,yc,2026-10-01
pachyderm.com,winter-2015 acquired,yc,2026-10-01
paperspace.com,winter-2015 acquired,yc,2026-10-01
buildscience.com,winter-2015,yc,2026-10-01
shiftlabs.com,winter-2015 acquired,yc,2026-10-01
sailsjs.com,winter-2015,yc,2026-10-01
sirum.org,winter-2015,yc,2026-10-01
smarking.com,winter-2015 acquired,yc,2026-10-01
tempo.fit,winter-2015,yc,2026-10-01
teamnoteapp.com,winter-2015,yc,2026-10-01
makrwatch.com,winter-2015,yc,2026-10-01
mobydish.com,winter-2015 acquired,yc,2026-10-01
remix.com,winter-2015 acquired,yc,2026-10-01
vestfin.com,winter-2015 acquired,yc,2026-10-01
resolvebim.com,winter-2015,yc,2026-10-01
yesgraph.com,winter-2015 acquired,yc,2026-10-01
yhat.com,winter-2015 acquired,yc,2026-10-01
gobonfire.com,winter-2015 acquired,yc,2026-10-01
wayup.com,winter-2015 acquired,yc,2026-10-01
cleanly.com,winter-2015,yc,2026-10-01
lucirahealth.com,winter-2015,yc,2026-10-01
quantierra.com,winter-2015,yc,2026-10-01
ebrandvalue.com,winter-2015,yc,2026-10-01
equipmentshare.com,winter-2015,yc,2026-10-01
giveffect.com,winter-2015,yc,2026-10-01
imicrobes.com,winter-2015,yc,2026-10-01
nextravel.com,winter-2015 acquired,yc,2026-10-01
levelframes.com,winter-2015,yc,2026-10-01
getmeadow.com,winter-2015,yc,2026-10-01
moltin.com,winter-2015 acquired,yc,2026-10-01
outbound.io,winter-2015 acquired,yc,2026-10-01
popularpays.com,winter-2015 acquired,yc,2026-10-01
prettyinstant.com,winter-2015 acquired,yc,2026-10-01
razorpay.com,winter-2015,yc,2026-10-01
seed.co,winter-2015 acquired,yc,2026-10-01
sigopt.com,winter-2015 acquired,yc,2026-10-01
tab.travel,winter-2015,yc,2026-10-01
zenflow.com,winter-2015,yc,2026-10-01
valorwater.com,winter-2015 acquired,yc,2026-10-01
vanhawks.com,winter-2015 acquired,yc,2026-10-01
x-zell.com,winter-2015,yc,2026-10-01
raventech.com,winter-2015 acquired,yc,2026-10-01
chariot.com,winter-2015 acquired,yc,2026-10-01
justflip.com,winter-2015,yc,2026-10-01
tara.ai,winter-2015,yc,2026-10-01
replika.ai,winter-2015,yc,2026-10-01
nimblerx.com,winter-2015,yc,2026-10-01
spirehealth.com,winter-2015 acquired,yc,2026-10-01
lumi.com,winter-2015 acquired,yc,2026-10-01
mashgin.com,winter-2015,yc,2026-10-01
triplebyte.com,summer-2015 acquired,yc,2026-10-01
lugg.com,summer-2015,yc,2026-10-01
goteleport.com,summer-2015,yc,2026-10-01
teabot.com,summer-2015,yc,2026-10-01
leadersintech.org,summer-2015,yc,2026-10-01
jopwell.com,summer-2015 acquired,yc,2026-10-01
thisisl.com,summer-2015 acquired,yc,2026-10-01
newstoryhomes.org,summer-2015,yc,2026-10-01
openinvest.com,summer-2015 acquired,yc,2026-10-01
gemnote.com,summer-2015,yc,2026-10-01
asm.co,summer-2015,yc,2026-10-01
partnerstack.com,summer-2015 acquired,yc,2026-10-01
secondmeasure.com,summer-2015 acquired,yc,2026-10-01
snapmagic.com,summer-2015,yc,2026-10-01
sourcedna.com,summer-2015 acquired,yc,2026-10-01
heroiclabs.com,summer-2015,yc,2026-10-01
branch8.com,summer-2015,yc,2026-10-01
confidentlims.com,summer-2015,yc,2026-10-01
convox.com,summer-2015 acquired,yc,2026-10-01
cymmetria.com,summer-2015 acquired,yc,2026-10-01
edenworkplace.com,summer-2015 acquired,yc,2026-10-01
foxpass.com,summer-2015 acquired,yc,2026-10-01
sunfarmer.org,summer-2015,yc,2026-10-01
reachpower.com,summer-2015,yc,2026-10-01
tesorio.com,summer-2015,yc,2026-10-01
thriveagritech.com,summer-2015,yc,2026-10-01
vergegenomics.com,summer-2015,yc,2026-10-01
willing.com,summer-2015 acquired,yc,2026-10-01
bluecrewjobs.com,summer-2015 acquired,yc,2026-10-01
bodyport.com,summer-2015,yc,2026-10-01
appcanary.com,summer-2015 acquired,yc,2026-10-01
chaldal.com,summer-2015,yc,2026-10-01
cloudstitch.com,summer-2015 acquired,yc,2026-10-01
sphere.works,summer-2015 acquired,yc,2026-10-01
dripcapital.com,summer-2015,yc,2026-10-01
givecampus.com,summer-2015,yc,2026-10-01
circlemedical.com,summer-2015,yc,2026-10-01
zpredicta.com,summer-2015 acquired,yc,2026-10-01
markhor.com,summer-2015,yc,2026-10-01
zeplin.io,summer-2015,yc,2026-10-01
microhealth.com,summer-2015,yc,2026-10-01
fountain.com,summer-2015,yc,2026-10-01
oolusolar.com,summer-2015 acquired,yc,2026-10-01
picktrace.com,summer-2015,yc,2026-10-01
interviewed.com,summer-2015 acquired,yc,2026-10-01
plateiq.com,summer-2015,yc,2026-10-01
redcarpetup.com,summer-2015,yc,2026-10-01
scentbird.com,summer-2015,yc,2026-10-01
shapescale.com,summer-2015,yc,2026-10-01
shredvideo.com,summer-2015,yc,2026-10-01
xendit.co,summer-2015,yc,2026-10-01
xfers.com,summer-2015 acquired,yc,2026-10-01
80000hours.org,summer-2015,yc,2026-10-01
fontawesome.com,summer-2015,yc,2026-10-01
go1.com,summer-2015,yc,2026-10-01
weareher.com,summer-2015 acquired,yc,2026-10-01
blitzesports.com,summer-2015 acquired,yc,2026-10-01
ticketfairy.com,summer-2015,yc,2026-10-01
tetrascience.com,summer-2015,yc,2026-10-01
mimirhq.com,summer-2015 acquired,yc,2026-10-01
auro.ai,summer-2015 acquired,yc,2026-10-01
nebia.com,summer-2015 acquired,yc,2026-10-01
platejoy.com,summer-2015 acquired,yc,2026-10-01
bitmovin.com,summer-2015,yc,2026-10-01
cofactorgenomics.com,summer-2015,yc,2026-10-01
instawork.com,summer-2015,yc,2026-10-01
tenantturner.com,summer-2015 acquired,yc,2026-10-01
gigster.com,summer-2015 acquired,yc,2026-10-01
mux.com,winter-2016,yc,2026-10-01
soundboks.com,winter-2016,yc,2026-10-01
deepgram.com,winter-2016,yc,2026-10-01
stealthworker.com,winter-2016,yc,2026-10-01
stilt.com,winter-2016 acquired,yc,2026-10-01
embarktrucks.com,winter-2016,yc,2026-10-01
yardbook.com,winter-2016,yc,2026-10-01
chatfuel.com,winter-2016,yc,2026-10-01
getaccept.com,winter-2016,yc,2026-10-01
isonohealth.com,winter-2016,yc,2026-10-01
tovala.com,winter-2016,yc,2026-10-01
magicbus.io,winter-2016,yc,2026-10-01
bymason.com,winter-2016,yc,2026-10-01
outschool.com,winter-2016,yc,2026-10-01
petcube.com,winter-2016,yc,2026-10-01
daily.co,winter-2016,yc,2026-10-01
m.io,winter-2016,yc,2026-10-01
focal.systems,winter-2016,yc,2026-10-01
loopgenomics.com,winter-2016 acquired,yc,2026-10-01
ablehealth.com,winter-2016 acquired,yc,2026-10-01
truebill.com,winter-2016 acquired,yc,2026-10-01
deako.com,winter-2016,yc,2026-10-01
gocopia.com,winter-2016,yc,2026-10-01
gigwell.com,winter-2016,yc,2026-10-01
lendedu.com,winter-2016 acquired,yc,2026-10-01
luministlabs.com,winter-2016 acquired,yc,2026-10-01
meterfeeder.com,winter-2016,yc,2026-10-01
mineralsoft.com,winter-2016 acquired,yc,2026-10-01
pocketsuite.io,winter-2016,yc,2026-10-01
pulpix.com,winter-2016 acquired,yc,2026-10-01
revl.com,winter-2016,yc,2026-10-01
paystack.com,winter-2016 acquired,yc,2026-10-01
goodybag.com,winter-2016 acquired,yc,2026-10-01
mailtime.com,winter-2016,yc,2026-10-01
opentrons.com,winter-2016,yc,2026-10-01
castle.io,winter-2016,yc,2026-10-01
netomi.com,winter-2016,yc,2026-10-01
functionofbeauty.com,winter-2016,yc,2026-10-01
paveai.com,winter-2016,yc,2026-10-01
salt.security,winter-2016,yc,2026-10-01
thunkable.com,winter-2016,yc,2026-10-01
platohq.com,winter-2016 acquired,yc,2026-10-01
lynks.com,winter-2016,yc,2026-10-01
emburse.com,winter-2016 acquired,yc,2026-10-01
geckorobotics.com,winter-2016,yc,2026-10-01
golorry.com,winter-2016,yc,2026-10-01
histowiz.com,winter-2016,yc,2026-10-01
landed.com,winter-2016 acquired,yc,2026-10-01
mrelief.com,winter-2016,yc,2026-10-01
netbeez.net,winter-2016,yc,2026-10-01
redspread.com,winter-2016 acquired,yc,2026-10-01
caper.ai,winter-2016 acquired,yc,2026-10-01
carbic.com,winter-2016,yc,2026-10-01
joinfightcamp.com,winter-2016,yc,2026-10-01
nurx.com,winter-2016 acquired,yc,2026-10-01
quiltdata.com,winter-2016,yc,2026-10-01
sanrights.org,winter-2016,yc,2026-10-01
urodevmedical.com,winter-2016 acquired,yc,2026-10-01
wakie.com,winter-2016,yc,2026-10-01
relativityspace.com,winter-2016,yc,2026-10-01
boomsupersonic.com,winter-2016,yc,2026-10-01
protonet.info,winter-2016,yc,2026-10-01
nova.ai,winter-2016 acquired,yc,2026-10-01
hellobonsai.com,winter-2016 acquired,yc,2026-10-01
flexengage.com,winter-2016 acquired,yc,2026-10-01
hingeto.com,winter-2016 acquired,yc,2026-10-01
gitprime.com,winter-2016 acquired,yc,2026-10-01
astranis.com,winter-2016,yc,2026-10-01
zenysis.com,winter-2016,yc,2026-10-01
lygos.com,winter-2016,yc,2026-10-01
devcolor.org,winter-2016,yc,2026-10-01
hellokip.com,winter-2016 acquired,yc,2026-10-01
perlara.com,winter-2016,yc,2026-10-01
qvin.com,winter-2016,yc,2026-10-01
rappi.com,winter-2016,yc,2026-10-01
billiontoone.com,summer-2017,yc,2026-10-01
primelightworks.com,summer-2016,yc,2026-10-01
senecagov.com,summer-2016 acquired,yc,2026-10-01
vetcove.com,summer-2016,yc,2026-10-01
workramp.com,summer-2016 acquired,yc,2026-10-01
carerev.com,summer-2016 acquired,yc,2026-10-01
withjoy.com,summer-2016,yc,2026-10-01
raptormaps.com,summer-2016,yc,2026-10-01
getupgraded.com,summer-2016,yc,2026-10-01
vote.org,summer-2016,yc,2026-10-01
roserocket.com,summer-2016,yc,2026-10-01
boletomovil.com,summer-2016,yc,2026-10-01
simplecitizen.com,summer-2016 acquired,yc,2026-10-01
rocketlit.com,summer-2016,yc,2026-10-01
amberbox.com,winter-2016,yc,2026-10-01
irisonboard.com,summer-2016 acquired,yc,2026-10-01
opsolutely.com,summer-2016 acquired,yc,2026-10-01
instrumentl.com,summer-2016,yc,2026-10-01
novacredit.com,summer-2016,yc,2026-10-01
onechronos.com,summer-2016,yc,2026-10-01
flexfits.com,summer-2016,yc,2026-10-01
techmate.com,summer-2016 acquired,yc,2026-10-01
womenwhocode.com,summer-2016,yc,2026-10-01
multiplylabs.com,summer-2016,yc,2026-10-01
fabric.me,summer-2016 acquired,yc,2026-10-01
garten.co,summer-2016 acquired,yc,2026-10-01
revlo.co,summer-2016 acquired,yc,2026-10-01
getsymple.com,summer-2016 acquired,yc,2026-10-01
vidcode.com,summer-2016 acquired,yc,2026-10-01
newincentives.org,summer-2016,yc,2026-10-01
neowize.com,summer-2016 acquired,yc,2026-10-01
legalist.com,summer-2016,yc,2026-10-01
synvivia.com,summer-2016,yc,2026-10-01
hioperator.com,summer-2016,yc,2026-10-01
gogograndparent.com,summer-2016,yc,2026-10-01
bulldozair.com,summer-2016 acquired,yc,2026-10-01
meesho.com,summer-2016,yc,2026-10-01
getsquire.com,summer-2016,yc,2026-10-01
theathletic.com,summer-2016 acquired,yc,2026-10-01
miso.kr,summer-2016,yc,2026-10-01
airfordable.com,summer-2016,yc,2026-10-01
validere.com,summer-2016,yc,2026-10-01
curtsyapp.com,summer-2016,yc,2026-10-01
joinsmartpath.com,summer-2016,yc,2026-10-01
emotenow.com,summer-2016,yc,2026-10-01
flutterwave.com,summer-2016,yc,2026-10-01
crowdai.com,summer-2016 acquired,yc,2026-10-01
readyeducation.com,summer-2016,yc,2026-10-01
circa.co,summer-2016,yc,2026-10-01
saleswhale.com,summer-2016 acquired,yc,2026-10-01
polymail.io,summer-2016 acquired,yc,2026-10-01
omgdigitalinc.com,summer-2016,yc,2026-10-01
yoshimobility.com,summer-2016,yc,2026-10-01
people.ai,summer-2016,yc,2026-10-01
apolloshield.com,summer-2016,yc,2026-10-01
querobolsa.com.br,summer-2016,yc,2026-10-01
jumpcut.com,summer-2016,yc,2026-10-01
innov8.work,summer-2016 acquired,yc,2026-10-01
suiteness.com,summer-2016,yc,2026-10-01
elemenohealth.com,summer-2016,yc,2026-10-01
proxy.com,summer-2016 acquired,yc,2026-10-01
classdojo.com,summer-2012,yc,2026-10-01
starcity.com,summer-2016 acquired,yc,2026-10-01
bird.com,summer-2016,yc,2026-10-01
democracyos.org,winter-2015,yc,2026-10-01
tonicdev.com,summer-2016 acquired,yc,2026-10-01
voiceops.com,winter-2017,yc,2026-10-01
cleargenetics.com,winter-2017 acquired,yc,2026-10-01
tizeti.com,winter-2017,yc,2026-10-01
speak.com,winter-2017,yc,2026-10-01
bountiful.ag,winter-2017,yc,2026-10-01
tryscribe.com,winter-2017 acquired,yc,2026-10-01
sinoviatech.com,winter-2017,yc,2026-10-01
loopsupport.com,winter-2017 acquired,yc,2026-10-01
lvl5.ai,winter-2017 acquired,yc,2026-10-01
arthena.com,winter-2017 acquired,yc,2026-10-01
thesleepreset.com,winter-2017,yc,2026-10-01
shipamax.com,winter-2017 acquired,yc,2026-10-01
flyvoly.com,winter-2017 acquired,yc,2026-10-01
bloomtext.com,winter-2017,yc,2026-10-01
soomgo.com,winter-2017 acquired,yc,2026-10-01
mdalgorithms.com,winter-2017,yc,2026-10-01
extern.com,winter-2017,yc,2026-10-01
rentrezi.com,winter-2017,yc,2026-10-01
ledgerinvesting.com,winter-2017,yc,2026-10-01
scaphold.io,winter-2017 acquired,yc,2026-10-01
nuvola.tech,winter-2017,yc,2026-10-01
upcall.com,winter-2017,yc,2026-10-01
theessential.com,winter-2017,yc,2026-10-01
fiix.io,winter-2017 acquired,yc,2026-10-01
downloadwavy.com,winter-2017 acquired,yc,2026-10-01
clipboardworks.com,winter-2017,yc,2026-10-01
sandboxbanking.com,winter-2017 acquired,yc,2026-10-01
rankscience.com,winter-2017,yc,2026-10-01
armory.io,winter-2017 acquired,yc,2026-10-01
ambient.ai,winter-2017,yc,2026-10-01
tokentransit.com,winter-2017,yc,2026-10-01
pennyapp.io,winter-2017 acquired,yc,2026-10-01
snappr.com,winter-2017,yc,2026-10-01
themednet.org,winter-2017,yc,2026-10-01
veryfi.com,winter-2017,yc,2026-10-01
weflywright.com,winter-2017,yc,2026-10-01
tolemi.com,winter-2017,yc,2026-10-01
aellaapp.com,winter-2017,yc,2026-10-01
hivyapp.com,winter-2017 acquired,yc,2026-10-01
collectly.co,winter-2017,yc,2026-10-01
request.network,winter-2017,yc,2026-10-01
alemhealth.com,winter-2017,yc,2026-10-01
fastjvm.com,winter-2017,yc,2026-10-01
suprdaily.com,winter-2017 acquired,yc,2026-10-01
bulkmro.com,winter-2017,yc,2026-10-01
solugen.com,winter-2017,yc,2026-10-01
waystocap.com,winter-2017 acquired,yc,2026-10-01
asktetra.com,winter-2017 acquired,yc,2026-10-01
plane.com,winter-2017,yc,2026-10-01
hogaru.com,winter-2017,yc,2026-10-01
getreliancehealth.com,winter-2017,yc,2026-10-01
apozy.com,winter-2017,yc,2026-10-01
buypower.ng,winter-2017,yc,2026-10-01
aon3d.com,winter-2017,yc,2026-10-01
breaker.audio,winter-2017 acquired,yc,2026-10-01
bulletin.co,winter-2017 acquired,yc,2026-10-01
nomba.com,winter-2017,yc,2026-10-01
bios.health,winter-2017,yc,2026-10-01
zipx.com,winter-2017 acquired,yc,2026-10-01
nanonets.com,winter-2017,yc,2026-10-01
delee.co,winter-2017,yc,2026-10-01
dabba.com,winter-2017,yc,2026-10-01
terark.com,winter-2017 acquired,yc,2026-10-01
playment.io,winter-2017 acquired,yc,2026-10-01
onefin.in,winter-2017,yc,2026-10-01
upkeep.com,winter-2017 acquired,yc,2026-10-01
ridecell.com,winter-2012,yc,2026-10-01
kidpass.com,winter-2017 acquired,yc,2026-10-01
indeelabs.com,winter-2017,yc,2026-10-01
effectivealtruism.org,winter-2017,yc,2026-10-01
livelyme.com,winter-2017,yc,2026-10-01
dosteducation.com,winter-2017,yc,2026-10-01
mirror-ai.com,winter-2017,yc,2026-10-01
peer5.com,winter-2017 acquired,yc,2026-10-01
helixnano.com,winter-2017,yc,2026-10-01
getscopeai.com,winter-2017 acquired,yc,2026-10-01
humi.ca,winter-2017 acquired,yc,2026-10-01
aclu.org,winter-2017,yc,2026-10-01
jerry.ai,summer-2017,yc,2026-10-01
elucd.com,summer-2017 acquired,yc,2026-10-01
fazzfinancial.com,summer-2017,yc,2026-10-01
sigmagenetics.com,winter-2017,yc,2026-10-01
getpy.com,summer-2017 acquired,yc,2026-10-01
skyways.com,summer-2017,yc,2026-10-01
ltse.com,summer-2017,yc,2026-10-01
nobellfoods.com,summer-2017,yc,2026-10-01
vergesense.com,summer-2017,yc,2026-10-01
autohub.io,summer-2017 acquired,yc,2026-10-01
audm.com,summer-2017 acquired,yc,2026-10-01
livefeather.com,summer-2017 acquired,yc,2026-10-01
aecore.com,summer-2017,yc,2026-10-01
bloomtech.com,summer-2017,yc,2026-10-01
leonandgeorge.com,summer-2017,yc,2026-10-01
releaf.africa,summer-2017,yc,2026-10-01
repairsmith.com,summer-2017 acquired,yc,2026-10-01
ribbonhealth.com,summer-2017 acquired,yc,2026-10-01
heliumhealth.com,summer-2017,yc,2026-10-01
fatllama.com,summer-2017 acquired,yc,2026-10-01
up.codes,summer-2017,yc,2026-10-01
standard.ai,summer-2017,yc,2026-10-01
roofr.com,summer-2017,yc,2026-10-01
hirenimble.com,summer-2017,yc,2026-10-01
darmiyan.com,summer-2017,yc,2026-10-01
safebutler.com,summer-2017,yc,2026-10-01
therecraft.com,summer-2017,yc,2026-10-01
cocusocial.com,summer-2017,yc,2026-10-01
mystery.org,summer-2017 acquired,yc,2026-10-01
relationshiphero.com,summer-2017,yc,2026-10-01
get-carrot.com,summer-2017,yc,2026-10-01
enzyme.com,summer-2017 acquired,yc,2026-10-01
advano.io,summer-2017,yc,2026-10-01
solve.com,summer-2017 acquired,yc,2026-10-01
escherreality.com,summer-2017 acquired,yc,2026-10-01
prelim.com,summer-2017,yc,2026-10-01
upfort.com,summer-2017,yc,2026-10-01
getwildfire.com,summer-2017 acquired,yc,2026-10-01
meetingbird.com,summer-2017 acquired,yc,2026-10-01
plasticity.ai,summer-2017 acquired,yc,2026-10-01
truepill.com,summer-2017 acquired,yc,2026-10-01
rabbet.com,summer-2017,yc,2026-10-01
cairns.ai,summer-2017,yc,2026-10-01
popmeals.com,summer-2017,yc,2026-10-01
helpwear.ca,summer-2017,yc,2026-10-01
entocycle.com,summer-2017,yc,2026-10-01
indiv.io,summer-2017 acquired,yc,2026-10-01
flypyka.com,summer-2017,yc,2026-10-01
revgenomics.com,summer-2017,yc,2026-10-01
tpaga.co,summer-2017,yc,2026-10-01
surematics.com,summer-2017 acquired,yc,2026-10-01
airthium.com,summer-2017,yc,2026-10-01
newfront.com,winter-2018 acquired,yc,2026-10-01
guilded.gg,summer-2017 acquired,yc,2026-10-01
honeydue.com,summer-2017 acquired,yc,2026-10-01
flow.space,summer-2017,yc,2026-10-01
skyscrape.us,summer-2017,yc,2026-10-01
d-id.com,summer-2017,yc,2026-10-01
tesseract.space,summer-2017,yc,2026-10-01
oncobox.com,summer-2017,yc,2026-10-01
percept.ai,summer-2017 acquired,yc,2026-10-01
bxblue.com.br,summer-2017 acquired,yc,2026-10-01
lotuspay.com,summer-2017 acquired,yc,2026-10-01
sourceress.com,summer-2017,yc,2026-10-01
onelocal.com,summer-2017,yc,2026-10-01
eduflow.com,summer-2017 acquired,yc,2026-10-01
opearlo.com,summer-2017 acquired,yc,2026-10-01
muzz.com,summer-2017,yc,2026-10-01
headstart.io,summer-2017 acquired,yc,2026-10-01
maymobility.com,summer-2017,yc,2026-10-01
getofficely.com,summer-2017,yc,2026-10-01
zendar.io,summer-2017,yc,2026-10-01
assemblyai.com,summer-2017,yc,2026-10-01
modernfertility.com,summer-2017 acquired,yc,2026-10-01
lyrebird.ai,summer-2017 acquired,yc,2026-10-01
goodcover.com,summer-2017,yc,2026-10-01
templarbit.com,summer-2017 acquired,yc,2026-10-01
routable.com,summer-2017,yc,2026-10-01
justappraised.com,summer-2017,yc,2026-10-01
disclosures.io,summer-2017 acquired,yc,2026-10-01
foreverlabs.com,summer-2017,yc,2026-10-01
shopvida.com,summer-2017 acquired,yc,2026-10-01
10by10.io,summer-2017,yc,2026-10-01
getthematic.com,summer-2017,yc,2026-10-01
followupthen.com,summer-2017,yc,2026-10-01
candidately.com,summer-2017,yc,2026-10-01
cashfree.com,summer-2017,yc,2026-10-01
dharma.io,summer-2017 acquired,yc,2026-10-01
pullrequest.com,summer-2017 acquired,yc,2026-10-01
assemblymade.com,winter-2012 acquired,yc,2026-10-01
lucy.co,winter-2018,yc,2026-10-01
provenskincare.com,winter-2018,yc,2026-10-01
preciousapp.com,winter-2018,yc,2026-10-01
mayhem.gg,winter-2018 acquired,yc,2026-10-01
quantstamp.com,winter-2018,yc,2026-10-01
spellbrush.com,winter-2018,yc,2026-10-01
beanstalk.farm,winter-2018,yc,2026-10-01
blueberrypediatrics.com,winter-2018,yc,2026-10-01
getshogun.com,winter-2018,yc,2026-10-01
assembly.com,winter-2018,yc,2026-10-01
observantai.com,winter-2018,yc,2026-10-01
pulse.qa,winter-2018 acquired,yc,2026-10-01
bearflagrobotics.com,winter-2018 acquired,yc,2026-10-01
fondo.com,winter-2018,yc,2026-10-01
worklytics.co,winter-2018,yc,2026-10-01
sixfold.bio,winter-2018,yc,2026-10-01
glowing.io,winter-2018,yc,2026-10-01
slite.com,winter-2018,yc,2026-10-01
cointracker.com,winter-2018,yc,2026-10-01
keyvalues.com,winter-2018,yc,2026-10-01
clearbrain.com,winter-2018 acquired,yc,2026-10-01
srtxlabs.com,winter-2018,yc,2026-10-01
avrolifesci.com,winter-2018,yc,2026-10-01
sepsisscout.com,winter-2018 acquired,yc,2026-10-01
macromoltek.com,winter-2018,yc,2026-10-01
ngt.academy,winter-2018,yc,2026-10-01
onederful.co,winter-2018 acquired,yc,2026-10-01
biobot.io,winter-2018,yc,2026-10-01
codestream.com,winter-2018 acquired,yc,2026-10-01
nectome.com,winter-2018,yc,2026-10-01
tradewindbio.com,winter-2018,yc,2026-10-01
promise-pay.com,winter-2018,yc,2026-10-01
modernhealth.com,winter-2018,yc,2026-10-01
persephonebiosciences.com,winter-2018,yc,2026-10-01
glimpsek12.com,winter-2018 acquired,yc,2026-10-01
aesculatech.com,winter-2018,yc,2026-10-01
nuvocargo.com,winter-2018,yc,2026-10-01
dearbrightly.com,winter-2018 acquired,yc,2026-10-01
squadapp.io,winter-2018 acquired,yc,2026-10-01
newcraft.io,winter-2018 acquired,yc,2026-10-01
lusbrands.com,winter-2018,yc,2026-10-01
draftbit.com,winter-2018,yc,2026-10-01
meitre.com,winter-2018,yc,2026-10-01
tequitable.com,winter-2018,yc,2026-10-01
evryhealth.com,winter-2018 acquired,yc,2026-10-01
sqreen.com,winter-2018 acquired,yc,2026-10-01
plexus.im,winter-2018,yc,2026-10-01
sourcify.com,winter-2018,yc,2026-10-01
tributi.com,winter-2018,yc,2026-10-01
supermedium.com,winter-2018,yc,2026-10-01
getrest.app,winter-2018,yc,2026-10-01
letsdothis.com,winter-2018,yc,2026-10-01
flinto.app,winter-2018 acquired,yc,2026-10-01
edwin.ai,winter-2018 acquired,yc,2026-10-01
onuniverse.com,winter-2018,yc,2026-10-01
acely.com,winter-2018,yc,2026-10-01
treasuryprime.com,winter-2018,yc,2026-10-01
psylaris.com,winter-2018,yc,2026-10-01
playerslounge.co,winter-2018,yc,2026-10-01
lawyaw.com,winter-2018 acquired,yc,2026-10-01
cognitionip.com,winter-2018,yc,2026-10-01
gainful.com,winter-2018,yc,2026-10-01
hunter2.com,winter-2018 acquired,yc,2026-10-01
naborly.com,winter-2018 acquired,yc,2026-10-01
weekend.com,winter-2018,yc,2026-10-01
sharpestminds.com,winter-2018 acquired,yc,2026-10-01
pelagohealth.com,winter-2018,yc,2026-10-01
dataform.co,winter-2018 acquired,yc,2026-10-01
tilt.io,winter-2018,yc,2026-10-01
safetywing.com,winter-2018,yc,2026-10-01
mojo-app.com,winter-2018 acquired,yc,2026-10-01
orangewood.co,winter-2018,yc,2026-10-01
youteam.io,winter-2018 acquired,yc,2026-10-01
groww.in,winter-2018,yc,2026-10-01
memorahealth.com,winter-2018 acquired,yc,2026-10-01
zyper.com,winter-2018 acquired,yc,2026-10-01
algosurg.com,winter-2018,yc,2026-10-01
medumo.com,winter-2018 acquired,yc,2026-10-01
opensea.io,winter-2018,yc,2026-10-01
archform.com,winter-2018,yc,2026-10-01
zbiotics.com,winter-2018,yc,2026-10-01
swipehouse.co,winter-2018 acquired,yc,2026-10-01
culturebiosciences.com,winter-2018,yc,2026-10-01
jidomaps.com,winter-2018 acquired,yc,2026-10-01
tarjimly.org,winter-2018,yc,2026-10-01
anjuna.io,winter-2018,yc,2026-10-01
mindemulation.org,winter-2018,yc,2026-10-01
venamed.ca,winter-2018,yc,2026-10-01
erudifi.com,winter-2018,yc,2026-10-01
runahr.com,winter-2018,yc,2026-10-01
qulture.rocks,winter-2018 acquired,yc,2026-10-01
helloverify.ae,winter-2018,yc,2026-10-01
superapp.id,winter-2018,yc,2026-10-01
lookaftermybills.com,winter-2018 acquired,yc,2026-10-01
aerones.com,winter-2018,yc,2026-10-01
fidocure.com,winter-2018,yc,2026-10-01
swayable.com,winter-2018,yc,2026-10-01
snackpass.co,winter-2018,yc,2026-10-01
allotropemed.com,summer-2018 acquired,yc,2026-10-01
curebase.ai,summer-2018,yc,2026-10-01
honeylove.com,summer-2018,yc,2026-10-01
phiar.net,summer-2018 acquired,yc,2026-10-01
owny.com,summer-2018,yc,2026-10-01
within.ai,summer-2018,yc,2026-10-01
c16bio.com,summer-2018,yc,2026-10-01
searchlight.ai,winter-2019 acquired,yc,2026-10-01
dinesafe.org,summer-2018,yc,2026-10-01
versemedical.com,summer-2018,yc,2026-10-01
lowkey.gg,summer-2018 acquired,yc,2026-10-01
revenuecat.com,summer-2018,yc,2026-10-01
useopenwrench.com,summer-2018,yc,2026-10-01
demeanor.co,summer-2018 acquired,yc,2026-10-01
activeloop.ai,summer-2018,yc,2026-10-01
titan.com,summer-2018,yc,2026-10-01
datadrivenbioscience.com,summer-2018,yc,2026-10-01
inscribe.ai,summer-2018,yc,2026-10-01
jitx.com,summer-2018,yc,2026-10-01
apprenticehealth.com,summer-2018,yc,2026-10-01
collegepulse.com,summer-2018,yc,2026-10-01
quo.com,summer-2018,yc,2026-10-01
useoptic.com,summer-2018 acquired,yc,2026-10-01
soundkins.com,summer-2018,yc,2026-10-01
rebellyous.com,summer-2018,yc,2026-10-01
gfi.org,summer-2018,yc,2026-10-01
hepatx.com,summer-2018,yc,2026-10-01
cleargene.com,summer-2018,yc,2026-10-01
paladindrones.io,summer-2018,yc,2026-10-01
meruhealth.com,summer-2018,yc,2026-10-01
vimcal.com,summer-2018,yc,2026-10-01
embeddables.com,summer-2018,yc,2026-10-01
64xbio.com,summer-2018,yc,2026-10-01
animaapp.com,summer-2018,yc,2026-10-01
pocketworlds.com,summer-2018,yc,2026-10-01
tallpoppy.com,summer-2018,yc,2026-10-01
easol.com,summer-2018,yc,2026-10-01
onegraph.com,summer-2018 acquired,yc,2026-10-01
scanwellhealth.com,summer-2018 acquired,yc,2026-10-01
corvus-robotics.com,summer-2018,yc,2026-10-01
berbix.com,summer-2018 acquired,yc,2026-10-01
duffel.com,summer-2018,yc,2026-10-01
impactive.io,summer-2018 acquired,yc,2026-10-01
cspa.io,summer-2018 acquired,yc,2026-10-01
regology.com,summer-2018 acquired,yc,2026-10-01
quickchat.ai,summer-2018,yc,2026-10-01
ajaib.co.id,summer-2018,yc,2026-10-01
dreamcraft.com,summer-2018,yc,2026-10-01
rain-neuromorphics.com,summer-2018 acquired,yc,2026-10-01
cbthera.com,summer-2018,yc,2026-10-01
pineparkhealth.com,summer-2018,yc,2026-10-01
happilabs.org,summer-2018 acquired,yc,2026-10-01
mytos.bio,summer-2018,yc,2026-10-01
bluecargo.io,summer-2018,yc,2026-10-01
alphavantage.co,summer-2018,yc,2026-10-01
hypcloud.com,summer-2018 acquired,yc,2026-10-01
heydoctor.com,summer-2018 acquired,yc,2026-10-01
mentalhappy.com,summer-2018,yc,2026-10-01
papa.com,summer-2018,yc,2026-10-01
canarytechnologies.com,summer-2018,yc,2026-10-01
coralgenomics.com,summer-2018 acquired,yc,2026-10-01
prodigaltech.com,summer-2018,yc,2026-10-01
calii.com,summer-2018,yc,2026-10-01
tenderd.com,summer-2018,yc,2026-10-01
namesandfaces.com,summer-2018,yc,2026-10-01
fintual.com,summer-2018,yc,2026-10-01
momentus.space,summer-2018,yc,2026-10-01
botmd.io,summer-2018,yc,2026-10-01
ziffyhomes.com,summer-2018,yc,2026-10-01
nestorup.com,summer-2018,yc,2026-10-01
shelfengine.com,summer-2018 acquired,yc,2026-10-01
novahq.com,summer-2018 acquired,yc,2026-10-01
edenmed.com,summer-2018,yc,2026-10-01
fourgrowers.com,summer-2018,yc,2026-10-01
brainhi.com,summer-2018,yc,2026-10-01
khatabook.com,summer-2018,yc,2026-10-01
helicarrier.studio,summer-2018,yc,2026-10-01
cowrywise.com,summer-2018,yc,2026-10-01
ongrin.com,summer-2018 acquired,yc,2026-10-01
mutinyhq.com,summer-2018,yc,2026-10-01
synkrino.bio,summer-2018,yc,2026-10-01
leena.ai,summer-2018,yc,2026-10-01
anniecannons.com,summer-2018,yc,2026-10-01
juzibot.com,winter-2019,yc,2026-10-01
costplusdrugs.com,summer-2018,yc,2026-10-01
getoxygen.com,summer-2018,yc,2026-10-01
spate.nyc,summer-2018,yc,2026-10-01
enveritas.org,summer-2018,yc,2026-10-01
lemonbox.com,summer-2018,yc,2026-10-01
ilabservice.ai,summer-2018,yc,2026-10-01
doriantherapeutics.com,summer-2018 acquired,yc,2026-10-01
rejuvenationtech.com,summer-2018,yc,2026-10-01
circumventpharmaceuticals.com,summer-2018,yc,2026-10-01
culdesac.com,summer-2018,yc,2026-10-01
okcredit.in,summer-2018,yc,2026-10-01
kinside.com,summer-2018 acquired,yc,2026-10-01
aesthetic.com,summer-2018,yc,2026-10-01
kunduz.com,summer-2018,yc,2026-10-01
wave.com,winter-2012,yc,2026-10-01
overview.ai,winter-2019,yc,2026-10-01
taobotics.com,winter-2019,yc,2026-10-01
trexorobotics.com,winter-2019,yc,2026-10-01
flockjay.com,winter-2019,yc,2026-10-01
intelline.ca,winter-2019,yc,2026-10-01
heycanopy.com,winter-2019,yc,2026-10-01
zerostorefront.com,winter-2019 acquired,yc,2026-10-01
geosite.io,winter-2019 acquired,yc,2026-10-01
thejuggernaut.com,winter-2019,yc,2026-10-01
positive.co,winter-2019,yc,2026-10-01
allsome.com,winter-2019,yc,2026-10-01
pachama.com,winter-2019 acquired,yc,2026-10-01
insightbrowser.com,winter-2019 acquired,yc,2026-10-01
interprime.co,winter-2019 acquired,yc,2026-10-01
keepertax.com,winter-2019,yc,2026-10-01
kalshi.com,winter-2019,yc,2026-10-01
bottomless.com,winter-2019,yc,2026-10-01
ultralig.ht,winter-2019,yc,2026-10-01
centaur.ai,winter-2019,yc,2026-10-01
spirelawfirm.com,winter-2019,yc,2026-10-01
sunsama.com,winter-2019,yc,2026-10-01
sortingrobotics.com,winter-2019,yc,2026-10-01
dyneti.com,winter-2019,yc,2026-10-01
scitok.com,winter-2019,yc,2026-10-01
preflight.com,winter-2019 acquired,yc,2026-10-01
windsor.io,winter-2019 acquired,yc,2026-10-01
ascen.com,winter-2019 acquired,yc,2026-10-01
claytonfarms.com,winter-2019,yc,2026-10-01
postscript.io,winter-2019,yc,2026-10-01
convex.com,winter-2019 acquired,yc,2026-10-01
flowercompany.com,winter-2019,yc,2026-10-01
usehatch.ai,winter-2019 acquired,yc,2026-10-01
brainkey.ai,winter-2019,yc,2026-10-01
medcrypt.co,winter-2019,yc,2026-10-01
leahlabs.com,winter-2019,yc,2026-10-01
windwalk.com,winter-2019,yc,2026-10-01
middesk.com,winter-2019,yc,2026-10-01
golinks.io,winter-2019,yc,2026-10-01
coursedog.com,winter-2019 acquired,yc,2026-10-01
patternfast.com,winter-2019,yc,2026-10-01
thriveagric.com,winter-2019,yc,2026-10-01
communityphone.org,winter-2019,yc,2026-10-01
weathercheck.co,winter-2019,yc,2026-10-01
sapling.ai,winter-2019,yc,2026-10-01
theforage.com,winter-2019 acquired,yc,2026-10-01
avo.app,winter-2019,yc,2026-10-01
demodesk.com,winter-2019,yc,2026-10-01
aiinsurance.io,winter-2019,yc,2026-10-01
swadesh.co,summer-2019,yc,2026-10-01
visly.app,winter-2019 acquired,yc,2026-10-01
onswitchboard.com,winter-2019,yc,2026-10-01
atomicalchemy.us,winter-2019 acquired,yc,2026-10-01
docbot.co,winter-2019 acquired,yc,2026-10-01
elph.com,winter-2019 acquired,yc,2026-10-01
okteto.com,winter-2019,yc,2026-10-01
askdata.com,winter-2019 acquired,yc,2026-10-01
probablygenetic.com,winter-2019,yc,2026-10-01
supernova.io,winter-2019,yc,2026-10-01
doorport.com,winter-2019 acquired,yc,2026-10-01
termius.com,winter-2019,yc,2026-10-01
superorder.com,summer-2019,yc,2026-10-01
bunkerhillhealth.com,winter-2019,yc,2026-10-01
handle.com,winter-2019,yc,2026-10-01
excepgen.com,winter-2019,yc,2026-10-01
mobot.io,winter-2019,yc,2026-10-01
intacttherapeutics.com,winter-2019,yc,2026-10-01
gotlanded.com,winter-2019,yc,2026-10-01
autodial.com,winter-2019,yc,2026-10-01
pyxai.com,winter-2019,yc,2026-10-01
helloaxel.com,winter-2019,yc,2026-10-01
doppler.com,winter-2019,yc,2026-10-01
ravn.com,winter-2019,yc,2026-10-01
usecaribou.com,winter-2019,yc,2026-10-01
wren.co,summer-2019,yc,2026-10-01
instapathbio.com,winter-2019,yc,2026-10-01
cocoon.com,winter-2019 acquired,yc,2026-10-01
auravision.ai,winter-2019,yc,2026-10-01
wanderlog.com,winter-2019,yc,2026-10-01
boundarylayer.tech,winter-2019,yc,2026-10-01
jetpackaviation.com,winter-2019,yc,2026-10-01
voltalabs.com,winter-2019,yc,2026-10-01
reelables.com,winter-2019,yc,2026-10-01
heartaerospace.com,winter-2019,yc,2026-10-01
superb-ai.com,winter-2019,yc,2026-10-01
dagger.io,winter-2019,yc,2026-10-01
ourworldindata.org,winter-2019,yc,2026-10-01
upsolve.org,winter-2019,yc,2026-10-01
maplematerials.com,winter-2019,yc,2026-10-01
alpaca.markets,winter-2019,yc,2026-10-01
xgenomes.com,winter-2019,yc,2026-10-01
dover.com,summer-2019,yc,2026-10-01
ampup.io,winter-2019,yc,2026-10-01
skill-lync.com,winter-2019,yc,2026-10-01
mudrex.com,winter-2019,yc,2026-10-01
nala.com,winter-2019,yc,2026-10-01
nowports.com,winter-2019,yc,2026-10-01
seawisecapital.com,winter-2019 acquired,yc,2026-10-01
slapdash.com,winter-2019 acquired,yc,2026-10-01
zippi.com.br,summer-2019,yc,2026-10-01
shiokmeats.com,winter-2019 acquired,yc,2026-10-01
acciojob.com,winter-2019,yc,2026-10-01
beacons.ai,summer-2019,yc,2026-10-01
kovi.com.br,winter-2019 acquired,yc,2026-10-01
edyst.com,winter-2019,yc,2026-10-01
keynua.com,winter-2019,yc,2026-10-01
exlyapp.com,winter-2019,yc,2026-10-01
credpal.com,winter-2019,yc,2026-10-01
springinafrica.com,winter-2019,yc,2026-10-01
bentocart.com,winter-2019,yc,2026-10-01
emilabs.ai,winter-2019,yc,2026-10-01
lezzoo.com,winter-2019,yc,2026-10-01
glideapps.com,winter-2019,yc,2026-10-01
cityfurnish.com,winter-2019,yc,2026-10-01
getpulse.in,winter-2019,yc,2026-10-01
axdraft.com,winter-2019 acquired,yc,2026-10-01
tuprontomx.com,winter-2019,yc,2026-10-01
cuanto.app,winter-2019,yc,2026-10-01
rune.ai,winter-2019,yc,2026-10-01
getdockup.com,winter-2019,yc,2026-10-01
marsauto.com,winter-2019,yc,2026-10-01
alluresystems.com,winter-2019 acquired,yc,2026-10-01
voting.works,winter-2019,yc,2026-10-01
globe.exchange,winter-2019,yc,2026-10-01
inito.com,winter-2019,yc,2026-10-01
workclout.com,winter-2019 acquired,yc,2026-10-01
latchel.com,winter-2019,yc,2026-10-01
vertofx.com,winter-2019,yc,2026-10-01
firstdelivery.com,winter-2019,yc,2026-10-01
cosmicjs.com,winter-2019,yc,2026-10-01
pools.events,winter-2019,yc,2026-10-01
truora.com,winter-2019,yc,2026-10-01
outrival.com,winter-2019,yc,2026-10-01
1910.ai,winter-2019,yc,2026-10-01
prometheusfuels.com,winter-2019,yc,2026-10-01
numero.ai,winter-2019,yc,2026-10-01
rct.ai,winter-2019,yc,2026-10-01
atlascard.com,winter-2019,yc,2026-10-01
naturallclub.com,winter-2019,yc,2026-10-01
accept.inc,winter-2019 acquired,yc,2026-10-01
taalifoods.com,winter-2019,yc,2026-10-01
ychoicetx.com,winter-2019,yc,2026-10-01
memfault.com,winter-2019 acquired,yc,2026-10-01
eclipsefoods.com,winter-2019,yc,2026-10-01
catch.co,winter-2019 acquired,yc,2026-10-01
buymeacoffee.com,winter-2019,yc,2026-10-01
playbalto.com,winter-2019 acquired,yc,2026-10-01
shipper.id,winter-2019,yc,2026-10-01
schoolable.co,winter-2019,yc,2026-10-01
zerodown.com,winter-2019 acquired,yc,2026-10-01
shef.com,winter-2019,yc,2026-10-01
togetherplatform.com,summer-2019 acquired,yc,2026-10-01
prenda.com,summer-2019,yc,2026-10-01
vouch.us,summer-2019,yc,2026-10-01
popsql.com,summer-2019 acquired,yc,2026-10-01
getdex.com,summer-2019,yc,2026-10-01
matagora.com,summer-2019,yc,2026-10-01
cuboh.com,summer-2019 acquired,yc,2026-10-01
shiru.com,summer-2019,yc,2026-10-01
aperohealth.com,summer-2019,yc,2026-10-01
lofty.ai,summer-2019,yc,2026-10-01
courier.com,summer-2019,yc,2026-10-01
palifer.com,summer-2019 acquired,yc,2026-10-01
methodfi.com,summer-2019,yc,2026-10-01
gamebytes.io,summer-2019,yc,2026-10-01
pillar.io,summer-2019,yc,2026-10-01
kraftful.com,summer-2019 acquired,yc,2026-10-01
wellprincipled.com,summer-2019,yc,2026-10-01
givelegacy.com,summer-2019,yc,2026-10-01
shifthealth.io,summer-2019,yc,2026-10-01
junocollege.com,summer-2019,yc,2026-10-01
shortstorybox.com,summer-2019,yc,2026-10-01
bayes.com,summer-2019 acquired,yc,2026-10-01
jupiter.co,summer-2019,yc,2026-10-01
zeal.com,summer-2019,yc,2026-10-01
hypeandvice.com,summer-2019,yc,2026-10-01
voyage.bio,summer-2019 acquired,yc,2026-10-01
genecis.co,winter-2020,yc,2026-10-01
pairteam.com,summer-2019,yc,2026-10-01
intersectlabs.io,summer-2019 acquired,yc,2026-10-01
everloved.com,summer-2019,yc,2026-10-01
actiondesk.io,summer-2019 acquired,yc,2026-10-01
lucidbots.com,summer-2019,yc,2026-10-01
sablecard.com,summer-2019 acquired,yc,2026-10-01
obieinsurance.com,summer-2019 acquired,yc,2026-10-01
trmlabs.com,summer-2019,yc,2026-10-01
prolific.com,summer-2019,yc,2026-10-01
gen1e.com,summer-2019,yc,2026-10-01
embrace.io,summer-2019 acquired,yc,2026-10-01
mindsethealth.com,summer-2019,yc,2026-10-01
kitekraft.de,summer-2019,yc,2026-10-01
yummy-future.com,summer-2019,yc,2026-10-01
upequity.com,summer-2019,yc,2026-10-01
localyze.com,summer-2019 acquired,yc,2026-10-01
taxproper.com,summer-2019 acquired,yc,2026-10-01
featurepeek.com,summer-2019 acquired,yc,2026-10-01
fynncredit.com,summer-2019,yc,2026-10-01
zetasurgical.com,summer-2019,yc,2026-10-01
openreplay.com,summer-2019,yc,2026-10-01
withbanner.com,summer-2019,yc,2026-10-01
kubesail.com,summer-2019,yc,2026-10-01
greencanopynode.com,summer-2019,yc,2026-10-01
canix.com,summer-2019,yc,2026-10-01
outtalent.com,summer-2019,yc,2026-10-01
downtobid.com,summer-2019 acquired,yc,2026-10-01
rainbow.me,summer-2019,yc,2026-10-01
joinflo.com,summer-2019,yc,2026-10-01
millionmarker.com,summer-2019,yc,2026-10-01
getbouncer.com,summer-2019 acquired,yc,2026-10-01
withcompound.com,summer-2019 acquired,yc,2026-10-01
hatchways.io,summer-2019,yc,2026-10-01
rosebud.ai,summer-2019,yc,2026-10-01
rutter.com,summer-2019,yc,2026-10-01
directshifts.com,summer-2019,yc,2026-10-01
arpeggiobio.com,summer-2019,yc,2026-10-01
kernsystems.com,summer-2019,yc,2026-10-01
spotlessmaterials.com,summer-2019,yc,2026-10-01
datamechanics.co,summer-2019 acquired,yc,2026-10-01
microverse.org,summer-2019,yc,2026-10-01
wasmer.io,summer-2019,yc,2026-10-01
earth-ai.com,summer-2019,yc,2026-10-01
colabsoftware.com,summer-2019,yc,2026-10-01
lineleap.com,summer-2019,yc,2026-10-01
gaia-scope.com,summer-2019 acquired,yc,2026-10-01
trywingman.com,summer-2019 acquired,yc,2026-10-01
getbinks.com,summer-2019,yc,2026-10-01
getlokalapp.com,summer-2019,yc,2026-10-01
chaosgenius.io,winter-2020 acquired,yc,2026-10-01
docvita.com,winter-2020,yc,2026-10-01
prooftrading.com,summer-2019,yc,2026-10-01
mypetrolpump.com,summer-2019 acquired,yc,2026-10-01
vahan.ai,summer-2019,yc,2026-10-01
digi-prex.com,summer-2019,yc,2026-10-01
finlens.app,winter-2020,yc,2026-10-01
loophealth.com,winter-2020,yc,2026-10-01
fampay.in,summer-2019,yc,2026-10-01
ramenvr.com,summer-2019,yc,2026-10-01
demandcurve.com,summer-2019,yc,2026-10-01
spicedata.com,summer-2019,yc,2026-10-01
hightouch.com,summer-2019,yc,2026-10-01
midnox.com,winter-2012 acquired,yc,2026-10-01
heygotrade.com,summer-2019,yc,2026-10-01
edenfarm.id,summer-2019,yc,2026-10-01
facio.com.br,winter-2020,yc,2026-10-01
predictleads.com,summer-2019,yc,2026-10-01
getstoic.com,summer-2019,yc,2026-10-01
paywithflux.com,summer-2019,yc,2026-10-01
trella.app,summer-2019,yc,2026-10-01
recidiviz.org,summer-2019,yc,2026-10-01
holygrail.ai,summer-2019,yc,2026-10-01
tranquifinanzas.com,summer-2019,yc,2026-10-01
heru.app,summer-2019,yc,2026-10-01
inevent.com,summer-2019,yc,2026-10-01
paymongo.com,summer-2019,yc,2026-10-01
freshpaint.io,summer-2019,yc,2026-10-01
traces.ai,summer-2019,yc,2026-10-01
mudafy.com,summer-2019,yc,2026-10-01
zeroheight.com,summer-2019,yc,2026-10-01
curri.com,summer-2019,yc,2026-10-01
getflowbot.com,summer-2019,yc,2026-10-01
vitau.mx,summer-2019,yc,2026-10-01
treble.ai,summer-2019,yc,2026-10-01
cocowallet.app,summer-2019,yc,2026-10-01
aspect.app,summer-2019,yc,2026-10-01
deepnote.com,summer-2019,yc,2026-10-01
asherbio.com,summer-2019,yc,2026-10-01
taskade.com,summer-2019,yc,2026-10-01
vorticity.xyz,summer-2019,yc,2026-10-01
usemotion.com,winter-2020,yc,2026-10-01
laika.com.co,summer-2019,yc,2026-10-01
gitstart.com,summer-2019,yc,2026-10-01
epic-aerospace.com,summer-2019,yc,2026-10-01
vendr.com,summer-2019 acquired,yc,2026-10-01
apurata.com,summer-2019,yc,2026-10-01
breadfast.com,summer-2019,yc,2026-10-01
sequencebio.com,summer-2019,yc,2026-10-01
trykarat.com,winter-2020,yc,2026-10-01
flowglad.com,winter-2020,yc,2026-10-01
onkaiten.com,winter-2020,yc,2026-10-01
zaraz.com,winter-2020 acquired,yc,2026-10-01
inaccord.com,winter-2020,yc,2026-10-01
useparagon.com,winter-2020,yc,2026-10-01
breezeful.com,winter-2020,yc,2026-10-01
phonic.ai,winter-2020 acquired,yc,2026-10-01
okayhq.com,winter-2020 acquired,yc,2026-10-01
volumetricbio.com,winter-2020 acquired,yc,2026-10-01
abalonebio.com,winter-2020,yc,2026-10-01
alude.com.br,winter-2020,yc,2026-10-01
stratum.ai,winter-2020,yc,2026-10-01
teleo.ai,winter-2020 acquired,yc,2026-10-01
polytomic.com,winter-2020,yc,2026-10-01
meetladder.com,summer-2020 acquired,yc,2026-10-01
porter.run,summer-2020,yc,2026-10-01
hoss.com,winter-2020 acquired,yc,2026-10-01
pulley.com,winter-2020,yc,2026-10-01
mindsdb.com,winter-2020,yc,2026-10-01
ophelia.com,winter-2020,yc,2026-10-01
fitnessai.com,winter-2020 acquired,yc,2026-10-01
segmed.ai,winter-2020,yc,2026-10-01
explo.co,winter-2020,yc,2026-10-01
letterdrop.com,winter-2020,yc,2026-10-01
factoredquality.com,winter-2020 acquired,yc,2026-10-01
yearend.com,winter-2020,yc,2026-10-01
taiv.tv,winter-2020,yc,2026-10-01
flowdash.com,winter-2020 acquired,yc,2026-10-01
openunit.com,winter-2020,yc,2026-10-01
toughcommerce.com,winter-2020,yc,2026-10-01
perceptive.io,winter-2020,yc,2026-10-01
dittowords.com,winter-2020,yc,2026-10-01
deepmeditate.com,winter-2020,yc,2026-10-01
handoff.ai,winter-2020,yc,2026-10-01
nextmv.io,winter-2020 acquired,yc,2026-10-01
h1.co,winter-2020,yc,2026-10-01
adenhq.com,winter-2020,yc,2026-10-01
datasaur.ai,winter-2020,yc,2026-10-01
dashworks.ai,winter-2020 acquired,yc,2026-10-01
eternal.gg,winter-2020 acquired,yc,2026-10-01
replicate.com,winter-2020 acquired,yc,2026-10-01
havenservicing.com,winter-2020,yc,2026-10-01
basedash.com,summer-2020,yc,2026-10-01
sinai.com,winter-2020,yc,2026-10-01
joinglimpse.com,winter-2020 acquired,yc,2026-10-01
weav.co,winter-2020 acquired,yc,2026-10-01
velostics.com,winter-2020 acquired,yc,2026-10-01
fig.io,summer-2020 acquired,yc,2026-10-01
farcast.com,winter-2020,yc,2026-10-01
infield.ai,winter-2020,yc,2026-10-01
ezeit.ai,winter-2020,yc,2026-10-01
getbenepass.com,winter-2020,yc,2026-10-01
startplayinggames.com,winter-2020,yc,2026-10-01
trygrain.com,winter-2020,yc,2026-10-01
signadot.com,winter-2020,yc,2026-10-01
operator.io,winter-2020,yc,2026-10-01
talyn.com,winter-2020 acquired,yc,2026-10-01
logarithmlabs.com,winter-2020,yc,2026-10-01
tiendacrypto.com,winter-2020,yc,2026-10-01
whatnot.com,winter-2020,yc,2026-10-01
metaplane.dev,winter-2020 acquired,yc,2026-10-01
heyplura.com,winter-2020,yc,2026-10-01
medicarevox.com,winter-2020,yc,2026-10-01
generalproximity.bio,winter-2020,yc,2026-10-01
altaytherapeutics.com,winter-2020,yc,2026-10-01
turingsaas.com,winter-2020,yc,2026-10-01
dropprintgen.com,winter-2020 acquired,yc,2026-10-01
ello.com,winter-2020,yc,2026-10-01
salesform.com,summer-2020,yc,2026-10-01
querypie.com,winter-2020,yc,2026-10-01
cortex.io,winter-2020,yc,2026-10-01
release.com,winter-2020,yc,2026-10-01
tryresponse.com,summer-2020,yc,2026-10-01
gosavvy.com,winter-2020 acquired,yc,2026-10-01
typedream.com,winter-2020 acquired,yc,2026-10-01
buildbuddy.io,winter-2020,yc,2026-10-01
vori.com,winter-2020,yc,2026-10-01
quill.co,winter-2020,yc,2026-10-01
kinter.ai,winter-2020,yc,2026-10-01
joincandidhealth.com,winter-2020,yc,2026-10-01
todesktop.com,winter-2020,yc,2026-10-01
revenir.ai,winter-2020,yc,2026-10-01
photoroom.com,summer-2020,yc,2026-10-01
modernbanc.com,winter-2020,yc,2026-10-01
tryriot.com,winter-2020,yc,2026-10-01
cron.com,winter-2020 acquired,yc,2026-10-01
aiosmedical.com,winter-2020,yc,2026-10-01
jitter.video,winter-2020,yc,2026-10-01
junction.com,winter-2020,yc,2026-10-01
skypher.co,winter-2020,yc,2026-10-01
recurrency.com,summer-2020,yc,2026-10-01
postera.ai,winter-2020,yc,2026-10-01
upflow.io,winter-2020,yc,2026-10-01
deepsource.com,winter-2020 acquired,yc,2026-10-01
getkosh.com,winter-2020,yc,2026-10-01
twoplusfertility.com,summer-2020,yc,2026-10-01
ablejobs.co,winter-2020 acquired,yc,2026-10-01
payswifter.com,winter-2020 acquired,yc,2026-10-01
stayqrious.com,winter-2020,yc,2026-10-01
urbankisaan.com,winter-2020,yc,2026-10-01
farmtheory.in,winter-2020,yc,2026-10-01
tagmango.com,winter-2020,yc,2026-10-01
morphlelabs.com,winter-2020,yc,2026-10-01
zeorouteplanner.com,winter-2020,yc,2026-10-01
hiration.com,winter-2020,yc,2026-10-01
ybanq.com,winter-2020 acquired,yc,2026-10-01
bikry.com,winter-2020,yc,2026-10-01
edurev.in,winter-2020,yc,2026-10-01
spennyapp.com,winter-2020,yc,2026-10-01
hiresweet.com,winter-2020,yc,2026-10-01
pahamify.com,winter-2020,yc,2026-10-01
adyn.com,summer-2020,yc,2026-10-01
anglehealth.com,winter-2020,yc,2026-10-01
openbiome.org,winter-2020,yc,2026-10-01
isabl.io,winter-2020,yc,2026-10-01
nexu.mx,winter-2020,yc,2026-10-01
odastudio.ai,winter-2020,yc,2026-10-01
delt.ai,winter-2020 acquired,yc,2026-10-01
daedalus.de,winter-2020,yc,2026-10-01
avion.health,winter-2020,yc,2026-10-01
getsomatic.com,winter-2020,yc,2026-10-01
thndr.app,summer-2020,yc,2026-10-01
getswipe.com,winter-2020,yc,2026-10-01
electroneek.com,winter-2020,yc,2026-10-01
hent.com.br,winter-2020 acquired,yc,2026-10-01
investbamboo.com,winter-2020,yc,2026-10-01
futuralabs.io,winter-2020,yc,2026-10-01
tajir.app,winter-2020,yc,2026-10-01
fondeadora.com,winter-2020,yc,2026-10-01
linkana.com,winter-2020,yc,2026-10-01
bego.ai,winter-2020,yc,2026-10-01
termii.com,winter-2020,yc,2026-10-01
starkbank.com,winter-2020,yc,2026-10-01
sayana.app,winter-2020 acquired,yc,2026-10-01
zynq.io,winter-2020 acquired,yc,2026-10-01
checkars.com,winter-2020 acquired,yc,2026-10-01
handl.ai,winter-2020,yc,2026-10-01
ramani.io,winter-2020,yc,2026-10-01
nomic.bio,winter-2020,yc,2026-10-01
crowdforce.io,winter-2020 acquired,yc,2026-10-01
guruhotel.com,winter-2020,yc,2026-10-01
giveaway.mobi,winter-2020,yc,2026-10-01
sakneen.com,winter-2020,yc,2026-10-01
usestable.com,winter-2020,yc,2026-10-01
healthlane.co,winter-2020,yc,2026-10-01
recall.ai,winter-2020,yc,2026-10-01
borong.com,winter-2020,yc,2026-10-01
atmo.ai,winter-2020,yc,2026-10-01
99minutos.com,winter-2020,yc,2026-10-01
send.ng,winter-2020,yc,2026-10-01
powerx.co,winter-2020 acquired,yc,2026-10-01
livingcarbon.com,winter-2020,yc,2026-10-01
tambua.health,winter-2020,yc,2026-10-01
airbyte.com,winter-2020,yc,2026-10-01
myworkpay.com,winter-2020,yc,2026-10-01
humanly.io,winter-2020,yc,2026-10-01
gaspos.co,winter-2020,yc,2026-10-01
tasker.ai,winter-2020,yc,2026-10-01
equatortherapeutics.com,winter-2020,yc,2026-10-01
belvo.com,winter-2020,yc,2026-10-01
menten.ai,winter-2020,yc,2026-10-01
lfcarry.com,winter-2020,yc,2026-10-01
jenfi.com,winter-2020,yc,2026-10-01
yassir.com,winter-2020,yc,2026-10-01
ansabio.com,winter-2020,yc,2026-10-01
ochre-bio.com,winter-2020,yc,2026-10-01
jetadmin.io,winter-2020,yc,2026-10-01
algenbio.com,winter-2020,yc,2026-10-01
altro.io,summer-2020 acquired,yc,2026-10-01
ukama.com,summer-2020,yc,2026-10-01
jemi.so,summer-2020 acquired,yc,2026-10-01
jitsu.com,summer-2020 acquired,yc,2026-10-01
ziphq.com,summer-2020,yc,2026-10-01
increase.com,summer-2020,yc,2026-10-01
lifesci-key.com,summer-2020 acquired,yc,2026-10-01
luminai.com,summer-2020,yc,2026-10-01
command.ai,summer-2020 acquired,yc,2026-10-01
tryjeeves.com,summer-2020,yc,2026-10-01
roboflow.com,summer-2020,yc,2026-10-01
supertokens.com,summer-2020,yc,2026-10-01
banditml.com,summer-2020 acquired,yc,2026-10-01
infeedo.ai,summer-2020,yc,2026-10-01
depict.ai,summer-2020,yc,2026-10-01
datafold.com,summer-2020,yc,2026-10-01
lightdash.com,summer-2020,yc,2026-10-01
blueonion.ai,summer-2020,yc,2026-10-01
momence.com,summer-2020 acquired,yc,2026-10-01
zitara.com,summer-2020,yc,2026-10-01
teamgather.co,summer-2020 acquired,yc,2026-10-01
dripos.com,summer-2020,yc,2026-10-01
atob.com,summer-2020,yc,2026-10-01
ring.md,summer-2020,yc,2026-10-01
finmark.com,summer-2020 acquired,yc,2026-10-01
questdb.com,summer-2020,yc,2026-10-01
contasimples.com,summer-2020,yc,2026-10-01
seam.co,summer-2020,yc,2026-10-01
hypermile.ai,summer-2020 acquired,yc,2026-10-01
getsafepay.pk,summer-2020,yc,2026-10-01
venostent.com,summer-2020,yc,2026-10-01
volopay.com,summer-2020,yc,2026-10-01
strive.school,summer-2020 acquired,yc,2026-10-01
explorex.co,summer-2020,yc,2026-10-01
trynovel.com,summer-2020,yc,2026-10-01
pave.com,summer-2020,yc,2026-10-01
currentfoods.com,summer-2020 acquired,yc,2026-10-01
powerus.de,summer-2020,yc,2026-10-01
knownmed.com,summer-2020 acquired,yc,2026-10-01
charityvest.org,summer-2020 acquired,yc,2026-10-01
hypotenuse.ai,summer-2020,yc,2026-10-01
synapticure.com,summer-2020,yc,2026-10-01
dialect.to,summer-2020 acquired,yc,2026-10-01
farmako.ai,summer-2020,yc,2026-10-01
kernalbio.com,summer-2020,yc,2026-10-01
corecare.ai,summer-2020,yc,2026-10-01
speedscale.com,summer-2020,yc,2026-10-01
swif.ai,summer-2020,yc,2026-10-01
humanloop.com,summer-2020 acquired,yc,2026-10-01
arist.co,summer-2020,yc,2026-10-01
cradlefinance.com,summer-2020,yc,2026-10-01
addomni.com,summer-2020 acquired,yc,2026-10-01
blissway.com,summer-2020,yc,2026-10-01
doola.com,summer-2020,yc,2026-10-01
webapp.io,summer-2020 acquired,yc,2026-10-01
seal.run,summer-2020,yc,2026-10-01
getbits.app,summer-2020,yc,2026-10-01
atomicvest.com,summer-2020,yc,2026-10-01
vectrix.io,summer-2020 acquired,yc,2026-10-01
osmind.org,summer-2020,yc,2026-10-01
biocogniv.com,summer-2020 acquired,yc,2026-10-01
daybreakhealth.com,summer-2020,yc,2026-10-01
mesh.ai,summer-2020,yc,2026-10-01
withyotta.com,summer-2020,yc,2026-10-01
keydb.dev,summer-2020 acquired,yc,2026-10-01
tappityapp.com,summer-2020,yc,2026-10-01
stackerhq.com,summer-2020,yc,2026-10-01
hellometer.io,summer-2020,yc,2026-10-01
getjusto.com,summer-2020,yc,2026-10-01
nexterarobotics.com,summer-2020,yc,2026-10-01
statiq.in,summer-2020,yc,2026-10-01
vitablehealth.com,summer-2020,yc,2026-10-01
getbalance.com,summer-2020,yc,2026-10-01
nabla.bio,summer-2020,yc,2026-10-01
plerk.io,summer-2020 acquired,yc,2026-10-01
clew.ai,summer-2020 acquired,yc,2026-10-01
wareiq.com,summer-2020,yc,2026-10-01
bik.ai,summer-2020,yc,2026-10-01
decentro.tech,summer-2020,yc,2026-10-01
notabene.id,summer-2020,yc,2026-10-01
aquariumlearning.com,summer-2020 acquired,yc,2026-10-01
mailwarm.com,summer-2020,yc,2026-10-01
memberstack.com,summer-2020,yc,2026-10-01
mozper.com,summer-2020,yc,2026-10-01
tella.com,summer-2020,yc,2026-10-01
sameplan.com,summer-2020 acquired,yc,2026-10-01
kingdomsuperculture.com,summer-2020,yc,2026-10-01
nephrogenbiotech.com,summer-2020,yc,2026-10-01
withflint.com,summer-2020,yc,2026-10-01
tyltgo.com,summer-2020,yc,2026-10-01
scrimba.com,summer-2020,yc,2026-10-01
skio.com,summer-2020 acquired,yc,2026-10-01
hotplate.com,summer-2020,yc,2026-10-01
farel.io,summer-2020,yc,2026-10-01
drapr.com,summer-2020 acquired,yc,2026-10-01
minimum.com,summer-2020,yc,2026-10-01
cohere.io,summer-2020 acquired,yc,2026-10-01
panadata.net,summer-2020,yc,2026-10-01
dataland.io,summer-2020,yc,2026-10-01
akiflow.com,summer-2020,yc,2026-10-01
awtomic.com,summer-2020,yc,2026-10-01
joinformal.com,summer-2020,yc,2026-10-01
orangehealth.in,summer-2020,yc,2026-10-01
laylo.com,summer-2020,yc,2026-10-01
soyhenry.com,summer-2020,yc,2026-10-01
arketa.com,summer-2020,yc,2026-10-01
carbonchain.com,summer-2020,yc,2026-10-01
socksoho.com,summer-2020,yc,2026-10-01
togethervideoapp.com,summer-2020 acquired,yc,2026-10-01
ready.net,summer-2020,yc,2026-10-01
pardesbio.com,summer-2020,yc,2026-10-01
taktile.com,summer-2020,yc,2026-10-01
trymito.io,summer-2020,yc,2026-10-01
draftwise.com,summer-2020,yc,2026-10-01
safebase.io,summer-2020 acquired,yc,2026-10-01
summitglobal.com,summer-2020,yc,2026-10-01
afriexapp.com,summer-2020,yc,2026-10-01
lendtable.com,summer-2020,yc,2026-10-01
medpiper.com,summer-2020,yc,2026-10-01
venavitals.com,summer-2020,yc,2026-10-01
insomabio.com,summer-2020,yc,2026-10-01
mobiusmaterials.com,summer-2020,yc,2026-10-01
tryglimpse.com,summer-2020,yc,2026-10-01
fancyapp.live,summer-2020 acquired,yc,2026-10-01
nestybox.com,summer-2020 acquired,yc,2026-10-01
warmly.ai,summer-2020 acquired,yc,2026-10-01
rally.video,summer-2020,yc,2026-10-01
mozartdata.com,summer-2020,yc,2026-10-01
riogrande.co,summer-2020 acquired,yc,2026-10-01
reflect.run,summer-2020 acquired,yc,2026-10-01
inspectify.com,summer-2020,yc,2026-10-01
cloverapp.co,summer-2020 acquired,yc,2026-10-01
zuddl.com,summer-2020,yc,2026-10-01
parrotsoftware.io,summer-2020,yc,2026-10-01
hellosaur.us,summer-2020 acquired,yc,2026-10-01
tryfinch.com,summer-2020,yc,2026-10-01
fieldguide.com,summer-2020,yc,2026-10-01
herondata.io,summer-2020,yc,2026-10-01
hub.la,summer-2020,yc,2026-10-01
clau.com,summer-2020,yc,2026-10-01
playquell.com,summer-2020 acquired,yc,2026-10-01
todoscomemos.com,summer-2020,yc,2026-10-01
futurefields.io,summer-2020,yc,2026-10-01
rarebird.coffee,summer-2020,yc,2026-10-01
siphoxhealth.com,summer-2020,yc,2026-10-01
verifiable.com,summer-2020,yc,2026-10-01
getmatter.app,summer-2020,yc,2026-10-01
gilgameshpharmaceutical.com,summer-2020,yc,2026-10-01
brevy.com,summer-2020 acquired,yc,2026-10-01
webiny.com,winter-2021,yc,2026-10-01
gather.town,summer-2019,yc,2026-10-01
abacum.ai,winter-2021,yc,2026-10-01
atratopago.com,winter-2021,yc,2026-10-01
runway.team,winter-2021,yc,2026-10-01
cloudhumans.com,winter-2021,yc,2026-10-01
bristlehealth.com,winter-2021,yc,2026-10-01
serna.bio,winter-2021,yc,2026-10-01
trestlebio.com,winter-2021,yc,2026-10-01
thethirdplace.is,winter-2021,yc,2026-10-01
gaiia.com,winter-2021,yc,2026-10-01
atomic.industries,winter-2021,yc,2026-10-01
albaorbital.com,winter-2021,yc,2026-10-01
authzed.com,winter-2021,yc,2026-10-01
humaans.io,winter-2021,yc,2026-10-01
albedo.com,winter-2021,yc,2026-10-01
playdreamworld.com,winter-2021,yc,2026-10-01
howdy.com,winter-2021,yc,2026-10-01
lyggcorp.com,winter-2021,yc,2026-10-01
rocketsdr.ai,winter-2021,yc,2026-10-01
taloflow.ai,winter-2021,yc,2026-10-01
medmehealth.com,winter-2021,yc,2026-10-01
usewaypoint.com,winter-2021,yc,2026-10-01
getspokn.com,winter-2021,yc,2026-10-01
finleycms.com,winter-2021 acquired,yc,2026-10-01
hapi.trade,winter-2021,yc,2026-10-01
stacksi.com,winter-2021 acquired,yc,2026-10-01
powerrouter.io,winter-2021,yc,2026-10-01
signoz.io,winter-2021,yc,2026-10-01
arnata.com,winter-2021,yc,2026-10-01
modernloop.io,winter-2021,yc,2026-10-01
gromo.in,winter-2021,yc,2026-10-01
pibit.ai,winter-2021,yc,2026-10-01
lionpose.com,winter-2021,yc,2026-10-01
vogent.ai,summer-2021 acquired,yc,2026-10-01
furmacy.com,winter-2021 acquired,yc,2026-10-01
nourish.com,winter-2021,yc,2026-10-01
moichor.com,winter-2021,yc,2026-10-01
joingerald.com,winter-2021,yc,2026-10-01
usebluelight.com,winter-2021,yc,2026-10-01
curvenote.com,winter-2021,yc,2026-10-01
wyndly.com,winter-2021,yc,2026-10-01
fluxauto.ai,winter-2021,yc,2026-10-01
spruceid.com,winter-2021,yc,2026-10-01
fountain9.com,winter-2021 acquired,yc,2026-10-01
tupelosmb.com,winter-2021,yc,2026-10-01
avocadopos.com,winter-2021,yc,2026-10-01
weekday.works,winter-2021,yc,2026-10-01
trysmartcuts.com,winter-2021,yc,2026-10-01
zeptonow.com,winter-2021,yc,2026-10-01
getpesto.com,winter-2021,yc,2026-10-01
laudspeaker.com,winter-2021 acquired,yc,2026-10-01
axiom.ai,winter-2021,yc,2026-10-01
segments.ai,winter-2021 acquired,yc,2026-10-01
encord.com,winter-2021,yc,2026-10-01
cashbook.in,winter-2021,yc,2026-10-01
getpingpong.com,winter-2021 acquired,yc,2026-10-01
fractional.app,winter-2021,yc,2026-10-01
clipdrop.co,winter-2021 acquired,yc,2026-10-01
hyper.co,summer-2021 acquired,yc,2026-10-01
valinktx.com,winter-2021,yc,2026-10-01
avenue.app,winter-2021 acquired,yc,2026-10-01
prequel.co,winter-2021,yc,2026-10-01
goflok.com,winter-2021 acquired,yc,2026-10-01
sivo.com,winter-2021,yc,2026-10-01
gradia.com,winter-2021,yc,2026-10-01
hyperglue.com,winter-2021 acquired,yc,2026-10-01
axlehealth.com,winter-2021,yc,2026-10-01
cyble.com,winter-2021,yc,2026-10-01
terapify.com,winter-2021,yc,2026-10-01
getsupadock.com,winter-2021,yc,2026-10-01
expent.ai,winter-2021,yc,2026-10-01
functionup.org,winter-2021 acquired,yc,2026-10-01
gridware.io,winter-2021,yc,2026-10-01
versionstory.com,winter-2021,yc,2026-10-01
buenofinanceinc.com,winter-2021 acquired,yc,2026-10-01
bimaplan.co,winter-2021,yc,2026-10-01
firstbase.io,winter-2021,yc,2026-10-01
octifi.com,winter-2021 acquired,yc,2026-10-01
tryperdiem.com,winter-2021,yc,2026-10-01
fifthtry.com,winter-2021,yc,2026-10-01
promoted.ai,winter-2021 acquired,yc,2026-10-01
avironactive.com,winter-2021,yc,2026-10-01
camber.health,winter-2021,yc,2026-10-01
pry.co,winter-2021 acquired,yc,2026-10-01
emergetools.com,winter-2021 acquired,yc,2026-10-01
parsagon.io,winter-2021,yc,2026-10-01
lendflow.com,winter-2021,yc,2026-10-01
alinea-invest.com,winter-2021,yc,2026-10-01
vapi.ai,winter-2021,yc,2026-10-01
fintoc.com,winter-2021,yc,2026-10-01
nirvahealth.com,winter-2021,yc,2026-10-01
dashlabs.ai,winter-2021,yc,2026-10-01
orbillion.com,winter-2021 acquired,yc,2026-10-01
kodo.com,winter-2021,yc,2026-10-01
quadrant.health,winter-2021,yc,2026-10-01
udhaar.pk,winter-2021,yc,2026-10-01
topkey.io,winter-2021,yc,2026-10-01
mindee.com,winter-2021,yc,2026-10-01
weweb.io,winter-2021,yc,2026-10-01
kredi.mx,winter-2021,yc,2026-10-01
pangea.app,winter-2021,yc,2026-10-01
animahealth.com,winter-2021,yc,2026-10-01
procoto.com,winter-2021 acquired,yc,2026-10-01
logica.cloud,winter-2021,yc,2026-10-01
careweather.com,winter-2021,yc,2026-10-01
rointech.com,winter-2021 acquired,yc,2026-10-01
hermes-robotics.com,winter-2021,yc,2026-10-01
popl.co,winter-2021,yc,2026-10-01
fathom.ai,winter-2021,yc,2026-10-01
true3d.com,winter-2021,yc,2026-10-01
briohr.com,winter-2021,yc,2026-10-01
firstsupport.ai,winter-2021,yc,2026-10-01
rinsed.com,winter-2021,yc,2026-10-01
trymeasured.com,winter-2021,yc,2026-10-01
r2.co,winter-2021 acquired,yc,2026-10-01
gimbooks.com,winter-2021,yc,2026-10-01
grey-wing.com,winter-2021,yc,2026-10-01
zingbus.com,winter-2021,yc,2026-10-01
verak.in,winter-2021 acquired,yc,2026-10-01
finary.com,winter-2021,yc,2026-10-01
remoracarbon.com,winter-2021,yc,2026-10-01
liveflow.com,winter-2021,yc,2026-10-01
auricle.com,winter-2021,yc,2026-10-01
aurabeattech.com,winter-2021,yc,2026-10-01
hudu.com,winter-2021,yc,2026-10-01
greatquestion.co,winter-2021,yc,2026-10-01
datrics.ai,winter-2021,yc,2026-10-01
trela.com.br,winter-2021,yc,2026-10-01
enode.com,winter-2021,yc,2026-10-01
coderhouse.com,winter-2021,yc,2026-10-01
sendbox.co,winter-2021,yc,2026-10-01
blaze.today,winter-2021,yc,2026-10-01
trendpop.com,winter-2021 acquired,yc,2026-10-01
lighttwist.com,winter-2021,yc,2026-10-01
veerahealth.com,winter-2021,yc,2026-10-01
logisticsos.com,winter-2021,yc,2026-10-01
gethomebase.com,winter-2021,yc,2026-10-01
partnered.com,winter-2021 acquired,yc,2026-10-01
opencode.ai,winter-2021,yc,2026-10-01
darrow.ai,winter-2021,yc,2026-10-01
flextock.com,winter-2021,yc,2026-10-01
quotabook.com,winter-2021,yc,2026-10-01
toplinepro.com,winter-2021,yc,2026-10-01
quicknode.com,winter-2021,yc,2026-10-01
re2.ai,winter-2021,yc,2026-10-01
codingal.com,winter-2021,yc,2026-10-01
techbiz.app,winter-2021 acquired,yc,2026-10-01
solosuit.com,winter-2021,yc,2026-10-01
enableus.com,winter-2021 acquired,yc,2026-10-01
dyte.io,winter-2021 acquired,yc,2026-10-01
clicoh.com,winter-2021,yc,2026-10-01
stokespace.com,winter-2021,yc,2026-10-01
juicymarbles.com,winter-2021,yc,2026-10-01
tilt.bike,winter-2021,yc,2026-10-01
unschool.in,winter-2021,yc,2026-10-01
simplify.jobs,winter-2021,yc,2026-10-01
inpharmd.com,winter-2021,yc,2026-10-01
striga.com,winter-2021 acquired,yc,2026-10-01
tint.ai,winter-2021,yc,2026-10-01
unsurvey.ai,winter-2021 acquired,yc,2026-10-01
zoko.io,winter-2021,yc,2026-10-01
taofi.com,winter-2021 acquired,yc,2026-10-01
reclaimprotocol.org,winter-2021,yc,2026-10-01
slash.com,summer-2021,yc,2026-10-01
botbuilt.com,winter-2021,yc,2026-10-01
rulebricks.com,winter-2021,yc,2026-10-01
fithub.com.co,winter-2021,yc,2026-10-01
helloseer.com,winter-2021,yc,2026-10-01
redcliffelabs.com,winter-2021,yc,2026-10-01
thanksroger.com,winter-2021,yc,2026-10-01
phoenix.ca,winter-2021,yc,2026-10-01
worksphere.com,winter-2021 acquired,yc,2026-10-01
feroot.com,winter-2021,yc,2026-10-01
betterhalf.ai,winter-2021,yc,2026-10-01
nouns.camp,winter-2021,yc,2026-10-01
biodock.ai,winter-2021,yc,2026-10-01
venu3d.com,winter-2021,yc,2026-10-01
manara.tech,winter-2021,yc,2026-10-01
compose.ai,winter-2021,yc,2026-10-01
lamarhealth.com,winter-2021,yc,2026-10-01
soraban.com,winter-2021,yc,2026-10-01
pyroscope.io,winter-2021 acquired,yc,2026-10-01
stayflexi.com,winter-2021,yc,2026-10-01
getontop.com,winter-2021,yc,2026-10-01
preki.com,winter-2021 acquired,yc,2026-10-01
mendel.com,winter-2021,yc,2026-10-01
usehaystack.io,winter-2021,yc,2026-10-01
z1.app,winter-2021,yc,2026-10-01
moradauno.com.mx,winter-2021,yc,2026-10-01
entelexo.com,winter-2021,yc,2026-10-01
mono.co,winter-2021 acquired,yc,2026-10-01
houm.com,winter-2021,yc,2026-10-01
zealth-ai.com,winter-2021,yc,2026-10-01
alokai.com,winter-2021,yc,2026-10-01
ziina.com,winter-2021,yc,2026-10-01
pagaloop.com,winter-2021,yc,2026-10-01
chatwoot.com,winter-2021,yc,2026-10-01
infracost.io,winter-2021,yc,2026-10-01
kitemaker.co,winter-2021 acquired,yc,2026-10-01
agendapro.com,winter-2021,yc,2026-10-01
flutterflow.io,winter-2021,yc,2026-10-01
kidato.com,winter-2021,yc,2026-10-01
greaseboss.com.au,winter-2021,yc,2026-10-01
alpas.ai,winter-2021,yc,2026-10-01
floweq.com,winter-2021,yc,2026-10-01
rejoyhealth.com,winter-2021,yc,2026-10-01
inbalanceresearch.com,winter-2021 acquired,yc,2026-10-01
swadesiway.com,winter-2021,yc,2026-10-01
machine26.com,winter-2021,yc,2026-10-01
foster.co,winter-2021,yc,2026-10-01
svix.com,winter-2021,yc,2026-10-01
treinta.co,winter-2021,yc,2026-10-01
olaclick.com,winter-2021,yc,2026-10-01
regentcraft.com,winter-2021,yc,2026-10-01
businessonbot.com,winter-2021,yc,2026-10-01
gigs.com,winter-2021,yc,2026-10-01
jetdocs.io,winter-2021,yc,2026-10-01
getprospa.com,winter-2021,yc,2026-10-01
rethoric.com,winter-2021,yc,2026-10-01
dayra.co,winter-2021,yc,2026-10-01
axolo.co,winter-2021,yc,2026-10-01
peoplecq.com,winter-2021,yc,2026-10-01
poliglota.org,winter-2021,yc,2026-10-01
usefriz.com,winter-2021 acquired,yc,2026-10-01
voosh.ai,winter-2021,yc,2026-10-01
somosinternet.co,winter-2021,yc,2026-10-01
awari.com,winter-2021 acquired,yc,2026-10-01
upchieve.org,winter-2021,yc,2026-10-01
navattic.com,winter-2021,yc,2026-10-01
letsrecover.com,winter-2021,yc,2026-10-01
estoca.com.br,winter-2021,yc,2026-10-01
broad.app,winter-2021,yc,2026-10-01
jiga.io,winter-2021,yc,2026-10-01
vendease.com,winter-2021,yc,2026-10-01
marqvision.com,summer-2021,yc,2026-10-01
wasp-lang.dev,winter-2021,yc,2026-10-01
hubuc.com,winter-2021,yc,2026-10-01
turingcollege.com,winter-2021,yc,2026-10-01
djamo.com,winter-2021,yc,2026-10-01
hoop.dev,winter-2021,yc,2026-10-01
moonvalley.com,winter-2021,yc,2026-10-01
nuntiustx.com,winter-2021,yc,2026-10-01
waydev.co,winter-2021,yc,2026-10-01
authologic.com,winter-2021,yc,2026-10-01
arpio.io,winter-2021,yc,2026-10-01
triomics.com,winter-2021,yc,2026-10-01
mayan.co,winter-2021,yc,2026-10-01
getclearapp.com,winter-2021,yc,2026-10-01
bloomapp.com,winter-2021,yc,2026-10-01
h3x.tech,winter-2021,yc,2026-10-01
mynextderma.com,winter-2021,yc,2026-10-01
kilobaser.com,winter-2021,yc,2026-10-01
swiftsku.com,winter-2021,yc,2026-10-01
shepherdinsurance.com,winter-2021,yc,2026-10-01
pipebio.com,winter-2021 acquired,yc,2026-10-01
reshapebiotech.com,winter-2021,yc,2026-10-01
tryterra.co,winter-2021,yc,2026-10-01
magicbell.com,winter-2021,yc,2026-10-01
camlist.com,winter-2021,yc,2026-10-01
nextpay.world,winter-2021,yc,2026-10-01
chorussleep.com,winter-2021,yc,2026-10-01
ollama.com,winter-2021,yc,2026-10-01
getkanda.com,winter-2021,yc,2026-10-01
humance.tech,winter-2021,yc,2026-10-01
journey.io,winter-2021 acquired,yc,2026-10-01
eqtble.com,winter-2021 acquired,yc,2026-10-01
meru.com,winter-2021,yc,2026-10-01
iflux.app,winter-2021,yc,2026-10-01
vuiapp.vn,winter-2021,yc,2026-10-01
kiwify.com.br,winter-2021,yc,2026-10-01
palla.com,summer-2021,yc,2026-10-01
cococart.co,summer-2021,yc,2026-10-01
palettehq.com,summer-2021,yc,2026-10-01
openlayer.com,summer-2021,yc,2026-10-01
promakhos.com,summer-2021,yc,2026-10-01
slopepay.com,summer-2021,yc,2026-10-01
epsilon3.io,summer-2021,yc,2026-10-01
inversionspace.com,summer-2021,yc,2026-10-01
blixo.com,summer-2021,yc,2026-10-01
joinreframeapp.com,summer-2021,yc,2026-10-01
getdailyagape.com,summer-2021,yc,2026-10-01
positional.com,summer-2021 acquired,yc,2026-10-01
contalink.com,summer-2021,yc,2026-10-01
aoadx.com,summer-2021,yc,2026-10-01
marketfeed.com,summer-2021,yc,2026-10-01
beeper.com,summer-2021 acquired,yc,2026-10-01
artillery.io,summer-2021,yc,2026-10-01
hotglue.com,summer-2021,yc,2026-10-01
talus.bio,summer-2021,yc,2026-10-01
legionhealth.com,summer-2021,yc,2026-10-01
odysaviation.com,summer-2021,yc,2026-10-01
superwall.com,summer-2021,yc,2026-10-01
pipekit.io,summer-2021,yc,2026-10-01
mindstate.design,summer-2021,yc,2026-10-01
ourhivehealth.com,summer-2021,yc,2026-10-01
serifhealth.com,winter-2022,yc,2026-10-01
deskimo.com,summer-2021,yc,2026-10-01
customily.com,summer-2021,yc,2026-10-01
stipop.io,summer-2021,yc,2026-10-01
abstra.io,summer-2021,yc,2026-10-01
carbonfact.com,summer-2021,yc,2026-10-01
varos.com,summer-2021,yc,2026-10-01
archbee.com,summer-2021,yc,2026-10-01
getbaraka.com,summer-2021,yc,2026-10-01
concordmaterials.com,summer-2021,yc,2026-10-01
flow.club,summer-2021,yc,2026-10-01
jestor.com,summer-2021,yc,2026-10-01
trylevel.app,summer-2021 acquired,yc,2026-10-01
potion.ai,summer-2021,yc,2026-10-01
replo.app,summer-2021,yc,2026-10-01
fingo.africa,summer-2021 acquired,yc,2026-10-01
arqfinance.com,summer-2021,yc,2026-10-01
goodkind.com,summer-2021 acquired,yc,2026-10-01
karboncard.com,summer-2021,yc,2026-10-01
catenabiosciences.com,summer-2021,yc,2026-10-01
ananya.health,summer-2021,yc,2026-10-01
levro.com,summer-2021,yc,2026-10-01
front.page,summer-2021,yc,2026-10-01
kalamlabs.in,summer-2021,yc,2026-10-01
affogato.ai,summer-2021,yc,2026-10-01
koshex.com,summer-2021,yc,2026-10-01
mailmodo.com,summer-2021 acquired,yc,2026-10-01
coulomb.ai,summer-2021,yc,2026-10-01
joindeed.com,summer-2021 acquired,yc,2026-10-01
odwen.co.in,summer-2021,yc,2026-10-01
blockerx.net,summer-2021,yc,2026-10-01
salarybook.co.in,summer-2021,yc,2026-10-01
confidotech.com,summer-2021,yc,2026-10-01
boldvoice.com,summer-2021,yc,2026-10-01
instalab.com,winter-2022,yc,2026-10-01
instacrops.com,summer-2021,yc,2026-10-01
zazos.com,summer-2021,yc,2026-10-01
parallel.bio,summer-2021,yc,2026-10-01
bluumbio.com,summer-2021,yc,2026-10-01
rivia.ai,summer-2021,yc,2026-10-01
advantageclub.co,summer-2021,yc,2026-10-01
echoeshq.com,summer-2021,yc,2026-10-01
getswipe.in,summer-2021,yc,2026-10-01
algouniversity.com,summer-2021,yc,2026-10-01
neodocs.in,summer-2021,yc,2026-10-01
appx.co.in,summer-2021,yc,2026-10-01
mobileboost.io,summer-2021,yc,2026-10-01
getcabal.com,summer-2021,yc,2026-10-01
rgilabs.com,summer-2021,yc,2026-10-01
strivemath.com,summer-2021,yc,2026-10-01
doublehq.com,summer-2021,yc,2026-10-01
onsleek.com,summer-2021 acquired,yc,2026-10-01
socosearch.com,summer-2021,yc,2026-10-01
epinoma.com,summer-2021,yc,2026-10-01
reprosent.com,summer-2021,yc,2026-10-01
biteninja.com,summer-2021,yc,2026-10-01
anakin.io,summer-2021,yc,2026-10-01
snapcalorie.com,summer-2021,yc,2026-10-01
instakin.com,summer-2021,yc,2026-10-01
studystream.live,summer-2021,yc,2026-10-01
union54.com,summer-2021,yc,2026-10-01
hypercore.ai,summer-2021,yc,2026-10-01
getlago.com,summer-2021,yc,2026-10-01
rendalomaq.com,summer-2021,yc,2026-10-01
dailybot.com,summer-2021,yc,2026-10-01
tablevibe.co,summer-2021 acquired,yc,2026-10-01
joinforage.com,summer-2021,yc,2026-10-01
lnkd.in,summer-2021,yc,2026-10-01
tavus.io,summer-2021,yc,2026-10-01
konta.com,summer-2021,yc,2026-10-01
ivy.homes,summer-2021,yc,2026-10-01
britebenefits.com,summer-2021,yc,2026-10-01
safebeat.com,summer-2021,yc,2026-10-01
trii.co,summer-2021,yc,2026-10-01
fitia.app,summer-2021,yc,2026-10-01
awesomic.com,summer-2021,yc,2026-10-01
maroo.us,summer-2021 acquired,yc,2026-10-01
gethypertrader.com,summer-2021,yc,2026-10-01
verihubs.com,summer-2021,yc,2026-10-01
kodexglobal.com,summer-2021,yc,2026-10-01
pirouettepharma.com,summer-2021,yc,2026-10-01
shoplocale.com,summer-2021,yc,2026-10-01
secoda.co,summer-2021,yc,2026-10-01
usekaya.com,summer-2021,yc,2026-10-01
investwithaqua.com,summer-2021,yc,2026-10-01
tarsal.co,summer-2021 acquired,yc,2026-10-01
hilos.io,summer-2021 acquired,yc,2026-10-01
salarybox.in,summer-2021,yc,2026-10-01
rinse.dental,summer-2021,yc,2026-10-01
redbean.ai,summer-2021,yc,2026-10-01
sentiyen.com,summer-2021,yc,2026-10-01
jovian.com,summer-2021,yc,2026-10-01
hyperbrowser.ai,summer-2021,yc,2026-10-01
keyri.com,summer-2021 acquired,yc,2026-10-01
algoviral.com,summer-2021,yc,2026-10-01
onebrief.com,summer-2021,yc,2026-10-01
laudable.com,summer-2021 acquired,yc,2026-10-01
repool.com,summer-2021,yc,2026-10-01
trybree.com,summer-2021,yc,2026-10-01
monto.mx,summer-2021,yc,2026-10-01
breadcrumbs.io,summer-2021 acquired,yc,2026-10-01
pideaky.com,summer-2021,yc,2026-10-01
govly.com,summer-2021,yc,2026-10-01
pluggy.ai,summer-2021,yc,2026-10-01
okani.care,summer-2021,yc,2026-10-01
aitechpacks.com,summer-2021,yc,2026-10-01
enerjazz.tech,summer-2021,yc,2026-10-01
warpfy.com,summer-2021,yc,2026-10-01
planet-a-foods.com,summer-2021,yc,2026-10-01
glitzi.com.mx,summer-2021,yc,2026-10-01
testrigor.com,summer-2021,yc,2026-10-01
monet.com.co,summer-2021,yc,2026-10-01
ensoanalytics.com,summer-2021,yc,2026-10-01
tiriel.ai,summer-2021,yc,2026-10-01
cloudanix.com,summer-2021,yc,2026-10-01
burodeingresos.com,summer-2021,yc,2026-10-01
sigmaos.com,summer-2021,yc,2026-10-01
digibuild.com,summer-2021,yc,2026-10-01
flu.ke,summer-2021,yc,2026-10-01
cero.ai,summer-2021,yc,2026-10-01
inai.io,summer-2021 acquired,yc,2026-10-01
matidor.com,summer-2021,yc,2026-10-01
warpbuild.com,summer-2021,yc,2026-10-01
geostar.ai,summer-2021,yc,2026-10-01
mindfi.co,summer-2021,yc,2026-10-01
trusspayments.com,summer-2021,yc,2026-10-01
cloudthread.io,summer-2021 acquired,yc,2026-10-01
arrowcheckout.com,summer-2021,yc,2026-10-01
niraenergy.com,winter-2022,yc,2026-10-01
intellect.co,summer-2021,yc,2026-10-01
cartpanda.com,summer-2021,yc,2026-10-01
lootrush.com,summer-2021,yc,2026-10-01
scispot.io,summer-2021,yc,2026-10-01
yemaachi.com,summer-2021,yc,2026-10-01
trymable.com,summer-2021 acquired,yc,2026-10-01
momomedical.com,summer-2021,yc,2026-10-01
lemfi.com,summer-2021,yc,2026-10-01
infiuss.com,summer-2021,yc,2026-10-01
coinrule.com,summer-2021,yc,2026-10-01
mergent.co,summer-2021,yc,2026-10-01
formance.com,summer-2021,yc,2026-10-01
sequinai.com,summer-2021,yc,2026-10-01
mallocprivacy.com,summer-2021,yc,2026-10-01
whalesync.com,summer-2021,yc,2026-10-01
shipblu.com,summer-2021,yc,2026-10-01
getdot.ai,summer-2021,yc,2026-10-01
coloop.ai,summer-2021,yc,2026-10-01
miniloop.ai,summer-2021,yc,2026-10-01
arengu.com,summer-2021 acquired,yc,2026-10-01
oneschema.co,summer-2021,yc,2026-10-01
shimmer.care,summer-2021,yc,2026-10-01
stardex.com,summer-2021,yc,2026-10-01
encuadrado.com,summer-2021,yc,2026-10-01
zoios.io,summer-2021,yc,2026-10-01
alephee.com,summer-2021,yc,2026-10-01
kaipodlearning.com,summer-2021,yc,2026-10-01
getaleph.com,summer-2021,yc,2026-10-01
vincoed.com,summer-2021,yc,2026-10-01
getinflow.io,summer-2021 acquired,yc,2026-10-01
protex.ai,summer-2021,yc,2026-10-01
digistain.co.uk,summer-2021,yc,2026-10-01
freterium.com,summer-2021,yc,2026-10-01
astekdx.com,summer-2021,yc,2026-10-01
lapzo.com,summer-2021,yc,2026-10-01
makaniscience.net,summer-2021,yc,2026-10-01
harmonicdiscovery.com,summer-2021,yc,2026-10-01
flowly.world,summer-2021,yc,2026-10-01
zensors.com,summer-2021,yc,2026-10-01
portao3.com.br,summer-2021,yc,2026-10-01
payhippo.africa,summer-2021,yc,2026-10-01
whaly.io,summer-2021,yc,2026-10-01
evidentlyai.com,summer-2021,yc,2026-10-01
cumbuca.com,summer-2021,yc,2026-10-01
heycharge.com,summer-2021,yc,2026-10-01
asim.sh,summer-2021,yc,2026-10-01
endla.com,summer-2021,yc,2026-10-01
adaptyvbio.com,summer-2021,yc,2026-10-01
sparkstudio.co,summer-2021,yc,2026-10-01
warrant.dev,summer-2021 acquired,yc,2026-10-01
meticulous.ai,summer-2021,yc,2026-10-01
getmentum.com,summer-2021 acquired,yc,2026-10-01
sirka.io,summer-2021,yc,2026-10-01
akutehealth.com,summer-2021,yc,2026-10-01
writesonic.com,summer-2021,yc,2026-10-01
matrubials.com,summer-2021,yc,2026-10-01
breakaway.app,summer-2021,yc,2026-10-01
float.xyz,summer-2021,yc,2026-10-01
transastra.com,summer-2021,yc,2026-10-01
trycoast.com,summer-2021,yc,2026-10-01
hitpayapp.com,summer-2021,yc,2026-10-01
floatpays.com,summer-2021,yc,2026-10-01
bolsterbuilt.com,summer-2021,yc,2026-10-01
onfolk.com,summer-2021 acquired,yc,2026-10-01
ancanaliving.com,summer-2021,yc,2026-10-01
examedi.cl,summer-2021,yc,2026-10-01
mach9.ai,summer-2021,yc,2026-10-01
rmfg.com,summer-2021,yc,2026-10-01
usedots.com,summer-2021,yc,2026-10-01
litnerd.com,summer-2021,yc,2026-10-01
noloco.io,summer-2021,yc,2026-10-01
chari.com,summer-2021,yc,2026-10-01
tenyks.ai,summer-2021,yc,2026-10-01
withpillar.com,summer-2021,yc,2026-10-01
adni.co,summer-2021,yc,2026-10-01
infina.vn,summer-2021,yc,2026-10-01
telm.ai,summer-2021,yc,2026-10-01
genomelink.io,summer-2021,yc,2026-10-01
gogenuity.com,summer-2021,yc,2026-10-01
nomod.com,summer-2021,yc,2026-10-01
hudson-labs.com,summer-2021,yc,2026-10-01
aercompliance.com,summer-2021 acquired,yc,2026-10-01
buoyant.aero,summer-2021,yc,2026-10-01
waterplan.com,summer-2021,yc,2026-10-01
siglo.com,summer-2021,yc,2026-10-01
getfilta.com,summer-2021,yc,2026-10-01
ferveret.com,summer-2021,yc,2026-10-01
femaleinvest.com,summer-2021,yc,2026-10-01
humanegenomics.com,summer-2021,yc,2026-10-01
getzuma.com,summer-2021,yc,2026-10-01
telivy.com,summer-2021 acquired,yc,2026-10-01
pylonump.com,summer-2021,yc,2026-10-01
infer.so,summer-2021,yc,2026-10-01
vibekanban.com,summer-2021,yc,2026-10-01
cairehealthinc.com,summer-2021,yc,2026-10-01
mejorcdt.com,summer-2021,yc,2026-10-01
nasdisc.com,summer-2021 acquired,yc,2026-10-01
fodzyme.com,summer-2021,yc,2026-10-01
filadd.com,summer-2021,yc,2026-10-01
stownest.com,summer-2021,yc,2026-10-01
tuli.health,summer-2021,yc,2026-10-01
malga.io,summer-2021,yc,2026-10-01
kapacity.io,summer-2021 acquired,yc,2026-10-01
novatr.com,summer-2021,yc,2026-10-01
baubap.com,summer-2021,yc,2026-10-01
shape.xyz,summer-2021,yc,2026-10-01
idemeum.com,summer-2021,yc,2026-10-01
pandai.org,summer-2021,yc,2026-10-01
abhi.com.pk,summer-2021,yc,2026-10-01
suplias.com,summer-2021,yc,2026-10-01
orderli.com,summer-2021,yc,2026-10-01
bytekitchen.io,summer-2021 acquired,yc,2026-10-01
sensible.bio,summer-2021,yc,2026-10-01
strideq.com,summer-2021,yc,2026-10-01
storylane.io,summer-2021,yc,2026-10-01
contraforce.com,summer-2021,yc,2026-10-01
abatable.com,summer-2021,yc,2026-10-01
outputbio.com,summer-2021,yc,2026-10-01
cellchorus.com,summer-2021,yc,2026-10-01
atlas.kitchen,summer-2021,yc,2026-10-01
plai.io,summer-2021,yc,2026-10-01
hirebolt.com,summer-2021,yc,2026-10-01
phykos.co,summer-2021,yc,2026-10-01
therify.co,summer-2021,yc,2026-10-01
crew.work,summer-2021,yc,2026-10-01
sfatherapeutics.com,summer-2021,yc,2026-10-01
getbirdie.io,summer-2021,yc,2026-10-01
bytebot.ai,summer-2021 acquired,yc,2026-10-01
adra.ai,summer-2021,yc,2026-10-01
medium.bio,summer-2021,yc,2026-10-01
pactima.com,summer-2021 acquired,yc,2026-10-01
luminatemed.com,summer-2021,yc,2026-10-01
evidence.dev,summer-2021,yc,2026-10-01
sitenna.com,summer-2021,yc,2026-10-01
gamerpay.gg,summer-2021 acquired,yc,2026-10-01
vedabio.com,summer-2021,yc,2026-10-01
aviator.co,summer-2021,yc,2026-10-01
firstignite.com,summer-2021 acquired,yc,2026-10-01
veranohealth.org,summer-2021 acquired,yc,2026-10-01
datlo.com,summer-2021,yc,2026-10-01
at.cafe,summer-2021,yc,2026-10-01
synder.com,summer-2021,yc,2026-10-01
stepful.com,summer-2021,yc,2026-10-01
turionspace.com,summer-2021,yc,2026-10-01
satsuma.xyz,summer-2021 acquired,yc,2026-10-01
heo-robotics.com,summer-2021,yc,2026-10-01
titipku.com,summer-2021,yc,2026-10-01
ahazou.com,summer-2021,yc,2026-10-01
chargerobotics.com,summer-2021,yc,2026-10-01
payflow.es,summer-2021,yc,2026-10-01
equipthealth.com,summer-2021,yc,2026-10-01
usenash.com,summer-2021,yc,2026-10-01
lightly.ai,summer-2021,yc,2026-10-01
pidedirecto.mx,summer-2021,yc,2026-10-01
amenli.com,summer-2021,yc,2026-10-01
chipax.com,summer-2021,yc,2026-10-01
safermgmt.com,summer-2021,yc,2026-10-01
exa.ai,summer-2021,yc,2026-10-01
trytoku.com,summer-2021,yc,2026-10-01
beau.to,summer-2021,yc,2026-10-01
sully.ai,summer-2021,yc,2026-10-01
mechoautotech.com,summer-2021,yc,2026-10-01
livlabsfitness.com,summer-2021,yc,2026-10-01
revolvesurgical.com,summer-2021,yc,2026-10-01
gojabu.com,summer-2021,yc,2026-10-01
careerist.cc,summer-2021,yc,2026-10-01
andiai.com,winter-2022,yc,2026-10-01
emergecareer.com,summer-2022,yc,2026-10-01
wyvern.space,winter-2022,yc,2026-10-01
optery.com,winter-2022 acquired,yc,2026-10-01
attack.capital,winter-2022,yc,2026-10-01
apollofirst.xyz,winter-2022,yc,2026-10-01
spotdx.com,winter-2022,yc,2026-10-01
joinarc.com,winter-2022 acquired,yc,2026-10-01
elevatepay.co,winter-2022,yc,2026-10-01
stafbook.com,winter-2022,yc,2026-10-01
keylika.com,summer-2022,yc,2026-10-01
medervahealth.com,winter-2022,yc,2026-10-01
comprarapida.co,winter-2022,yc,2026-10-01
growthbook.io,winter-2022,yc,2026-10-01
silkchart.com,summer-2022,yc,2026-10-01
astroforge.io,winter-2022,yc,2026-10-01
tigereye.com,summer-2022 acquired,yc,2026-10-01
joinalfie.com,winter-2022 acquired,yc,2026-10-01
redbird.io,winter-2022,yc,2026-10-01
useagave.com,winter-2022,yc,2026-10-01
strac.io,winter-2022,yc,2026-10-01
dramadrama.ai,winter-2022,yc,2026-10-01
scouthealth.com,winter-2022,yc,2026-10-01
tybrhealth.com,winter-2022,yc,2026-10-01
lifeat.com,winter-2022,yc,2026-10-01
boardcave.com,winter-2022,yc,2026-10-01
syronahealth.com,winter-2022,yc,2026-10-01
kapital.mx,winter-2022,yc,2026-10-01
railbirdexchange.com,winter-2022 acquired,yc,2026-10-01
capuchin.ai,winter-2022,yc,2026-10-01
sievedata.com,winter-2022,yc,2026-10-01
selia.co,winter-2022,yc,2026-10-01
policyfly.com,winter-2022,yc,2026-10-01
lumibot.com,winter-2022,yc,2026-10-01
ravion.com,winter-2022,yc,2026-10-01
hubble.com,winter-2022,yc,2026-10-01
trellus.ai,winter-2022,yc,2026-10-01
rebill.com,winter-2022,yc,2026-10-01
gotrebol.com,winter-2022,yc,2026-10-01
peakflo.co,winter-2022,yc,2026-10-01
wereno.com,winter-2022,yc,2026-10-01
samos.insure,winter-2022,yc,2026-10-01
rosebudbiosciences.com,winter-2022,yc,2026-10-01
vantedgeai.com,winter-2022,yc,2026-10-01
starlingmedical.com,winter-2022,yc,2026-10-01
tumomento.com,winter-2022,yc,2026-10-01
promptloop.com,winter-2022,yc,2026-10-01
actipulseneuroscience.com,winter-2022,yc,2026-10-01
engagebio.com,winter-2022 acquired,yc,2026-10-01
craniometrix.com,winter-2022,yc,2026-10-01
shinkei.systems,winter-2022,yc,2026-10-01
hellocozmo.ai,winter-2022,yc,2026-10-01
sota2.com,winter-2022,yc,2026-10-01
loops.so,winter-2022,yc,2026-10-01
wagetap.com,winter-2022,yc,2026-10-01
onorca.dev,winter-2022,yc,2026-10-01
properfinance.io,winter-2022 acquired,yc,2026-10-01
itsjack.com,winter-2022,yc,2026-10-01
perlstreet.com,winter-2022,yc,2026-10-01
seiright.com,winter-2022,yc,2026-10-01
unrealmilk.com,winter-2022,yc,2026-10-01
nestgenomics.com,winter-2022,yc,2026-10-01
axross.co,winter-2022,yc,2026-10-01
sarus.tech,winter-2022 acquired,yc,2026-10-01
withblaze.app,winter-2022,yc,2026-10-01
spinach.ai,winter-2022,yc,2026-10-01
nyckel.com,winter-2022,yc,2026-10-01
yezza.com,winter-2022,yc,2026-10-01
fleetzero.com,winter-2022,yc,2026-10-01
gymclass.com,winter-2022,yc,2026-10-01
teamout.com,winter-2022,yc,2026-10-01
inferedge.com,winter-2022,yc,2026-10-01
sekilo.com,winter-2022,yc,2026-10-01
livehomeroom.com,winter-2022 acquired,yc,2026-10-01
seabound.co,winter-2022,yc,2026-10-01
dynamo.ai,winter-2022,yc,2026-10-01
invertbio.com,winter-2022,yc,2026-10-01
industrialnext.ai,winter-2022,yc,2026-10-01
onyxprivate.com,winter-2022 acquired,yc,2026-10-01
rownd.ai,winter-2022,yc,2026-10-01
aspora.com,winter-2022,yc,2026-10-01
teachwithkoala.com,winter-2022,yc,2026-10-01
cutr.ai,winter-2022,yc,2026-10-01
kaso.ai,winter-2022,yc,2026-10-01
jumpwire.io,winter-2022 acquired,yc,2026-10-01
touchandpay.me,winter-2022,yc,2026-10-01
heyfood.africa,winter-2022,yc,2026-10-01
vendoo.co,winter-2022,yc,2026-10-01
myria.us,winter-2022,yc,2026-10-01
hypahub.com,winter-2022 acquired,yc,2026-10-01
alixia.com,winter-2022,yc,2026-10-01
corveusmedical.com,winter-2022,yc,2026-10-01
instant.ca,winter-2022,yc,2026-10-01
miggos.com,winter-2022,yc,2026-10-01
orca.fyi,winter-2022,yc,2026-10-01
shuttlecentral.com,winter-2022,yc,2026-10-01
atlas.so,winter-2022,yc,2026-10-01
dioptra.ai,winter-2022 acquired,yc,2026-10-01
upswell.ai,winter-2022,yc,2026-10-01
hyperbeam.com,winter-2022,yc,2026-10-01
getironleap.io,winter-2022,yc,2026-10-01
ankr.us,winter-2022,yc,2026-10-01
upbanx.com,winter-2022,yc,2026-10-01
mysivi.ai,winter-2022,yc,2026-10-01
fieldproxy.com,winter-2022,yc,2026-10-01
happl.com,winter-2022,yc,2026-10-01
unlayer.com,winter-2022,yc,2026-10-01
pyrls.com,winter-2022,yc,2026-10-01
complif.com,winter-2022,yc,2026-10-01
munily.com,winter-2022,yc,2026-10-01
getlenk.com,winter-2022,yc,2026-10-01
haddock.app,winter-2022,yc,2026-10-01
fintelite.ai,winter-2022,yc,2026-10-01
cerebrium.ai,winter-2022,yc,2026-10-01
lexter.ai,winter-2022,yc,2026-10-01
joinoto.com,winter-2022,yc,2026-10-01
versableai.com,winter-2022,yc,2026-10-01
elementary-data.com,winter-2022,yc,2026-10-01
agentnoon.com,winter-2022,yc,2026-10-01
firezone.dev,winter-2022,yc,2026-10-01
phasebiolabs.com,winter-2022,yc,2026-10-01
lightmeter.io,winter-2022,yc,2026-10-01
mosaicvoice.ai,winter-2022,yc,2026-10-01
creizer.com,winter-2022,yc,2026-10-01
stockunlock.com,winter-2022,yc,2026-10-01
lancedb.com,winter-2022,yc,2026-10-01
omoi.com,winter-2022,yc,2026-10-01
rdash.io,winter-2022,yc,2026-10-01
getzorba.com,winter-2022,yc,2026-10-01
beam.cloud,winter-2022,yc,2026-10-01
sophyshealth.com,winter-2022,yc,2026-10-01
bunkyr.com,winter-2022,yc,2026-10-01
snaptrade.com,winter-2022,yc,2026-10-01
armilla.ai,winter-2022,yc,2026-10-01
soon.app,winter-2022,yc,2026-10-01
dartai.com,winter-2022,yc,2026-10-01
palitronica.com,winter-2022,yc,2026-10-01
emobi.ai,winter-2022,yc,2026-10-01
cardda.com,winter-2022,yc,2026-10-01
nationalfinanceolympiad.com,winter-2022,yc,2026-10-01
bakool.id,winter-2022,yc,2026-10-01
reforgedlabs.com,winter-2022,yc,2026-10-01
ranla.ai,winter-2022,yc,2026-10-01
hokali.com,winter-2022,yc,2026-10-01
axis.xyz,winter-2022,yc,2026-10-01
flagright.com,winter-2022,yc,2026-10-01
redbrickai.com,winter-2022,yc,2026-10-01
gauss.money,winter-2022,yc,2026-10-01
t3.chat,winter-2022,yc,2026-10-01
bharatx.tech,winter-2022 acquired,yc,2026-10-01
stackshine.com,winter-2022 acquired,yc,2026-10-01
speechly.com,winter-2022 acquired,yc,2026-10-01
getsphere.com,winter-2022,yc,2026-10-01
magna.so,winter-2022 acquired,yc,2026-10-01
iomete.com,winter-2022,yc,2026-10-01
tryskylink.com,winter-2022 acquired,yc,2026-10-01
refinetrain.ai,winter-2022,yc,2026-10-01
permitflow.com,winter-2022,yc,2026-10-01
stairsfinancial.com,winter-2022,yc,2026-10-01
nearwave.co,winter-2022,yc,2026-10-01
salt.pe,winter-2022,yc,2026-10-01
imt.care,winter-2022,yc,2026-10-01
anfin.vn,winter-2022,yc,2026-10-01
siftly.ai,winter-2022,yc,2026-10-01
complete.so,winter-2022,yc,2026-10-01
plumter.com,winter-2022,yc,2026-10-01
tuvahealth.com,winter-2022,yc,2026-10-01
paycaddy.com,winter-2022,yc,2026-10-01
digitech.la,winter-2022,yc,2026-10-01
velt.dev,winter-2022,yc,2026-10-01
wibond.co,winter-2022,yc,2026-10-01
myeazipay.com,winter-2022,yc,2026-10-01
markaz.app,winter-2022,yc,2026-10-01
cogram.com,winter-2022,yc,2026-10-01
enlightra.com,winter-2022,yc,2026-10-01
tokotutor.com,winter-2022,yc,2026-10-01
poshenergy.com,winter-2022,yc,2026-10-01
sero.so,winter-2022,yc,2026-10-01
cotera.co,winter-2022,yc,2026-10-01
spadeworks.co,winter-2022,yc,2026-10-01
hellolunajoy.com,winter-2022,yc,2026-10-01
finflx.com,winter-2022,yc,2026-10-01
curacel.co,winter-2022,yc,2026-10-01
boyahq.com,winter-2022,yc,2026-10-01
kaagaz.app,winter-2022,yc,2026-10-01
requestly.com,winter-2022 acquired,yc,2026-10-01
voize.de,winter-2022,yc,2026-10-01
tolahq.com,winter-2022 acquired,yc,2026-10-01
paycrunch.in,winter-2022,yc,2026-10-01
pluto.markets,winter-2022,yc,2026-10-01
getagency.com,winter-2022,yc,2026-10-01
prembly.com,winter-2022,yc,2026-10-01
alga.bio,winter-2022,yc,2026-10-01
elphinstone.com.pk,winter-2022,yc,2026-10-01
grey.co,winter-2022,yc,2026-10-01
strongcompute.com,winter-2022,yc,2026-10-01
subscriptionflow.com,winter-2022,yc,2026-10-01
dojah.io,winter-2022,yc,2026-10-01
glep.com,winter-2022,yc,2026-10-01
getconvoy.io,winter-2022,yc,2026-10-01
tendo.app,winter-2022,yc,2026-10-01
getfuell.com,winter-2022 acquired,yc,2026-10-01
getlovage.com,winter-2022,yc,2026-10-01
argo.la,winter-2022,yc,2026-10-01
myvendy.com,winter-2022,yc,2026-10-01
meetbenson.com,winter-2022,yc,2026-10-01
blitzllama.com,winter-2022 acquired,yc,2026-10-01
sprites.ai,winter-2022,yc,2026-10-01
smarthelio.com,winter-2022,yc,2026-10-01
arintra.com,winter-2022,yc,2026-10-01
hydra.so,winter-2022 acquired,yc,2026-10-01
trackingplan.com,winter-2022,yc,2026-10-01
goodfin.com,winter-2022,yc,2026-10-01
durioo.com,winter-2022,yc,2026-10-01
simplifyd.com,winter-2022,yc,2026-10-01
airworkhq.com,winter-2022,yc,2026-10-01
cashflowportal.com,winter-2022,yc,2026-10-01
userank.com,winter-2022,yc,2026-10-01
getnashglobal.com,winter-2022,yc,2026-10-01
cinder.ai,winter-2022,yc,2026-10-01
getpartna.com,winter-2022,yc,2026-10-01
botcity.dev,winter-2022,yc,2026-10-01
take.app,winter-2022,yc,2026-10-01
nullstone.io,winter-2022,yc,2026-10-01
carboncrusher.io,winter-2022,yc,2026-10-01
courtyard.io,winter-2022,yc,2026-10-01
dimorder.com,winter-2022,yc,2026-10-01
savein.money,winter-2022,yc,2026-10-01
materialdepot.in,winter-2022,yc,2026-10-01
tryduplo.com,winter-2022,yc,2026-10-01
vimmerse.net,winter-2022,yc,2026-10-01
broccoli.com,winter-2022,yc,2026-10-01
rome.ai,winter-2022,yc,2026-10-01
joe-app.com,winter-2022 acquired,yc,2026-10-01
bemlo.com,winter-2022,yc,2026-10-01
talentropy.ai,winter-2022,yc,2026-10-01
mutable.ai,winter-2022 acquired,yc,2026-10-01
kular.ai,winter-2022,yc,2026-10-01
theneo.io,winter-2022,yc,2026-10-01
torpedotherapeutics.com,winter-2022,yc,2026-10-01
andsonbiotech.com,winter-2022,yc,2026-10-01
ponyrun.ai,winter-2022,yc,2026-10-01
toproad.ai,winter-2022,yc,2026-10-01
brainboard.co,winter-2022,yc,2026-10-01
numida.com,winter-2022,yc,2026-10-01
pina.id,winter-2022,yc,2026-10-01
usebracket.com,winter-2022 acquired,yc,2026-10-01
joonhealth.co,winter-2022,yc,2026-10-01
cypherhq.io,winter-2022 acquired,yc,2026-10-01
inden.ai,winter-2022,yc,2026-10-01
iotflows.com,winter-2022,yc,2026-10-01
in-unison.com,winter-2022,yc,2026-10-01
venue.ink,winter-2022,yc,2026-10-01
hoai.com,winter-2022 acquired,yc,2026-10-01
betteropinions.in,winter-2022,yc,2026-10-01
joinattain.com,winter-2022,yc,2026-10-01
quanwellbeing.com,winter-2022 acquired,yc,2026-10-01
snabfinance.com,winter-2022,yc,2026-10-01
amalinvest.com,winter-2022,yc,2026-10-01
topship.africa,winter-2022,yc,2026-10-01
argument.xyz,winter-2022,yc,2026-10-01
propelauth.com,winter-2022,yc,2026-10-01
fogbender.com,winter-2022,yc,2026-10-01
spade.com,winter-2022,yc,2026-10-01
jamsocket.com,winter-2022 acquired,yc,2026-10-01
decent.xyz,winter-2022 acquired,yc,2026-10-01
soteriskin.com,winter-2022,yc,2026-10-01
statusai.com,winter-2022,yc,2026-10-01
unsaddl.com,winter-2022 acquired,yc,2026-10-01
quikpago.com,winter-2022,yc,2026-10-01
clupp.com.mx,winter-2022,yc,2026-10-01
vobi.com.br,winter-2022,yc,2026-10-01
withrider.com,winter-2022 acquired,yc,2026-10-01
shaped.ai,winter-2022,yc,2026-10-01
belozfi.com.mx,winter-2022,yc,2026-10-01
floathealth.com,winter-2022,yc,2026-10-01
gojom.com,winter-2022,yc,2026-10-01
yhangry.com,winter-2022,yc,2026-10-01
joinfleek.com,winter-2022,yc,2026-10-01
arpari.com,winter-2022,yc,2026-10-01
housewarming.me,winter-2022,yc,2026-10-01
rallyuxr.com,winter-2022,yc,2026-10-01
rthm.com,winter-2022,yc,2026-10-01
unravelcarbon.com,winter-2022,yc,2026-10-01
blink.new,winter-2022,yc,2026-10-01
getwantd.com,winter-2022,yc,2026-10-01
glowenergy.com,winter-2022 acquired,yc,2026-10-01
workflow86.com,winter-2022,yc,2026-10-01
codec.io,winter-2022,yc,2026-10-01
mahaana.com,winter-2022,yc,2026-10-01
avocademy.com,winter-2022,yc,2026-10-01
usepostal.com,winter-2022,yc,2026-10-01
finku.id,winter-2022,yc,2026-10-01
aycfund.com,winter-2022,yc,2026-10-01
kokocares.org,winter-2022,yc,2026-10-01
anjahealth.com,winter-2022 acquired,yc,2026-10-01
revivingmind.com,winter-2022,yc,2026-10-01
heptabase.com,winter-2022,yc,2026-10-01
kenobi.ai,winter-2022,yc,2026-10-01
darsel.tech,winter-2022,yc,2026-10-01
theankler.com,winter-2022,yc,2026-10-01
netmaker.io,winter-2022,yc,2026-10-01
olympianmotors.com,winter-2022,yc,2026-10-01
gimo.vn,winter-2022,yc,2026-10-01
trynara.com,winter-2022 acquired,yc,2026-10-01
powerhouseai.com,winter-2022,yc,2026-10-01
nowcircular.com,winter-2022,yc,2026-10-01
withtai.com,winter-2022 acquired,yc,2026-10-01
queryvary.com,winter-2022,yc,2026-10-01
trustyhomes.com,winter-2022,yc,2026-10-01
impossiblemetals.com,winter-2022,yc,2026-10-01
dealls.com,winter-2022,yc,2026-10-01
cellbyte.com,winter-2022,yc,2026-10-01
gosats.io,winter-2022,yc,2026-10-01
pokoapp.xyz,winter-2022,yc,2026-10-01
offbeast.com,winter-2022,yc,2026-10-01
airmyne.com,winter-2022,yc,2026-10-01
cinapse.io,winter-2022,yc,2026-10-01
origamitherapeutics.com,winter-2022,yc,2026-10-01
govdash.com,winter-2022,yc,2026-10-01
beyond-aero.com,winter-2022,yc,2026-10-01
pina.earth,winter-2022 acquired,yc,2026-10-01
korrai.com,winter-2022,yc,2026-10-01
revoy.com,winter-2022,yc,2026-10-01
mspilot.io,fall-2025,yc,2026-10-01
cofactr.com,winter-2022,yc,2026-10-01
powerdocs.so,winter-2022,yc,2026-10-01
beudelivery.com,winter-2022,yc,2026-10-01
pantorepay.com.br,winter-2022,yc,2026-10-01
hippo.build,winter-2022,yc,2026-10-01
karatelabs.io,winter-2022,yc,2026-10-01
finnix.id,winter-2022,yc,2026-10-01
daft.ai,winter-2022,yc,2026-10-01
jutsoo.com,winter-2022,yc,2026-10-01
onboard.io,winter-2022,yc,2026-10-01
freshfactory.id,winter-2022,yc,2026-10-01
remihq.com,winter-2022,yc,2026-10-01
credibook.com,winter-2022,yc,2026-10-01
mono.la,winter-2022,yc,2026-10-01
lizza.link,winter-2022,yc,2026-10-01
realitydefender.com,winter-2022,yc,2026-10-01
massdriver.cloud,winter-2022,yc,2026-10-01
mymindbase.ai,winter-2022,yc,2026-10-01
whitelabgx.com,winter-2022,yc,2026-10-01
bbymilk.com,winter-2022,yc,2026-10-01
medplum.com,summer-2022,yc,2026-10-01
simplehash.com,winter-2022 acquired,yc,2026-10-01
eugittx.com,summer-2022,yc,2026-10-01
holapana.com,summer-2022,yc,2026-10-01
poly.app,summer-2022,yc,2026-10-01
albiware.com,summer-2022,yc,2026-10-01
uselayerup.com,summer-2022,yc,2026-10-01
clinikally.com,summer-2022,yc,2026-10-01
cisternabx.com,summer-2022,yc,2026-10-01
banabo.io,summer-2022,yc,2026-10-01
wolfia.com,summer-2022,yc,2026-10-01
instantdb.com,summer-2022 acquired,yc,2026-10-01
hyperdx.io,summer-2022 acquired,yc,2026-10-01
chordio.com,summer-2022,yc,2026-10-01
stream.claims,summer-2022,yc,2026-10-01
paces.com,summer-2022,yc,2026-10-01
buildwithstar.com,summer-2022,yc,2026-10-01
getelessar.com,summer-2022,yc,2026-10-01
julius.ai,summer-2022,yc,2026-10-01
ciro.io,summer-2022,yc,2026-10-01
birchbiosciences.com,summer-2022,yc,2026-10-01
truva.ai,summer-2022 acquired,yc,2026-10-01
sigmamind.ai,summer-2022,yc,2026-10-01
versa.org,summer-2022,yc,2026-10-01
twodots.com,summer-2022,yc,2026-10-01
stackup.fi,summer-2022,yc,2026-10-01
givechariot.com,summer-2022,yc,2026-10-01
makeasite.io,summer-2022,yc,2026-10-01
tailor.tech,summer-2022,yc,2026-10-01
devyce.com,summer-2022,yc,2026-10-01
buntinglabs.com,summer-2022,yc,2026-10-01
pasito.ai,summer-2022,yc,2026-10-01
erad.co,summer-2022,yc,2026-10-01
blitznocode.com,summer-2022,yc,2026-10-01
cerrion.com,summer-2022,yc,2026-10-01
alterya.dev,summer-2022 acquired,yc,2026-10-01
truebiz.io,summer-2022,yc,2026-10-01
impractical.ai,summer-2022,yc,2026-10-01
coupl.money,summer-2022,yc,2026-10-01
codexa.com.br,summer-2022,yc,2026-10-01
moneco.app,summer-2022,yc,2026-10-01
trychamp.co,summer-2022,yc,2026-10-01
roxels.ai,summer-2022,yc,2026-10-01
serinus.bio,summer-2022,yc,2026-10-01
drtreat.com,summer-2022,yc,2026-10-01
arraylabs.io,summer-2022,yc,2026-10-01
fetii.com,summer-2022,yc,2026-10-01
craze.ai,summer-2022,yc,2026-10-01
usebluehill.com,summer-2022,yc,2026-10-01
paragon.ai,summer-2022,yc,2026-10-01
boostly.com,summer-2022,yc,2026-10-01
ethosx.finance,summer-2022,yc,2026-10-01
ballerine.com,summer-2022,yc,2026-10-01
numind.ai,summer-2022,yc,2026-10-01
signatur.bio,summer-2022,yc,2026-10-01
paywithlyra.com,summer-2022,yc,2026-10-01
novig.com,summer-2022,yc,2026-10-01
sunlightapi.com,summer-2022,yc,2026-10-01
midplane.ai,summer-2022,yc,2026-10-01
volticshipping.com,summer-2022,yc,2026-10-01
tranch.com,summer-2022 acquired,yc,2026-10-01
disclo.com,summer-2022,yc,2026-10-01
thealttex.com,summer-2022,yc,2026-10-01
overwatchdata.ai,summer-2022,yc,2026-10-01
blee.com,summer-2022,yc,2026-10-01
codecrafters.io,summer-2022,yc,2026-10-01
cashboard.co,summer-2022,yc,2026-10-01
startraven.com,summer-2022,yc,2026-10-01
seaflight.tech,summer-2022,yc,2026-10-01
activepieces.com,summer-2022,yc,2026-10-01
windmill.dev,summer-2022,yc,2026-10-01
capix.ai,summer-2022,yc,2026-10-01
gullak.money,summer-2022,yc,2026-10-01
popsy.ai,summer-2022,yc,2026-10-01
rio.trade,summer-2022,yc,2026-10-01
juicebox.ai,summer-2022,yc,2026-10-01
evolyenergy.com,summer-2022,yc,2026-10-01
applydesign.io,summer-2022,yc,2026-10-01
tankpayments.com,summer-2022,yc,2026-10-01
illuminant.ai,summer-2022,yc,2026-10-01
maverickx.com,summer-2022,yc,2026-10-01
heymalama.co,summer-2022,yc,2026-10-01
tenlives.com,summer-2022,yc,2026-10-01
payloadcms.com,summer-2022 acquired,yc,2026-10-01
hype.meme,summer-2022,yc,2026-10-01
aragorn.ai,summer-2022,yc,2026-10-01
hypestream.io,summer-2022,yc,2026-10-01
namecard.ai,summer-2022,yc,2026-10-01
flairlabs.ai,summer-2022,yc,2026-10-01
unify.ai,winter-2023,yc,2026-10-01
biggerpicture.co,summer-2022,yc,2026-10-01
mistle.dev,summer-2022,yc,2026-10-01
slidely.ai,summer-2022,yc,2026-10-01
typewise.app,summer-2022,yc,2026-10-01
newscatcherapi.com,summer-2022,yc,2026-10-01
100x.bot,summer-2022,yc,2026-10-01
pulppo.com,summer-2022 acquired,yc,2026-10-01
provision.com,summer-2022,yc,2026-10-01
sytex.io,summer-2022,yc,2026-10-01
getthera.com,summer-2022,yc,2026-10-01
shipmates.app,summer-2022,yc,2026-10-01
neosync.dev,summer-2022 acquired,yc,2026-10-01
peoplebox.ai,summer-2022,yc,2026-10-01
airhartaero.com,summer-2022,yc,2026-10-01
bitstack-app.com,summer-2022,yc,2026-10-01
coris.ai,summer-2022,yc,2026-10-01
hedgehogfoods.com,summer-2022,yc,2026-10-01
alphawatch.ai,winter-2023,yc,2026-10-01
anythingllm.com,summer-2022,yc,2026-10-01
latentspace.sh,summer-2022,yc,2026-10-01
helloaviary.ai,summer-2022,yc,2026-10-01
diversion.dev,summer-2022,yc,2026-10-01
pluralith.com,summer-2022,yc,2026-10-01
flycode.com,summer-2022,yc,2026-10-01
mayalabs.io,summer-2022,yc,2026-10-01
chowdeck.com,summer-2022,yc,2026-10-01
getrima.ai,summer-2022,yc,2026-10-01
quinnbio.com,summer-2022,yc,2026-10-01
aurelian.com,summer-2022,yc,2026-10-01
metriport.com,summer-2022,yc,2026-10-01
usefini.com,summer-2022,yc,2026-10-01
cobbery.com,summer-2022,yc,2026-10-01
featherhq.com,summer-2022,yc,2026-10-01
search-artemis.com,summer-2022,yc,2026-10-01
atlaswork.ai,summer-2022,yc,2026-10-01
getplutto.com,summer-2022,yc,2026-10-01
getanchor.co,summer-2022,yc,2026-10-01
kombo.dev,summer-2022,yc,2026-10-01
unthread.io,summer-2022,yc,2026-10-01
quindar.space,summer-2022,yc,2026-10-01
ekho.com,summer-2022,yc,2026-10-01
ruffnauts.com,summer-2022,yc,2026-10-01
wandsolar.com,summer-2022,yc,2026-10-01
aiprise.com,summer-2022,yc,2026-10-01
compup.io,summer-2022,yc,2026-10-01
lamin.ai,summer-2022,yc,2026-10-01
nsave.com,summer-2022,yc,2026-10-01
joinrelay.app,summer-2022,yc,2026-10-01
relate.so,summer-2022,yc,2026-10-01
ad.army,summer-2022,yc,2026-10-01
sanifu.ai,summer-2022,yc,2026-10-01
thehomli.com,summer-2022,yc,2026-10-01
kemnet.ca,summer-2022,yc,2026-10-01
primevault.com,summer-2022,yc,2026-10-01
botonapp.com,summer-2022,yc,2026-10-01
avina.io,summer-2022,yc,2026-10-01
invofox.com,summer-2022,yc,2026-10-01
sunpia.io,summer-2022,yc,2026-10-01
getfoodcourt.com,summer-2022,yc,2026-10-01
getsolum.com,summer-2022,yc,2026-10-01
firecrawl.dev,summer-2022,yc,2026-10-01
uplinkapp.io,summer-2022 acquired,yc,2026-10-01
superbar.ai,summer-2022,yc,2026-10-01
uselevers.com,summer-2022,yc,2026-10-01
drahim.sa,summer-2022,yc,2026-10-01
kravemart.com,summer-2022,yc,2026-10-01
oneleet.com,summer-2022,yc,2026-10-01
autone.io,summer-2022,yc,2026-10-01
entvin.com,summer-2022,yc,2026-10-01
wondercraft.ai,summer-2022,yc,2026-10-01
blockscope.co,summer-2022,yc,2026-10-01
relevium-medical.com,summer-2022,yc,2026-10-01
useclearline.com,summer-2022,yc,2026-10-01
jamble.com,summer-2022,yc,2026-10-01
monterey.ai,summer-2022 acquired,yc,2026-10-01
expressbuilding.ph,summer-2022,yc,2026-10-01
slingshotml.com,summer-2022 acquired,yc,2026-10-01
movinglake.com,summer-2022,yc,2026-10-01
pump.co,summer-2022,yc,2026-10-01
jointaro.com,summer-2022 acquired,yc,2026-10-01
knowtex.ai,summer-2022,yc,2026-10-01
sculptcosting.com,summer-2022,yc,2026-10-01
algotest.in,summer-2022,yc,2026-10-01
itsrever.com,summer-2022,yc,2026-10-01
vizzly.co,summer-2022 acquired,yc,2026-10-01
velontra.com,summer-2022,yc,2026-10-01
kashin.app,summer-2022,yc,2026-10-01
delfino.ai,summer-2022,yc,2026-10-01
flatx.co,summer-2022,yc,2026-10-01
kamion.co,summer-2022,yc,2026-10-01
invisionmedtech.com,summer-2022,yc,2026-10-01
cambio.ai,summer-2022,yc,2026-10-01
axle.insure,summer-2022,yc,2026-10-01
landeed.com,summer-2022,yc,2026-10-01
getcone.io,summer-2022,yc,2026-10-01
withchima.com,winter-2023,yc,2026-10-01
intunedhq.com,summer-2022,yc,2026-10-01
accessowl.io,summer-2022,yc,2026-10-01
coveragecat.com,summer-2022,yc,2026-10-01
integrated-reasoning.com,summer-2022,yc,2026-10-01
guardian-bio.com,summer-2022,yc,2026-10-01
letsping.com,summer-2022,yc,2026-10-01
materee.id,summer-2022,yc,2026-10-01
morf.health,summer-2022,yc,2026-10-01
polymathrobotics.com,summer-2022,yc,2026-10-01
gosameday.com,winter-2023,yc,2026-10-01
zudo.work,winter-2023,yc,2026-10-01
rubbrband.com,winter-2023,yc,2026-10-01
avoca.ai,winter-2023,yc,2026-10-01
infisical.com,winter-2023,yc,2026-10-01
middleware.io,winter-2023,yc,2026-10-01
stackai.com,winter-2023 acquired,yc,2026-10-01
designbase.com,winter-2023,yc,2026-10-01
uselaminate.com,winter-2023,yc,2026-10-01
getfinn.us,winter-2023,yc,2026-10-01
miracleml.com,winter-2023,yc,2026-10-01
reflex.dev,winter-2023,yc,2026-10-01
onetext.com,winter-2023,yc,2026-10-01
linum.ai,winter-2023,yc,2026-10-01
cardinalapp.io,winter-2023 acquired,yc,2026-10-01
matano.dev,winter-2023,yc,2026-10-01
traceloop.com,winter-2023 acquired,yc,2026-10-01
trigger.dev,winter-2023,yc,2026-10-01
versori.com,winter-2023 acquired,yc,2026-10-01
syncly.app,winter-2023,yc,2026-10-01
drdroid.io,winter-2023,yc,2026-10-01
credal.ai,winter-2023,yc,2026-10-01
magicpatterns.com,winter-2023,yc,2026-10-01
rollstack.com,winter-2023,yc,2026-10-01
depot.dev,winter-2023,yc,2026-10-01
pigeondocuments.com,winter-2023,yc,2026-10-01
novel.care,winter-2023,yc,2026-10-01
lume.ai,winter-2023 acquired,yc,2026-10-01
viddyapp.io,winter-2023 acquired,yc,2026-10-01
concourse.ai,winter-2023,yc,2026-10-01
latenthealth.com,winter-2023,yc,2026-10-01
backdropagent.com,winter-2023,yc,2026-10-01
insurestack.ai,winter-2023 acquired,yc,2026-10-01
dashdive.com,winter-2023 acquired,yc,2026-10-01
flexdesk.com,winter-2023,yc,2026-10-01
trackstarhq.com,winter-2023,yc,2026-10-01
hammr.com,winter-2023,yc,2026-10-01
brewit.ai,winter-2023 acquired,yc,2026-10-01
palomma.com,winter-2023,yc,2026-10-01
nango.dev,winter-2023,yc,2026-10-01
numeral.com,winter-2023,yc,2026-10-01
mercoa.com,winter-2023,yc,2026-10-01
pairai.com,winter-2023,yc,2026-10-01
ohm.ai,winter-2023,yc,2026-10-01
double.bot,winter-2023,yc,2026-10-01
glass.health,winter-2023,yc,2026-10-01
getversive.com,winter-2023,yc,2026-10-01
pledge.health,winter-2023,yc,2026-10-01
spendruby.com,winter-2023,yc,2026-10-01
zerodev.app,winter-2023,yc,2026-10-01
trysalient.com,winter-2023,yc,2026-10-01
edgebit.io,winter-2023 acquired,yc,2026-10-01
tennr.com,winter-2023,yc,2026-10-01
dataglade.com,winter-2023,yc,2026-10-01
omnistrate.com,winter-2023,yc,2026-10-01
trynarrative.com,winter-2023,yc,2026-10-01
of.one,winter-2023 acquired,yc,2026-10-01
loopfour.com,winter-2023,yc,2026-10-01
flexwash.com,winter-2023,yc,2026-10-01
launchflow.com,winter-2023,yc,2026-10-01
poplarml.com,winter-2023,yc,2026-10-01
goveagle.com,winter-2023,yc,2026-10-01
coperniq.io,winter-2023,yc,2026-10-01
vooma.ai,winter-2023,yc,2026-10-01
scanbase.com,winter-2023,yc,2026-10-01
trigodata.com,winter-2023 acquired,yc,2026-10-01
bluebirds.ai,winter-2023 acquired,yc,2026-10-01
linkgrep.com,winter-2023,yc,2026-10-01
pirros.com,winter-2023,yc,2026-10-01
flower.ai,winter-2023,yc,2026-10-01
cosine.sh,winter-2023,yc,2026-10-01
alloy.app,winter-2023,yc,2026-10-01
bujeti.com,winter-2023,yc,2026-10-01
trychart.com,winter-2023,yc,2026-10-01
gooseworks.ai,winter-2023,yc,2026-10-01
cloudchipr.com,winter-2023,yc,2026-10-01
polotab.com,winter-2023,yc,2026-10-01
repacket.com,winter-2023,yc,2026-10-01
frigade.com,winter-2023,yc,2026-10-01
getcobblestone.com,winter-2023 acquired,yc,2026-10-01
suger.io,winter-2023,yc,2026-10-01
usehaven.ai,winter-2023,yc,2026-10-01
trycoil.com,winter-2023,yc,2026-10-01
kivohealth.com,winter-2023,yc,2026-10-01
nocap.so,winter-2023 acquired,yc,2026-10-01
dream3d.com,winter-2023,yc,2026-10-01
thebluedot.co,winter-2023,yc,2026-10-01
truthsuite.com,winter-2023,yc,2026-10-01
outerbase.com,winter-2023 acquired,yc,2026-10-01
co.dev,winter-2023,yc,2026-10-01
langfuse.com,winter-2023 acquired,yc,2026-10-01
extend.ai,winter-2023,yc,2026-10-01
floworks.ai,winter-2023,yc,2026-10-01
relace.ai,winter-2023,yc,2026-10-01
aqueduct.sh,winter-2023,yc,2026-10-01
propexo.com,winter-2023,yc,2026-10-01
openmeter.io,winter-2023 acquired,yc,2026-10-01
ruuf.cl,winter-2023,yc,2026-10-01
plutis.io,winter-2023,yc,2026-10-01
inkeep.com,winter-2023,yc,2026-10-01
tryvelos.com,winter-2023,yc,2026-10-01
ezdubs.ai,winter-2023 acquired,yc,2026-10-01
wildmoose.ai,winter-2023,yc,2026-10-01
shortloop.dev,winter-2023,yc,2026-10-01
buildjet.com,winter-2023,yc,2026-10-01
booth.ai,winter-2023 acquired,yc,2026-10-01
trytruewind.com,winter-2023,yc,2026-10-01
tableflow.com,winter-2023,yc,2026-10-01
overlord.app,winter-2023,yc,2026-10-01
orchid.health,winter-2023,yc,2026-10-01
teclada.com,winter-2023,yc,2026-10-01
1stcollab.com,winter-2023,yc,2026-10-01
storyboarder.com,winter-2023,yc,2026-10-01
icepanel.io,winter-2023,yc,2026-10-01
helicone.ai,winter-2023 acquired,yc,2026-10-01
ariglad.com,winter-2023,yc,2026-10-01
222.place,winter-2023,yc,2026-10-01
variance.com,winter-2023,yc,2026-10-01
fintool.com,winter-2023 acquired,yc,2026-10-01
portalform.com,winter-2023,yc,2026-10-01
compliantllm.com,winter-2023,yc,2026-10-01
clickpe.ai,winter-2023,yc,2026-10-01
boundaryml.com,winter-2023,yc,2026-10-01
factiq.com,winter-2023,yc,2026-10-01
sage-ai.dev,winter-2023,yc,2026-10-01
hadrius.com,winter-2023,yc,2026-10-01
fairwayhealth.co,winter-2023 acquired,yc,2026-10-01
fluidinvesting.com,winter-2023,yc,2026-10-01
shortbread.ai,winter-2023,yc,2026-10-01
onshore.com,winter-2023,yc,2026-10-01
sherloqdata.io,winter-2023,yc,2026-10-01
honeydew.ai,winter-2023,yc,2026-10-01
finic.ai,winter-2023,yc,2026-10-01
koywe.com,winter-2023,yc,2026-10-01
gethipposcribe.com,winter-2023,yc,2026-10-01
infiniaweb.com,winter-2023,yc,2026-10-01
noya.io,winter-2023,yc,2026-10-01
vitalize.care,winter-2023,yc,2026-10-01
radicalaero.com,winter-2023,yc,2026-10-01
hona.com,winter-2023,yc,2026-10-01
nunu.ai,winter-2023,yc,2026-10-01
odigos.io,winter-2023,yc,2026-10-01
combinehealth.ai,winter-2023,yc,2026-10-01
alaan.com,winter-2023,yc,2026-10-01
vendah.com.br,winter-2023,yc,2026-10-01
arroyo.dev,winter-2023 acquired,yc,2026-10-01
fastgen.com,winter-2023,yc,2026-10-01
superkalam.com,winter-2023,yc,2026-10-01
clueso.io,winter-2023,yc,2026-10-01
retape.ai,winter-2023,yc,2026-10-01
sirdab.co,winter-2023,yc,2026-10-01
joinloula.com,winter-2023,yc,2026-10-01
rally.tax,winter-2023 acquired,yc,2026-10-01
shekelmobility.com,winter-2023,yc,2026-10-01
magnaplay.com,winter-2023,yc,2026-10-01
coldreach.ai,winter-2023,yc,2026-10-01
proglix.com,winter-2023,yc,2026-10-01
mantys.io,winter-2023,yc,2026-10-01
miliopay.com,winter-2023,yc,2026-10-01
univerbal.app,winter-2023,yc,2026-10-01
clearspace.org,winter-2023,yc,2026-10-01
sanvivo.eu,winter-2023,yc,2026-10-01
inbuild.ai,winter-2023,yc,2026-10-01
diffuse.bio,winter-2023,yc,2026-10-01
muffindata.com,winter-2023 acquired,yc,2026-10-01
usepylon.com,winter-2023,yc,2026-10-01
withclad.com,winter-2023,yc,2026-10-01
epsilon-ai.com,winter-2023,yc,2026-10-01
usehelios.ai,winter-2023,yc,2026-10-01
play.ai,winter-2023 acquired,yc,2026-10-01
keephq.dev,winter-2023 acquired,yc,2026-10-01
stralis.aero,winter-2023,yc,2026-10-01
corgilabs.ai,winter-2023,yc,2026-10-01
invopop.com,winter-2023,yc,2026-10-01
tagsafe.io,winter-2023,yc,2026-10-01
dagworks.io,winter-2023 acquired,yc,2026-10-01
rivet.dev,winter-2023,yc,2026-10-01
waza.co,winter-2023,yc,2026-10-01
usemaxi.app,winter-2023,yc,2026-10-01
littio.co,winter-2023,yc,2026-10-01
usehindsight.com,winter-2023,yc,2026-10-01
usedill.com,winter-2023,yc,2026-10-01
commonpaper.com,winter-2023,yc,2026-10-01
useconstant.com,winter-2023,yc,2026-10-01
openint.dev,winter-2023 acquired,yc,2026-10-01
decohere.ai,winter-2023,yc,2026-10-01
resend.com,winter-2023,yc,2026-10-01
unstatiq.com,winter-2023,yc,2026-10-01
buildwithfern.com,winter-2023 acquired,yc,2026-10-01
trysuperapi.com,winter-2023,yc,2026-10-01
helloconduit.com,winter-2023,yc,2026-10-01
berryai.com,winter-2023,yc,2026-10-01
persist-ai.com,winter-2023,yc,2026-10-01
rex.fit,winter-2023,yc,2026-10-01
vellum.ai,winter-2023,yc,2026-10-01
wallbit.io,winter-2023,yc,2026-10-01
vocode.dev,winter-2023 acquired,yc,2026-10-01
withbenchmark.com,winter-2023,yc,2026-10-01
withedge.com,winter-2023,yc,2026-10-01
untetherlabs.com,winter-2023,yc,2026-10-01
highlight.io,winter-2023 acquired,yc,2026-10-01
adventris.com,winter-2023,yc,2026-10-01
invitris.com,winter-2023,yc,2026-10-01
finnihealth.com,winter-2023,yc,2026-10-01
veratainsight.com,winter-2023,yc,2026-10-01
pier-finance.com,winter-2023,yc,2026-10-01
vector.co,winter-2023,yc,2026-10-01
texel.ai,winter-2023,yc,2026-10-01
metal.ai,winter-2023,yc,2026-10-01
skyhook.io,winter-2023,yc,2026-10-01
modularit.bio,winter-2023,yc,2026-10-01
atmeto.com,winter-2023,yc,2026-10-01
escape.tech,winter-2023,yc,2026-10-01
askkyber.com,winter-2023,yc,2026-10-01
persana.ai,winter-2023 acquired,yc,2026-10-01
thedailyscout.com,winter-2023,yc,2026-10-01
type.ai,winter-2023,yc,2026-10-01
lightski.com,winter-2023,yc,2026-10-01
vendora.io,winter-2023,yc,2026-10-01
getadri.ai,winter-2023,yc,2026-10-01
warp.co,winter-2023,yc,2026-10-01
theya.us,winter-2023,yc,2026-10-01
cercli.com,summer-2023,yc,2026-10-01
litellm.ai,winter-2023,yc,2026-10-01
finta.com,winter-2023,yc,2026-10-01
speedylabs.ai,winter-2023,yc,2026-10-01
speccheckrx.com,winter-2023,yc,2026-10-01
runautomat.com,winter-2023,yc,2026-10-01
pierre.co,winter-2023,yc,2026-10-01
yuma.ai,winter-2023,yc,2026-10-01
vaero.ai,winter-2023,yc,2026-10-01
metal.so,winter-2023,yc,2026-10-01
pando.bio,winter-2023,yc,2026-10-01
yn.app,summer-2023,yc,2026-10-01
hockeystack.com,summer-2023,yc,2026-10-01
hylight.aero,summer-2023,yc,2026-10-01
artie.com,summer-2023,yc,2026-10-01
peerdb.io,summer-2023 acquired,yc,2026-10-01
tremor.so,summer-2023 acquired,yc,2026-10-01
kapa.ai,summer-2023,yc,2026-10-01
kino.ai,summer-2023,yc,2026-10-01
reworkd.ai,summer-2023,yc,2026-10-01
nectarclimate.com,summer-2023,yc,2026-10-01
oraai.com,summer-2023,yc,2026-10-01
twenty.com,summer-2023,yc,2026-10-01
xeol.io,summer-2023 acquired,yc,2026-10-01
metoro.io,summer-2023,yc,2026-10-01
clearesthealth.com,summer-2023,yc,2026-10-01
elyos.ai,summer-2023,yc,2026-10-01
withaccend.com,summer-2023,yc,2026-10-01
deasylabs.com,summer-2023 acquired,yc,2026-10-01
hyperbound.ai,summer-2023,yc,2026-10-01
dioxuslabs.com,summer-2023 acquired,yc,2026-10-01
watto.ai,summer-2023 acquired,yc,2026-10-01
linc-ai.com,summer-2023,yc,2026-10-01
aivideo.com,summer-2023,yc,2026-10-01
stellarsleep.com,summer-2023,yc,2026-10-01
ohmicbiosciences.com,summer-2023,yc,2026-10-01
magicloops.dev,summer-2023,yc,2026-10-01
sweetspot.so,summer-2023,yc,2026-10-01
soharhealth.com,summer-2023,yc,2026-10-01
bland.com,summer-2023,yc,2026-10-01
godiligent.ai,summer-2023,yc,2026-10-01
pointhound.com,summer-2023,yc,2026-10-01
proprise.ai,summer-2023,yc,2026-10-01
readily.ai,summer-2023,yc,2026-10-01
zeloscloud.io,summer-2023,yc,2026-10-01
cascading.ai,summer-2023,yc,2026-10-01
cedana.ai,summer-2023,yc,2026-10-01
opentools.com,summer-2023,yc,2026-10-01
every.io,summer-2023,yc,2026-10-01
mandel.ai,summer-2023,yc,2026-10-01
getprosper.ai,summer-2023,yc,2026-10-01
electricair.io,summer-2023,yc,2026-10-01
craftwork.com,summer-2023,yc,2026-10-01
lio.ai,summer-2023,yc,2026-10-01
solveintelligence.com,summer-2023,yc,2026-10-01
talc.ai,summer-2023,yc,2026-10-01
airgoods.com,summer-2023,yc,2026-10-01
datashare.co,summer-2023,yc,2026-10-01
getrevamp.ai,summer-2023,yc,2026-10-01
getcore.me,summer-2023,yc,2026-10-01
subsets.com,summer-2023,yc,2026-10-01
getspine.ai,summer-2023,yc,2026-10-01
baudlabs.ai,summer-2026,yc,2026-10-01
capimoney.com,summer-2023,yc,2026-10-01
sid.ai,summer-2023,yc,2026-10-01
alguna.com,summer-2023,yc,2026-10-01
campfire.ai,summer-2023,yc,2026-10-01
parea.ai,summer-2023,yc,2026-10-01
getventa.ai,summer-2023,yc,2026-10-01
punchcard.com,summer-2023,yc,2026-10-01
bronco.ai,summer-2023,yc,2026-10-01
kite.video,summer-2023,yc,2026-10-01
getobento.com,summer-2023,yc,2026-10-01
docsum.ai,summer-2023,yc,2026-10-01
arcimus.com,summer-2023,yc,2026-10-01
micsi.co,summer-2023,yc,2026-10-01
withterminal.com,summer-2023,yc,2026-10-01
corgea.com,summer-2023,yc,2026-10-01
serra.io,summer-2023,yc,2026-10-01
outset.ai,summer-2023,yc,2026-10-01
hegel-ai.com,summer-2023,yc,2026-10-01
shasta.health,summer-2023,yc,2026-10-01
healthharbor.co,summer-2023,yc,2026-10-01
menza.ai,winter-2026,yc,2026-10-01
fleetworks.ai,summer-2023,yc,2026-10-01
chowcentral.com,summer-2023,yc,2026-10-01
repaint.com,summer-2023,yc,2026-10-01
usemargin.com,summer-2023,yc,2026-10-01
usedialtone.com,summer-2023,yc,2026-10-01
hirosecure.com,summer-2023,yc,2026-10-01
cardinalgray.com,summer-2023,yc,2026-10-01
skyvern.com,summer-2023,yc,2026-10-01
decodahealth.com,summer-2023,yc,2026-10-01
numen.com,summer-2023,yc,2026-10-01
vetrec.io,summer-2023,yc,2026-10-01
governgpt.com,winter-2024,yc,2026-10-01
maintouch.com,summer-2023,yc,2026-10-01
epsilla.com,summer-2023,yc,2026-10-01
refine.dev,summer-2023,yc,2026-10-01
candoriq.com,summer-2023,yc,2026-10-01
withsurface.com,summer-2023,yc,2026-10-01
tryegress.com,winter-2025 acquired,yc,2026-10-01
mavenbio.com,summer-2023,yc,2026-10-01
upstream.do,summer-2023,yc,2026-10-01
metalware.com,summer-2023,yc,2026-10-01
medisearch.io,summer-2023,yc,2026-10-01
bretton.com,summer-2023,yc,2026-10-01
midrender.com,summer-2023,yc,2026-10-01
agentcollect.com,summer-2023,yc,2026-10-01
aglide.com,summer-2023,yc,2026-10-01
fortunahealth.com,summer-2023,yc,2026-10-01
empirical.health,summer-2023,yc,2026-10-01
lifestylerx.io,summer-2023,yc,2026-10-01
gladestudio.ai,summer-2023,yc,2026-10-01
thecareoasis.com,summer-2023,yc,2026-10-01
guac.com,summer-2023,yc,2026-10-01
letter.ai,summer-2023,yc,2026-10-01
continue.dev,summer-2023 acquired,yc,2026-10-01
rimward.ai,summer-2023,yc,2026-10-01
sizeless.co,summer-2023,yc,2026-10-01
apoxy.dev,summer-2023,yc,2026-10-01
yenmo.in,winter-2024,yc,2026-10-01
pincites.com,summer-2023 acquired,yc,2026-10-01
trainy.ai,summer-2023,yc,2026-10-01
studdy.ai,summer-2023,yc,2026-10-01
kobaltlabs.com,summer-2023,yc,2026-10-01
joingleam.com,summer-2023,yc,2026-10-01
bolto.com,summer-2023,yc,2026-10-01
vaultpay.io,summer-2023,yc,2026-10-01
khoj.dev,summer-2023,yc,2026-10-01
slickerhq.com,summer-2023,yc,2026-10-01
osium.ai,summer-2023,yc,2026-10-01
energent.ai,summer-2023,yc,2026-10-01
flintk12.com,summer-2023,yc,2026-10-01
runconverge.com,summer-2023,yc,2026-10-01
inletai.com,summer-2023,yc,2026-10-01
rankai.ai,summer-2023,yc,2026-10-01
sola-solutions.com,summer-2023,yc,2026-10-01
readbean.app,summer-2023,yc,2026-10-01
automorphic.ai,summer-2023,yc,2026-10-01
baserun.ai,summer-2023,yc,2026-10-01
safetykit.com,summer-2023,yc,2026-10-01
vectorshift.ai,summer-2023,yc,2026-10-01
envelopebudgeting.com,summer-2023,yc,2026-10-01
disputeninja.ai,summer-2023,yc,2026-10-01
anish.xyz,summer-2023 acquired,yc,2026-10-01
poh.org,summer-2023,yc,2026-10-01
useinari.com,summer-2023 acquired,yc,2026-10-01
andromedasurgical.com,summer-2023,yc,2026-10-01
silimate.com,summer-2023,yc,2026-10-01
sweep.dev,summer-2023,yc,2026-10-01
sudocode.ai,summer-2023,yc,2026-10-01
sendblue.com,summer-2023,yc,2026-10-01
checkfragment.com,summer-2023 acquired,yc,2026-10-01
syntheticfi.com,summer-2023,yc,2026-10-01
inventive.ai,summer-2023,yc,2026-10-01
langdock.com,summer-2023,yc,2026-10-01
santehq.com,summer-2023,yc,2026-10-01
elythea.org,summer-2023,yc,2026-10-01
nanograb.com,summer-2023,yc,2026-10-01
collectpure.com,summer-2023,yc,2026-10-01
happyrobot.ai,summer-2023,yc,2026-10-01
cedalio.com,summer-2023,yc,2026-10-01
certainlyhealth.com,summer-2023,yc,2026-10-01
tryterracotta.com,summer-2023,yc,2026-10-01
fiber.ai,summer-2023,yc,2026-10-01
recipeui.com,summer-2023,yc,2026-10-01
tiptap.dev,summer-2023,yc,2026-10-01
smobi.com,summer-2023,yc,2026-10-01
minded.com,summer-2023,yc,2026-10-01
getstrada.com,summer-2023,yc,2026-10-01
quillbills.com,summer-2023,yc,2026-10-01
edencaremedical.com,summer-2023,yc,2026-10-01
paradedb.com,summer-2023,yc,2026-10-01
cairhealth.com,summer-2023,yc,2026-10-01
buildtrayd.com,summer-2023,yc,2026-10-01
webhound.ai,summer-2023,yc,2026-10-01
dili.com,summer-2023,yc,2026-10-01
roame.travel,summer-2023,yc,2026-10-01
cheq.money,summer-2023 acquired,yc,2026-10-01
getcargo.io,summer-2023,yc,2026-10-01
inconvo.com,summer-2023,yc,2026-10-01
shadeform.ai,summer-2023,yc,2026-10-01
flowiseai.com,summer-2023 acquired,yc,2026-10-01
itsaffinity.com,summer-2023,yc,2026-10-01
giga.ai,summer-2023,yc,2026-10-01
aisdr.com,summer-2023,yc,2026-10-01
buildwithfoundation.com,summer-2023,yc,2026-10-01
simbie.ai,summer-2023,yc,2026-10-01
getmocha.com,summer-2023 acquired,yc,2026-10-01
usetwine.com,summer-2023,yc,2026-10-01
nowadays.ai,summer-2023,yc,2026-10-01
morphllm.com,summer-2023,yc,2026-10-01
constructable.ai,summer-2023,yc,2026-10-01
wattsonhealth.com,summer-2023,yc,2026-10-01
buildwithglide.com,summer-2023 acquired,yc,2026-10-01
truemetrics.io,summer-2023,yc,2026-10-01
oliolabs.co,summer-2023,yc,2026-10-01
cognitioiq.com,summer-2023,yc,2026-10-01
autotab.com,summer-2023 acquired,yc,2026-10-01
opensteer.com,summer-2023,yc,2026-10-01
singularityus.com,summer-2023,yc,2026-10-01
tempo.new,summer-2023,yc,2026-10-01
cembla.com,summer-2023,yc,2026-10-01
coba.ai,summer-2023,yc,2026-10-01
trycatamaran.com,summer-2023 acquired,yc,2026-10-01
askjo.ai,spring-2026,yc,2026-10-01
orbio.earth,summer-2023,yc,2026-10-01
feanixbio.com,summer-2023,yc,2026-10-01
healthtech1.uk,summer-2023,yc,2026-10-01
letterbook.ai,summer-2023,yc,2026-10-01
goldbridgebanking.com,fall-2025,yc,2026-10-01
withflex.com,summer-2023,yc,2026-10-01
onyx.app,winter-2024 acquired,yc,2026-10-01
driver.ai,winter-2024,yc,2026-10-01
gumloop.com,winter-2024,yc,2026-10-01
ehl.markets,winter-2024,yc,2026-10-01
upsolve.ai,winter-2024,yc,2026-10-01
navier.ai,winter-2024,yc,2026-10-01
drymerge.com,winter-2024,yc,2026-10-01
relari.ai,winter-2024,yc,2026-10-01
openpipe.ai,summer-2023 acquired,yc,2026-10-01
scritchai.com,winter-2024,yc,2026-10-01
legora.com,winter-2024,yc,2026-10-01
egoai.com,winter-2024,yc,2026-10-01
corahealth.app,winter-2024,yc,2026-10-01
greptile.com,winter-2024,yc,2026-10-01
ubicloud.com,winter-2024,yc,2026-10-01
happenstance.ai,winter-2024,yc,2026-10-01
duckie.ai,winter-2024,yc,2026-10-01
ion.design,winter-2024,yc,2026-10-01
tekton-dynamics.com,winter-2024,yc,2026-10-01
soniahealth.com,winter-2024,yc,2026-10-01
kabilah.com,winter-2024,yc,2026-10-01
tracecat.com,winter-2024,yc,2026-10-01
precip.ai,winter-2024,yc,2026-10-01
nuanced.dev,winter-2024,yc,2026-10-01
pokalabs.com,summer-2024,yc,2026-10-01
ourmaia.com,winter-2024,yc,2026-10-01
andonlabs.com,winter-2024,yc,2026-10-01
reducto.ai,winter-2024,yc,2026-10-01
momentic.ai,winter-2024,yc,2026-10-01
tuesdaylabs.com,winter-2024,yc,2026-10-01
usesaga.ai,winter-2024,yc,2026-10-01
joinnewton.com,winter-2024,yc,2026-10-01
malibou.com,winter-2024,yc,2026-10-01
alex.com,winter-2024,yc,2026-10-01
withpretzel.com,winter-2024,yc,2026-10-01
ncompass.tech,winter-2024,yc,2026-10-01
argon-ai.com,winter-2024,yc,2026-10-01
shopgarage.com,winter-2024,yc,2026-10-01
keystroke.ai,winter-2024,yc,2026-10-01
aidyhq.com,winter-2024,yc,2026-10-01
pivotrobotics.com,winter-2024,yc,2026-10-01
fractal-labs.gg,winter-2024,yc,2026-10-01
agenticlabs.com,winter-2024,yc,2026-10-01
usecarousel.com,winter-2024,yc,2026-10-01
basalt.space,winter-2024,yc,2026-10-01
leaping.io,winter-2024,yc,2026-10-01
breezlabs.com,winter-2024,yc,2026-10-01
wavelength.cx,winter-2024,yc,2026-10-01
averyiq.com,winter-2024,yc,2026-10-01
pointone.com,winter-2024,yc,2026-10-01
paradigmai.com,winter-2024,yc,2026-10-01
arini.ai,winter-2024,yc,2026-10-01
furtherai.com,winter-2024,yc,2026-10-01
getroe.ai,winter-2024,yc,2026-10-01
suretynow.com,winter-2024,yc,2026-10-01
octolane.com,winter-2024,yc,2026-10-01
artisan.co,winter-2024,yc,2026-10-01
simplex.sh,summer-2024,yc,2026-10-01
eggnog.ai,winter-2024,yc,2026-10-01
greenboard.com,winter-2024,yc,2026-10-01
ecliptor.ai,winter-2024,yc,2026-10-01
runtrellis.com,winter-2024,yc,2026-10-01
topo.io,winter-2024,yc,2026-10-01
versetherapy.com,winter-2024 acquired,yc,2026-10-01
panelytic.com,winter-2024,yc,2026-10-01
yonedalabs.com,winter-2024,yc,2026-10-01
synsorybio.com,winter-2024,yc,2026-10-01
copperhealth.co,winter-2024,yc,2026-10-01
atopile.io,winter-2024,yc,2026-10-01
trypartnerhq.com,winter-2024,yc,2026-10-01
onegrep.dev,winter-2024,yc,2026-10-01
lucite.ai,winter-2024 acquired,yc,2026-10-01
attunement.ai,winter-2024,yc,2026-10-01
cloudcruise.com,winter-2024,yc,2026-10-01
starjar.io,winter-2024 acquired,yc,2026-10-01
meticulate.ai,winter-2024,yc,2026-10-01
zaymo.com,winter-2024,yc,2026-10-01
promptarmor.com,winter-2024,yc,2026-10-01
respan.ai,winter-2024,yc,2026-10-01
monumint.com,winter-2024,yc,2026-10-01
centralhq.com,summer-2024 acquired,yc,2026-10-01
guidelabs.ai,winter-2024,yc,2026-10-01
speck.sh,winter-2024 acquired,yc,2026-10-01
polished.ad,winter-2024,yc,2026-10-01
lemonslice.com,winter-2024,yc,2026-10-01
getdecipher.com,winter-2024,yc,2026-10-01
cpgscout.ai,winter-2024,yc,2026-10-01
onconsul.com,winter-2024 acquired,yc,2026-10-01
clarionhealth.com,winter-2024,yc,2026-10-01
tamarind.bio,winter-2024,yc,2026-10-01
gloglo.com,winter-2024,yc,2026-10-01
inquery.ai,winter-2024,yc,2026-10-01
infinityapp.in,winter-2024,yc,2026-10-01
pandas-ai.com,winter-2024,yc,2026-10-01
sync.so,winter-2024,yc,2026-10-01
vibrantlabs.com,winter-2024,yc,2026-10-01
beparallel.com,winter-2024,yc,2026-10-01
fuseinsight.com,summer-2024,yc,2026-10-01
feldy.ai,winter-2024,yc,2026-10-01
firebender.com,winter-2024,yc,2026-10-01
useresonance.com,winter-2024 acquired,yc,2026-10-01
nanocorp.so,winter-2024,yc,2026-10-01
usecentralize.com,winter-2024,yc,2026-10-01
salvy.com.br,winter-2024,yc,2026-10-01
open.cx,winter-2024,yc,2026-10-01
pazi.ai,winter-2024,yc,2026-10-01
usesolari.ai,winter-2024,yc,2026-10-01
dimehealth.ai,winter-2024,yc,2026-10-01
ellipsis.dev,winter-2024,yc,2026-10-01
metofico.com,winter-2024,yc,2026-10-01
draftaid.io,winter-2024,yc,2026-10-01
codeant.ai,winter-2024,yc,2026-10-01
astromecha.co,winter-2024,yc,2026-10-01
browserbuddy.com,winter-2024 acquired,yc,2026-10-01
sagaland.ai,winter-2024,yc,2026-10-01
bilanc.co,winter-2024,yc,2026-10-01
superagent.sh,winter-2024,yc,2026-10-01
joincarma.com,winter-2024,yc,2026-10-01
toma.com,winter-2024,yc,2026-10-01
whip.run,winter-2024,yc,2026-10-01
trieve.ai,winter-2024 acquired,yc,2026-10-01
conduit.ai,winter-2024,yc,2026-10-01
elodin.systems,winter-2024,yc,2026-10-01
soundry.ai,winter-2024 acquired,yc,2026-10-01
getaftercare.com,winter-2024,yc,2026-10-01
shiboleth.ai,winter-2024,yc,2026-10-01
hazelai.com,winter-2024,yc,2026-10-01
with-andy.com,winter-2024,yc,2026-10-01
overeasy.sh,summer-2024,yc,2026-10-01
offdeal.io,winter-2024,yc,2026-10-01
voicepanel.com,winter-2024,yc,2026-10-01
opencall.ai,winter-2024,yc,2026-10-01
clarum.ai,winter-2024,yc,2026-10-01
edgetrace.ai,winter-2024,yc,2026-10-01
manifoldfreight.com,winter-2024,yc,2026-10-01
prosights.co,winter-2024,yc,2026-10-01
centauri-ai.tech,winter-2024,yc,2026-10-01
floatingpoint.ai,winter-2024,yc,2026-10-01
raindrop.ai,winter-2024,yc,2026-10-01
yondu.ai,winter-2024,yc,2026-10-01
storioai.com,winter-2024,yc,2026-10-01
getdiana.com,winter-2024,yc,2026-10-01
tryrisotto.com,winter-2024,yc,2026-10-01
acxtherapeutics.com,summer-2024,yc,2026-10-01
getjust.ai,winter-2024,yc,2026-10-01
circleback.ai,winter-2024,yc,2026-10-01
betterbasket.com,winter-2024,yc,2026-10-01
modelml.com,winter-2024,yc,2026-10-01
artosai.com,winter-2024,yc,2026-10-01
ligo.bio,summer-2024,yc,2026-10-01
omacare.com,winter-2024,yc,2026-10-01
getcleva.com,winter-2024,yc,2026-10-01
givefront.com,winter-2024,yc,2026-10-01
focalml.com,winter-2024 acquired,yc,2026-10-01
brainbaselabs.com,winter-2024,yc,2026-10-01
samplehc.com,winter-2024 acquired,yc,2026-10-01
lumetric.ai,winter-2024 acquired,yc,2026-10-01
getalai.com,winter-2024,yc,2026-10-01
deep24.com,winter-2024,yc,2026-10-01
triply.co,winter-2024,yc,2026-10-01
openmart.com,winter-2024,yc,2026-10-01
getzep.com,winter-2024,yc,2026-10-01
velorumtx.com,winter-2024,yc,2026-10-01
bitesight.com,winter-2024,yc,2026-10-01
treblo.com,winter-2024,yc,2026-10-01
shepherd.study,winter-2024,yc,2026-10-01
hatchet.run,winter-2024,yc,2026-10-01
stacksync.com,winter-2024,yc,2026-10-01
terrakotta.ai,winter-2024,yc,2026-10-01
downlink.dev,winter-2024,yc,2026-10-01
sparkhq.ai,winter-2024,yc,2026-10-01
camelai.com,winter-2024,yc,2026-10-01
rove.com,winter-2024,yc,2026-10-01
retellai.com,winter-2024,yc,2026-10-01
useocular.com,winter-2024,yc,2026-10-01
adapted.app,winter-2024,yc,2026-10-01
vistapower.com,winter-2024,yc,2026-10-01
deepnight.com,winter-2024,yc,2026-10-01
xpaycheckout.com,winter-2024,yc,2026-10-01
aquavoice.com,winter-2024,yc,2026-10-01
basepilot.com,winter-2024,yc,2026-10-01
getfluently.app,winter-2024,yc,2026-10-01
miden.co,winter-2024,yc,2026-10-01
getveles.com,winter-2024,yc,2026-10-01
commodityai.io,winter-2024,yc,2026-10-01
marblism.com,winter-2024,yc,2026-10-01
datacurve.ai,winter-2024,yc,2026-10-01
rysemarket.com,winter-2024,yc,2026-10-01
magichour.ai,winter-2024,yc,2026-10-01
penciled.com,winter-2024,yc,2026-10-01
polarfi.com,winter-2024,yc,2026-10-01
withoverheard.com,winter-2024,yc,2026-10-01
powderfi.com,winter-2024,yc,2026-10-01
erisbio.com,winter-2024,yc,2026-10-01
senso.ai,winter-2024,yc,2026-10-01
silogy.io,winter-2024,yc,2026-10-01
oddsview.com,winter-2024,yc,2026-10-01
spurtest.com,summer-2024,yc,2026-10-01
evolverebiosciences.com,summer-2024,yc,2026-10-01
junction.bio,winter-2024,yc,2026-10-01
piramidal.ai,winter-2024,yc,2026-10-01
reformhq.com,winter-2024,yc,2026-10-01
cocrafter.com,winter-2024,yc,2026-10-01
trytrueclaim.com,winter-2024,yc,2026-10-01
healiahealth.com,winter-2024,yc,2026-10-01
haplotypelabs.com,winter-2024,yc,2026-10-01
granzabio.com,winter-2024,yc,2026-10-01
voxopsai.com,winter-2024,yc,2026-10-01
integuru.com,winter-2024,yc,2026-10-01
forgehq.com,winter-2024,yc,2026-10-01
newmoneycompany.com,winter-2024,yc,2026-10-01
latted.com,winter-2024,yc,2026-10-01
renderlet.com,winter-2024,yc,2026-10-01
dragoneye.ai,winter-2024,yc,2026-10-01
quivr.app,winter-2024,yc,2026-10-01
withtower.com,winter-2024,yc,2026-10-01
mathos.ai,winter-2024,yc,2026-10-01
kater.ai,winter-2024,yc,2026-10-01
crowdvolt.com,winter-2024,yc,2026-10-01
blacksmith.sh,winter-2024,yc,2026-10-01
yarn.so,winter-2024,yc,2026-10-01
inspectmind.ai,winter-2024,yc,2026-10-01
repromptai.com,winter-2024,yc,2026-10-01
getcrux.ai,winter-2024,yc,2026-10-01
million.dev,winter-2024,yc,2026-10-01
retailreadyai.com,winter-2024,yc,2026-10-01
dropback.com,winter-2024,yc,2026-10-01
joinforge.app,winter-2024,yc,2026-10-01
marrlabs.com,winter-2024,yc,2026-10-01
coval.dev,summer-2024,yc,2026-10-01
parcelbio.com,winter-2024,yc,2026-10-01
angstrom-ai.com,summer-2024,yc,2026-10-01
indemni.com,winter-2024,yc,2026-10-01
ultra.tech,summer-2024,yc,2026-10-01
abelpolice.com,summer-2024,yc,2026-10-01
hireroger.com,summer-2024,yc,2026-10-01
mirurobotics.com,summer-2024,yc,2026-10-01
spherecast.ai,summer-2024,yc,2026-10-01
apten.ai,summer-2024,yc,2026-10-01
domu.ai,summer-2024,yc,2026-10-01
undermind.ai,summer-2024,yc,2026-10-01
superunit.com,summer-2024,yc,2026-10-01
doublezero.tech,summer-2024,yc,2026-10-01
variant.com,fall-2024,yc,2026-10-01
understoodcare.com,summer-2024,yc,2026-10-01
cheers.tech,summer-2024,yc,2026-10-01
mem0.ai,summer-2024,yc,2026-10-01
distr.sh,summer-2024,yc,2026-10-01
saphira.ai,summer-2024,yc,2026-10-01
theseus.us,summer-2024,yc,2026-10-01
synnaxlabs.com,summer-2024,yc,2026-10-01
comfydeploy.com,summer-2024,yc,2026-10-01
spaceium.com,summer-2024,yc,2026-10-01
educato.com,summer-2024,yc,2026-10-01
prohost.ai,summer-2024,yc,2026-10-01
hamming.ai,summer-2024,yc,2026-10-01
mdhub.ai,summer-2024,yc,2026-10-01
claimsorted.com,summer-2024,yc,2026-10-01
entangl.com,summer-2024,yc,2026-10-01
codeshealth.com,summer-2024,yc,2026-10-01
unsloth.ai,summer-2024,yc,2026-10-01
randomlabs.ai,summer-2024,yc,2026-10-01
digitalcarbon.ai,summer-2024,yc,2026-10-01
bayesline.com,summer-2024,yc,2026-10-01
getcallback.ai,summer-2024,yc,2026-10-01
tabula.de,summer-2024,yc,2026-10-01
hexclave.com,summer-2024,yc,2026-10-01
sagecare.ai,summer-2024,yc,2026-10-01
videogen.io,summer-2024,yc,2026-10-01
phonely.ai,summer-2024,yc,2026-10-01
corgi.com,summer-2024,yc,2026-10-01
party.build,summer-2024,yc,2026-10-01
wordware.ai,summer-2024,yc,2026-10-01
sorcerer.earth,summer-2024,yc,2026-10-01
firstwork.com,summer-2024,yc,2026-10-01
ideate.xyz,summer-2024,yc,2026-10-01
stardrift.ai,summer-2024,yc,2026-10-01
decisional.com,summer-2024,yc,2026-10-01
leeroo.com,spring-2025,yc,2026-10-01
azalearobotics.com,summer-2024,yc,2026-10-01
retrofix.ai,summer-2024,yc,2026-10-01
getunbound.ai,summer-2024,yc,2026-10-01
hyrex.io,summer-2024,yc,2026-10-01
silurian.ai,summer-2024,yc,2026-10-01
atum.works,spring-2025,yc,2026-10-01
networkocean.io,summer-2024,yc,2026-10-01
cloudglue.dev,summer-2024,yc,2026-10-01
willowvoice.com,spring-2025,yc,2026-10-01
rewbi.com,summer-2024,yc,2026-10-01
proxis.ai,summer-2024,yc,2026-10-01
zuni.app,summer-2024,yc,2026-10-01
scape.app,summer-2024,yc,2026-10-01
deepsim.io,summer-2024,yc,2026-10-01
storia.ai,summer-2024,yc,2026-10-01
useoffstream.com,summer-2024,yc,2026-10-01
useelevate.dev,summer-2024,yc,2026-10-01
luciblefi.com,summer-2024,yc,2026-10-01
dodo.ai,summer-2024,yc,2026-10-01
aresindustries.com,summer-2024,yc,2026-10-01
runlocal.ai,summer-2024,yc,2026-10-01
codeviz.ai,summer-2024,yc,2026-10-01
parahelp.com,summer-2024,yc,2026-10-01
joinlore.app,summer-2024,yc,2026-10-01
minusx.ai,summer-2024,yc,2026-10-01
tivara.com,summer-2024,yc,2026-10-01
kenley.ai,summer-2024,yc,2026-10-01
tandemspace.com,summer-2024,yc,2026-10-01
weaverobotics.com,summer-2024,yc,2026-10-01
withgauge.com,summer-2024,yc,2026-10-01
aminoanalytica.com,summer-2024,yc,2026-10-01
dench.com,summer-2024,yc,2026-10-01
stormy.ai,summer-2025,yc,2026-10-01
autopallet.bot,summer-2024,yc,2026-10-01
runpulse.com,summer-2024,yc,2026-10-01
plumefinder.com,summer-2024,yc,2026-10-01
ledgerup.ai,summer-2024,yc,2026-10-01
dmodel.ai,summer-2024,yc,2026-10-01
himodus.com,summer-2024,yc,2026-10-01
lighthouz.ai,summer-2024,yc,2026-10-01
mitohealth.com,summer-2024,yc,2026-10-01
thesynthesis.company,summer-2024,yc,2026-10-01
substrate.cc,summer-2024,yc,2026-10-01
taxgpt.com,summer-2024,yc,2026-10-01
fazeshift.com,summer-2024,yc,2026-10-01
benchify.com,summer-2024,yc,2026-10-01
anthrogen.com,summer-2024,yc,2026-10-01
kopra.bio,summer-2024,yc,2026-10-01
kastle.ai,summer-2024,yc,2026-10-01
creativemode.net,summer-2024,yc,2026-10-01
conveo.ai,summer-2024,yc,2026-10-01
cmux.com,summer-2024,yc,2026-10-01
getpanora.com,summer-2024,yc,2026-10-01
alunadata.com,summer-2024,yc,2026-10-01
ontramobility.com,summer-2024,yc,2026-10-01
trypromi.com,summer-2024,yc,2026-10-01
overstandlabs.com,winter-2025,yc,2026-10-01
expand.ai,summer-2024,yc,2026-10-01
clearly-ai.com,summer-2024,yc,2026-10-01
saturnos.com,summer-2024,yc,2026-10-01
zoaresearch.com,summer-2024,yc,2026-10-01
reactwise.com,summer-2024,yc,2026-10-01
1849.bio,summer-2024,yc,2026-10-01
vibe.codes,summer-2024,yc,2026-10-01
finny.com,summer-2024,yc,2026-10-01
magicode.ai,summer-2024,yc,2026-10-01
hestus.co,summer-2024,yc,2026-10-01
anara.com,summer-2024,yc,2026-10-01
joinplanbase.com,summer-2024,yc,2026-10-01
redouble.ai,summer-2024,yc,2026-10-01
dimely.com,summer-2024,yc,2026-10-01
sharpe.sh,summer-2024,yc,2026-10-01
drillbit.com,summer-2024,yc,2026-10-01
titanio.ai,summer-2024,yc,2026-10-01
biocartesian.com,summer-2024,yc,2026-10-01
winfunc.com,summer-2024,yc,2026-10-01
opslane.com,summer-2024,yc,2026-10-01
autumnlabs.io,summer-2024,yc,2026-10-01
conductorquantum.com,summer-2024,yc,2026-10-01
paxai.com,summer-2024,yc,2026-10-01
stempad.com,summer-2024,yc,2026-10-01
beebettor.com,summer-2024,yc,2026-10-01
withdavid.ai,summer-2024,yc,2026-10-01
magelegal.com,summer-2024,yc,2026-10-01
distro.app,summer-2024,yc,2026-10-01
remade.ai,summer-2024 acquired,yc,2026-10-01
piggyrobotics.com,fall-2025,yc,2026-10-01
zeit-ai.com,summer-2024,yc,2026-10-01
emergent.sh,summer-2024,yc,2026-10-01
trykura.com,summer-2024,yc,2026-10-01
thundercompute.com,summer-2024,yc,2026-10-01
emberrobotics.com,summer-2024,yc,2026-10-01
pinnacle.sh,summer-2024,yc,2026-10-01
intryc.com,summer-2024,yc,2026-10-01
parley.so,summer-2024,yc,2026-10-01
soff.ai,summer-2024,yc,2026-10-01
mineflow.ai,summer-2024,yc,2026-10-01
brighterway.ai,summer-2024,yc,2026-10-01
schemeflow.com,summer-2024,yc,2026-10-01
zscc.ai,summer-2024,yc,2026-10-01
praxos.ai,summer-2024,yc,2026-10-01
theforecastingcompany.com,summer-2024,yc,2026-10-01
presti.ai,summer-2024,yc,2026-10-01
cerulion.com,summer-2024,yc,2026-10-01
laminar.sh,summer-2024,yc,2026-10-01
guardianrf.com,summer-2024,yc,2026-10-01
senseirobotics.com,summer-2024,yc,2026-10-01
usesimple.ai,summer-2024,yc,2026-10-01
palmier.io,summer-2024,yc,2026-10-01
refactor.co,summer-2024,yc,2026-10-01
paasa.com,summer-2024,yc,2026-10-01
you-shift.com,winter-2025,yc,2026-10-01
cartage.ai,summer-2024,yc,2026-10-01
sonatoria.com,summer-2024,yc,2026-10-01
useodo.com,summer-2024,yc,2026-10-01
finosu.com,summer-2024,yc,2026-10-01
haystack.sh,summer-2024,yc,2026-10-01
tryandai.com,summer-2024,yc,2026-10-01
tryhelium.com,summer-2024,yc,2026-10-01
heroui.com,summer-2024,yc,2026-10-01
rescript.ai,summer-2024,yc,2026-10-01
ionworks.com,summer-2024,yc,2026-10-01
meetthyme.com,summer-2024 acquired,yc,2026-10-01
itshandled.ai,summer-2024,yc,2026-10-01
dataleap.ai,summer-2024,yc,2026-10-01
starcloud.com,summer-2024,yc,2026-10-01
bluedoor.sh,summer-2024,yc,2026-10-01
zeropath.com,summer-2024,yc,2026-10-01
argil.ai,summer-2024,yc,2026-10-01
vendra.io,summer-2024,yc,2026-10-01
propaya.com,summer-2024,yc,2026-10-01
withentropy.ai,summer-2024,yc,2026-10-01
weel.live,summer-2024,yc,2026-10-01
kontigo.lat,summer-2024,yc,2026-10-01
polymet.ai,summer-2024,yc,2026-10-01
omnidock.com,summer-2024,yc,2026-10-01
autarc.energy,summer-2024,yc,2026-10-01
assemblyhoa.com,summer-2024,yc,2026-10-01
sepalai.com,summer-2024 acquired,yc,2026-10-01
orcaclient.com,summer-2024,yc,2026-10-01
drafttherecord.com,summer-2024,yc,2026-10-01
moretapay.com,summer-2024,yc,2026-10-01
typa.ai,summer-2024,yc,2026-10-01
getquetzal.com,summer-2024,yc,2026-10-01
rastro.ai,summer-2024,yc,2026-10-01
voker.ai,summer-2024,yc,2026-10-01
tradeflowai.com,summer-2024,yc,2026-10-01
therentflow.com,summer-2024,yc,2026-10-01
serveaiglobal.com,summer-2024,yc,2026-10-01
blaze.money,summer-2024,yc,2026-10-01
elayne.com,summer-2024,yc,2026-10-01
shipoway.com,summer-2024,yc,2026-10-01
bucket.bot,summer-2024,yc,2026-10-01
saldor.com,summer-2024,yc,2026-10-01
usul.com,summer-2024,yc,2026-10-01
surebright.com,summer-2024,yc,2026-10-01
diode.computer,summer-2024,yc,2026-10-01
dayflow.so,summer-2024,yc,2026-10-01
nologo.com,summer-2024,yc,2026-10-01
trykeet.com,summer-2024,yc,2026-10-01
et-al.io,summer-2024,yc,2026-10-01
pharos.health,summer-2024,yc,2026-10-01
vera-health.ai,summer-2024,yc,2026-10-01
pipeshift.com,summer-2024,yc,2026-10-01
rowboatlabs.com,summer-2024,yc,2026-10-01
ficra.ai,summer-2024,yc,2026-10-01
heyrevia.ai,summer-2024 acquired,yc,2026-10-01
henry.ai,summer-2024,yc,2026-10-01
browseros.com,summer-2024,yc,2026-10-01
xtraffic.com,summer-2024,yc,2026-10-01
anglera.com,summer-2024,yc,2026-10-01
uncommontherapeutics.com,winter-2025,yc,2026-10-01
useglass.ai,summer-2024,yc,2026-10-01
capitol.ai,summer-2024,yc,2026-10-01
overlap.ai,summer-2024,yc,2026-10-01
formulainsight.io,summer-2024,yc,2026-10-01
usemica.com,summer-2024,yc,2026-10-01
villagelabs.app,summer-2024,yc,2026-10-01
patched.codes,summer-2024,yc,2026-10-01
orgorg.com,summer-2024,yc,2026-10-01
affil.ai,summer-2024,yc,2026-10-01
arva.ai,summer-2024,yc,2026-10-01
freestyle.sh,summer-2024,yc,2026-10-01
merlinai.co,summer-2024,yc,2026-10-01
simcare.ai,summer-2024,yc,2026-10-01
midship.ai,summer-2024 acquired,yc,2026-10-01
bitstoatoms.com,summer-2024,yc,2026-10-01
getpathpilot.com,summer-2024,yc,2026-10-01
exintherapeutics.com,winter-2025,yc,2026-10-01
syntra.com,summer-2024,yc,2026-10-01
delineate.pro,winter-2025,yc,2026-10-01
conductor.build,summer-2024,yc,2026-10-01
dreamrp.com,summer-2024,yc,2026-10-01
outerport.com,summer-2024,yc,2026-10-01
onlook.com,winter-2025,yc,2026-10-01
fixa.dev,fall-2024,yc,2026-10-01
riveterhq.com,fall-2024,yc,2026-10-01
galini.ai,fall-2024,yc,2026-10-01
getavora.ai,fall-2024,yc,2026-10-01
tryinvo.com,winter-2025,yc,2026-10-01
telli.com,fall-2024,yc,2026-10-01
getsymphony.co,fall-2024,yc,2026-10-01
streamable.run,fall-2024,yc,2026-10-01
usecrouton.com,fall-2024,yc,2026-10-01
durate.com,fall-2024,yc,2026-10-01
moonsethealth.com,fall-2024,yc,2026-10-01
trycandle.app,fall-2024,yc,2026-10-01
getcho.app,fall-2024,yc,2026-10-01
darkgrade.com,fall-2024,yc,2026-10-01
openbenchmarks.com,fall-2024,yc,2026-10-01
joinhealthspark.com,fall-2024,yc,2026-10-01
rulebase.co,fall-2024,yc,2026-10-01
afternoon.co,fall-2024,yc,2026-10-01
lightscreen.ai,fall-2024,yc,2026-10-01
raycaster.ai,fall-2024,yc,2026-10-01
revyl.com,fall-2024,yc,2026-10-01
vortexify.ai,fall-2024,yc,2026-10-01
vespper.com,fall-2024,yc,2026-10-01
sandra-ai.com,fall-2024,yc,2026-10-01
archil.com,fall-2024,yc,2026-10-01
cekura.ai,fall-2024,yc,2026-10-01
endstack.com,fall-2024,yc,2026-10-01
matcha-health.com,fall-2024,yc,2026-10-01
reticular.com,fall-2024,yc,2026-10-01
smooth.sh,fall-2024,yc,2026-10-01
attimet.com,fall-2024,yc,2026-10-01
issen.com,fall-2024,yc,2026-10-01
generallearning.com,fall-2024,yc,2026-10-01
ctgt.ai,fall-2024,yc,2026-10-01
riskcube.com,fall-2024,yc,2026-10-01
keye.co,fall-2024,yc,2026-10-01
luthor.ai,fall-2024,yc,2026-10-01
sphinxhq.com,fall-2024,yc,2026-10-01
lingo.dev,fall-2024,yc,2026-10-01
karmenai.com,fall-2024,yc,2026-10-01
freebuff.com,fall-2024,yc,2026-10-01
hybrd.com,fall-2024,yc,2026-10-01
charm.cash,fall-2024,yc,2026-10-01
unusual.ai,fall-2024,yc,2026-10-01
beglaubigt.de,fall-2024,yc,2026-10-01
stewdio.ai,fall-2024,yc,2026-10-01
pearsonlabs.ai,fall-2024,yc,2026-10-01
vly.ai,fall-2024,yc,2026-10-01
andtiny.com,fall-2024,yc,2026-10-01
crustdata.com,fall-2024,yc,2026-10-01
autocomputer.ai,fall-2024,yc,2026-10-01
abundant.ai,fall-2024,yc,2026-10-01
usemoonshine.com,fall-2024,yc,2026-10-01
getdexter.co,fall-2024,yc,2026-10-01
curocharging.com,fall-2024 acquired,yc,2026-10-01
useautumn.com,summer-2025,yc,2026-10-01
gecko.security,fall-2024,yc,2026-10-01
permitportalapp.com,fall-2024,yc,2026-10-01
fresco-ai.com,fall-2024,yc,2026-10-01
origami.chat,fall-2024,yc,2026-10-01
collectwise.com,fall-2024,yc,2026-10-01
consus.io,fall-2024,yc,2026-10-01
capy.ai,fall-2024,yc,2026-10-01
innate.bot,fall-2024,yc,2026-10-01
usegander.com,fall-2024 acquired,yc,2026-10-01
alexcodes.app,fall-2024,yc,2026-10-01
kilvin.ai,fall-2024,yc,2026-10-01
diffusion.studio,fall-2024,yc,2026-10-01
metreecs.com,fall-2024,yc,2026-10-01
revi.ai,fall-2024,yc,2026-10-01
archilabs.ai,fall-2024,yc,2026-10-01
hellosunset.com,fall-2024,yc,2026-10-01
surge.app,fall-2024,yc,2026-10-01
struct.ai,fall-2024,yc,2026-10-01
futureclinic.com,fall-2024,yc,2026-10-01
tryforerunner.com,fall-2024,yc,2026-10-01
x1.new,fall-2024,yc,2026-10-01
flyvaya.com,fall-2024,yc,2026-10-01
melder.io,fall-2024,yc,2026-10-01
ryvn.ai,fall-2024,yc,2026-10-01
laminar.com,fall-2024,yc,2026-10-01
freestyle.ai,fall-2024,yc,2026-10-01
relvy.ai,fall-2024,yc,2026-10-01
embercopilot.ai,fall-2024,yc,2026-10-01
canvas.inc,fall-2024,yc,2026-10-01
careforce.ai,fall-2024,yc,2026-10-01
usesynth.ai,fall-2024,yc,2026-10-01
roundabout.tech,fall-2024,yc,2026-10-01
loombotic.com,fall-2024,yc,2026-10-01
humanlayer.com,fall-2024,yc,2026-10-01
apolink.space,fall-2024,yc,2026-10-01
asha.health,fall-2024,yc,2026-10-01
quantstruct.com,winter-2025,yc,2026-10-01
edexia.com,winter-2025,yc,2026-10-01
enhancedradar.com,winter-2025,yc,2026-10-01
aviro.ai,spring-2025,yc,2026-10-01
reviserobotics.com,winter-2025,yc,2026-10-01
outship.ai,winter-2025,yc,2026-10-01
bild.ai,winter-2025,yc,2026-10-01
usecandor.ai,winter-2025,yc,2026-10-01
vetnio.com,winter-2025,yc,2026-10-01
leapingai.com,winter-2025,yc,2026-10-01
flowtel.ai,winter-2025,yc,2026-10-01
tweeks.io,winter-2025,yc,2026-10-01
excellence-ai.com,winter-2025,yc,2026-10-01
praxim.ai,winter-2025,yc,2026-10-01
heytelo.com,winter-2025,yc,2026-10-01
subimage.io,winter-2025,yc,2026-10-01
steinmetzmotors.com,winter-2025,yc,2026-10-01
partcl.com,spring-2025,yc,2026-10-01
axiom.trade,winter-2025,yc,2026-10-01
bud.app,winter-2025,yc,2026-10-01
splash9.com,winter-2025,yc,2026-10-01
stampmail.ai,winter-2025,yc,2026-10-01
alice.tech,winter-2025,yc,2026-10-01
dotwave.ai,winter-2025,yc,2026-10-01
awen.ai,winter-2025,yc,2026-10-01
karoo.ca,winter-2025,yc,2026-10-01
dartboard.ai,winter-2025,yc,2026-10-01
astroenergy.ai,winter-2025,yc,2026-10-01
vocalityhealth.com,winter-2025,yc,2026-10-01
subtrace.dev,winter-2025,yc,2026-10-01
scoutforschools.com,winter-2025,yc,2026-10-01
promptless.ai,winter-2025,yc,2026-10-01
closure-intel.com,winter-2025,yc,2026-10-01
conntour.com,winter-2025,yc,2026-10-01
superglue.ai,winter-2025,yc,2026-10-01
dexto.ai,winter-2025,yc,2026-10-01
ovlo.ai,winter-2025,yc,2026-10-01
contrario.ai,winter-2025,yc,2026-10-01
rocketable.com,winter-2025,yc,2026-10-01
toothy.ai,winter-2025,yc,2026-10-01
verbiflow.com,winter-2025,yc,2026-10-01
a1zap.com,winter-2025,yc,2026-10-01
a0.dev,winter-2025,yc,2026-10-01
maritimefusion.com,winter-2025,yc,2026-10-01
usetrava.com,winter-2025,yc,2026-10-01
tryelip.ai,winter-2025,yc,2026-10-01
caseflood.ai,winter-2025,yc,2026-10-01
weaveos.com,winter-2025,yc,2026-10-01
maive.ai,winter-2025,yc,2026-10-01
salespatriot.com,winter-2025,yc,2026-10-01
runparagon.com,winter-2025,yc,2026-10-01
carecycle.ai,winter-2025,yc,2026-10-01
inversionsemi.com,winter-2025,yc,2026-10-01
adam.new,winter-2025,yc,2026-10-01
getrally.com,winter-2025,yc,2026-10-01
tergle.com,winter-2025,yc,2026-10-01
trimresearch.com,winter-2025,yc,2026-10-01
tryamby.com,winter-2025,yc,2026-10-01
cardamon.ai,winter-2025,yc,2026-10-01
trybezel.com,winter-2025,yc,2026-10-01
zeroentropy.dev,winter-2025 acquired,yc,2026-10-01
okihome.ai,winter-2025,yc,2026-10-01
cifrato.ai,winter-2025,yc,2026-10-01
mosaic.so,winter-2025,yc,2026-10-01
getswerve.com,winter-2025,yc,2026-10-01
osmosis.ai,winter-2025,yc,2026-10-01
operand.com,winter-2025,yc,2026-10-01
gethealthkey.com,winter-2025,yc,2026-10-01
10xdental.com,winter-2025,yc,2026-10-01
mecha-health.ai,winter-2025,yc,2026-10-01
cuckoo.so,winter-2025,yc,2026-10-01
finbar.com,winter-2025,yc,2026-10-01
hud.ai,winter-2025,yc,2026-10-01
fromolive.com,winter-2025,yc,2026-10-01
pax.markets,winter-2025,yc,2026-10-01
pave-robotics.com,winter-2025,yc,2026-10-01
galevisa.com,winter-2025,yc,2026-10-01
asteroid.ai,winter-2025,yc,2026-10-01
macadamialabs.com,winter-2025,yc,2026-10-01
lucid.ai,winter-2025,yc,2026-10-01
pickle.com,winter-2025,yc,2026-10-01
bindwell.ai,winter-2025,yc,2026-10-01
stillwind.ai,winter-2025,yc,2026-10-01
harbera.com,winter-2025,yc,2026-10-01
joincenote.com,winter-2025,yc,2026-10-01
lopus.ai,winter-2025,yc,2026-10-01
athenahq.ai,winter-2025,yc,2026-10-01
liquidcompute.com,winter-2025,yc,2026-10-01
glnkco.com,winter-2025,yc,2026-10-01
mundoai.world,winter-2025,yc,2026-10-01
lucidic.ai,winter-2025,yc,2026-10-01
candor.security,winter-2025,yc,2026-10-01
trytrata.com,winter-2025,yc,2026-10-01
solidroad.com,winter-2025,yc,2026-10-01
generaltrajectory.com,winter-2025,yc,2026-10-01
rejot.dev,winter-2025,yc,2026-10-01
agentin.ai,winter-2025,yc,2026-10-01
bystreet.com,winter-2025,yc,2026-10-01
waypointtransit.com,winter-2025,yc,2026-10-01
withriviera.com,winter-2025,yc,2026-10-01
confident-ai.com,winter-2025,yc,2026-10-01
exla.ai,winter-2025,yc,2026-10-01
gokarsa.com,winter-2025,yc,2026-10-01
nitrode.com,winter-2025,yc,2026-10-01
calltree.ai,winter-2025,yc,2026-10-01
harperinsure.com,winter-2025,yc,2026-10-01
gettireswing.com,fall-2026,yc,2026-10-01
outlit.ai,winter-2025,yc,2026-10-01
usemesh.com,winter-2025,yc,2026-10-01
orbitalops.tech,winter-2025,yc,2026-10-01
sennu.ai,winter-2025,yc,2026-10-01
infinite.net,winter-2025,yc,2026-10-01
usepeppr.ai,winter-2025,yc,2026-10-01
openintake.ai,winter-2025,yc,2026-10-01
societies.ai,winter-2025,yc,2026-10-01
miyagilabs.ai,winter-2025,yc,2026-10-01
fuseai.com,winter-2025,yc,2026-10-01
misprint.com,winter-2025,yc,2026-10-01
afterquery.com,winter-2025,yc,2026-10-01
mastra.ai,winter-2025,yc,2026-10-01
forgeautomation.ca,winter-2025,yc,2026-10-01
archon.inc,winter-2025,yc,2026-10-01
retrofit.shop,winter-2025,yc,2026-10-01
startpinch.com,winter-2025,yc,2026-10-01
optifye.ai,winter-2025,yc,2026-10-01
reditus.space,winter-2025,yc,2026-10-01
permitify.com,winter-2025,yc,2026-10-01
wild-card.ai,winter-2025,yc,2026-10-01
corsair.dev,winter-2025,yc,2026-10-01
proception.ai,winter-2025,yc,2026-10-01
wozcode.com,winter-2025,yc,2026-10-01
spott.io,winter-2025,yc,2026-10-01
rebolt.ai,winter-2025,yc,2026-10-01
roark.ai,winter-2025,yc,2026-10-01
dalus.io,winter-2025,yc,2026-10-01
waffle.ai,spring-2025,yc,2026-10-01
tensorpool.dev,winter-2025 acquired,yc,2026-10-01
getbluebook.com,winter-2025,yc,2026-10-01
butter.dev,winter-2025,yc,2026-10-01
atlog.ai,spring-2025,yc,2026-10-01
paratushealth.com,winter-2025,yc,2026-10-01
runcopycat.com,winter-2025,yc,2026-10-01
joinergo.com,winter-2025,yc,2026-10-01
tamlabs.ai,winter-2025,yc,2026-10-01
browser-use.com,winter-2025,yc,2026-10-01
cedarcopilot.com,winter-2025,yc,2026-10-01
codevisor.dev,winter-2025,yc,2026-10-01
mercura.ai,winter-2025,yc,2026-10-01
instinct-space.com,winter-2025,yc,2026-10-01
sammylabs.com,winter-2025,yc,2026-10-01
trainloop.ai,winter-2025,yc,2026-10-01
thirdlayer.inc,winter-2025,yc,2026-10-01
trymonte.ai,summer-2025,yc,2026-10-01
axal.ai,winter-2025,yc,2026-10-01
artifact.engineer,winter-2025,yc,2026-10-01
assistant-ui.com,winter-2025,yc,2026-10-01
firaresearch.com,winter-2025,yc,2026-10-01
vantel.com,winter-2025,yc,2026-10-01
ambral.com,summer-2025,yc,2026-10-01
blindpay.com,winter-2025,yc,2026-10-01
wayline.com,summer-2025,yc,2026-10-01
mentra.glass,winter-2025,yc,2026-10-01
blaxel.ai,spring-2025 acquired,yc,2026-10-01
qfex.com,spring-2025,yc,2026-10-01
redbarnrobotics.com,winter-2025,yc,2026-10-01
chestnutmortgage.com,spring-2025,yc,2026-10-01
frekil.com,spring-2025,yc,2026-10-01
plexe.ai,spring-2025,yc,2026-10-01
getkashikoi.com,spring-2025,yc,2026-10-01
aravolta.com,spring-2025,yc,2026-10-01
vybe.build,spring-2025,yc,2026-10-01
getnao.io,spring-2025,yc,2026-10-01
bitboard.work,spring-2025,yc,2026-10-01
golf.dev,spring-2025,yc,2026-10-01
autostep.ai,spring-2026,yc,2026-10-01
cubic.dev,spring-2025,yc,2026-10-01
bloom.diy,spring-2025,yc,2026-10-01
serafis.ai,summer-2025,yc,2026-10-01
avallon.ai,spring-2025,yc,2026-10-01
rungroundcontrol.com,spring-2025,yc,2026-10-01
joinminerva.ai,spring-2025,yc,2026-10-01
cua.ai,spring-2025,yc,2026-10-01
synthiolabs.com,spring-2025,yc,2026-10-01
galenai.com,spring-2025 acquired,yc,2026-10-01
neoncoral.inc,spring-2025,yc,2026-10-01
getauctor.com,spring-2025,yc,2026-10-01
ralo.com,spring-2025,yc,2026-10-01
acolite.ai,spring-2025,yc,2026-10-01
capacitive.ai,spring-2025,yc,2026-10-01
claimhealth.com,spring-2025,yc,2026-10-01
almond.bot,spring-2025,yc,2026-10-01
usefeyn.com,spring-2025,yc,2026-10-01
helix-db.com,spring-2025,yc,2026-10-01
robot-learning.co,spring-2025,yc,2026-10-01
zeonsystems.ai,spring-2025,yc,2026-10-01
withmethod.ai,spring-2025,yc,2026-10-01
kaelio.com,spring-2025,yc,2026-10-01
trybeluga.ai,spring-2025,yc,2026-10-01
clarm.com,spring-2025,yc,2026-10-01
sim.ai,spring-2025,yc,2026-10-01
trystratify.com,spring-2025,yc,2026-10-01
youlearn.ai,spring-2025,yc,2026-10-01
units.school,spring-2025,yc,2026-10-01
mbodi.ai,spring-2025,yc,2026-10-01
kirana-ai.com,spring-2025 acquired,yc,2026-10-01
pgdog.dev,spring-2025,yc,2026-10-01
attunehq.com,spring-2025,yc,2026-10-01
kestral.ai,spring-2025,yc,2026-10-01
getbluejay.ai,spring-2025,yc,2026-10-01
better-auth.com,spring-2025,yc,2026-10-01
parsewise.ai,spring-2025,yc,2026-10-01
refresh.dev,spring-2025,yc,2026-10-01
paperinstruments.com,spring-2025,yc,2026-10-01
tinfoil.sh,spring-2025,yc,2026-10-01
trapezehealth.com,spring-2025,yc,2026-10-01
jeevyfabrication.com,spring-2025,yc,2026-10-01
projectchiron.org,spring-2025,yc,2026-10-01
voiceos.com,spring-2025,yc,2026-10-01
combinely.ai,spring-2025,yc,2026-10-01
freesolo.co,spring-2025,yc,2026-10-01
tegore.ai,spring-2025,yc,2026-10-01
sixtyfour.ai,spring-2025,yc,2026-10-01
photoniumoptics.com,spring-2025,yc,2026-10-01
labric.co,spring-2025,yc,2026-10-01
opusense.com,spring-2025,yc,2026-10-01
clidey.com,spring-2025,yc,2026-10-01
habit.inc,spring-2025,yc,2026-10-01
kaizenautomation.com,spring-2025,yc,2026-10-01
ticketwallet.com,spring-2025,yc,2026-10-01
runrl.com,spring-2025,yc,2026-10-01
morphik.ai,spring-2025,yc,2026-10-01
nomi.so,spring-2025,yc,2026-10-01
casco.com,spring-2025,yc,2026-10-01
crimson.law,spring-2025,yc,2026-10-01
flotthq.com,spring-2025,yc,2026-10-01
lucis.life,spring-2025,yc,2026-10-01
throxy.com,spring-2025,yc,2026-10-01
getanana.com,spring-2025,yc,2026-10-01
irbc.com,spring-2025,yc,2026-10-01
thetasoftware.com,spring-2025,yc,2026-10-01
novoflow.io,spring-2025,yc,2026-10-01
prisminference.com,spring-2025,yc,2026-10-01
withnixo.com,summer-2025,yc,2026-10-01
qualgent.ai,spring-2025,yc,2026-10-01
humanbehavior.co,spring-2025,yc,2026-10-01
alkali.engineering,spring-2025,yc,2026-10-01
besimple.ai,spring-2025,yc,2026-10-01
cartpole.com,spring-2025,yc,2026-10-01
nodienergy.com,spring-2025,yc,2026-10-01
vesence.com,spring-2025,yc,2026-10-01
usethirdchair.com,spring-2025,yc,2026-10-01
klavis.ai,spring-2025,yc,2026-10-01
paraquery.com,spring-2025,yc,2026-10-01
sygaldry.com,spring-2025,yc,2026-10-01
boostrobotics.ai,spring-2025,yc,2026-10-01
cactuscompute.com,summer-2025,yc,2026-10-01
vassarrobotics.com,spring-2025,yc,2026-10-01
morpho.ai,spring-2025,yc,2026-10-01
eloquentai.co,spring-2025,yc,2026-10-01
scalarfield.io,spring-2025,yc,2026-10-01
cashew-labs.com,spring-2025,yc,2026-10-01
bramantebio.com,spring-2025,yc,2026-10-01
valuemate.ai,spring-2025,yc,2026-10-01
orchid.ai,spring-2025,yc,2026-10-01
hemut.com,spring-2025,yc,2026-10-01
syntheticsociety.ai,summer-2025,yc,2026-10-01
withkairos.co,spring-2025,yc,2026-10-01
usenaive.ai,spring-2025,yc,2026-10-01
mesmer.co,spring-2025,yc,2026-10-01
lapel.com,spring-2025,yc,2026-10-01
chrt.com,spring-2025,yc,2026-10-01
mindfort.ai,spring-2025,yc,2026-10-01
probo.com,spring-2025,yc,2026-10-01
adentris.com,spring-2025,yc,2026-10-01
rimba.ai,spring-2025,yc,2026-10-01
mobyanalytics.com,spring-2025,yc,2026-10-01
nimbic-ai.com,spring-2025,yc,2026-10-01
pelica.com,spring-2025,yc,2026-10-01
cotool.ai,spring-2025,yc,2026-10-01
propolis.tech,spring-2025 acquired,yc,2026-10-01
getden.io,spring-2025,yc,2026-10-01
mlop.ai,spring-2025,yc,2026-10-01
lumari.ai,spring-2025,yc,2026-10-01
codefour.us,spring-2025,yc,2026-10-01
thevisionlab.ai,spring-2025,yc,2026-10-01
oncactus.com,spring-2025,yc,2026-10-01
wavedash.com,spring-2025,yc,2026-10-01
starsling.dev,spring-2025,yc,2026-10-01
text.ai,spring-2025,yc,2026-10-01
theorem.dev,spring-2025,yc,2026-10-01
airweave.ai,spring-2025,yc,2026-10-01
usesieve.com,spring-2025,yc,2026-10-01
blueshoe.com,spring-2025,yc,2026-10-01
bondapp.io,spring-2025,yc,2026-10-01
cascadespace.com,spring-2025,yc,2026-10-01
aegishealth.us,spring-2025,yc,2026-10-01
bitpatrol.io,spring-2025 acquired,yc,2026-10-01
godela.ai,spring-2025,yc,2026-10-01
foundation-industries.com,spring-2025,yc,2026-10-01
sureformhq.com,spring-2025,yc,2026-10-01
docketqa.com,spring-2025,yc,2026-10-01
getcohesiveai.com,spring-2025,yc,2026-10-01
preseen.com,summer-2025,yc,2026-10-01
fifthdoor.com,fall-2025,yc,2026-10-01
pingo.ai,summer-2025,yc,2026-10-01
becomeautonomous.com,fall-2025,yc,2026-10-01
useprox.com,fall-2025,yc,2026-10-01
adaptional.com,summer-2025,yc,2026-10-01
getasap.us,summer-2025,yc,2026-10-01
browse.dev,summer-2025,yc,2026-10-01
closera.com,summer-2025,yc,2026-10-01
parametric.company,fall-2025,yc,2026-10-01
dedaluslabs.ai,summer-2025,yc,2026-10-01
acrely.ai,summer-2025,yc,2026-10-01
promptingcompany.com,summer-2025,yc,2026-10-01
mangodesk.com,summer-2025,yc,2026-10-01
halluminate.ai,summer-2025,yc,2026-10-01
traceroot.ai,summer-2025,yc,2026-10-01
agentmail.to,summer-2025,yc,2026-10-01
truthsystems.ai,summer-2025,yc,2026-10-01
blank.bio,summer-2025,yc,2026-10-01
astor.app,summer-2025,yc,2026-10-01
lanesurf.com,summer-2025,yc,2026-10-01
args.io,summer-2025,yc,2026-10-01
golpoai.com,summer-2025,yc,2026-10-01
shorpay.com,summer-2025,yc,2026-10-01
usebidflow.com,winter-2026,yc,2026-10-01
theliva.ai,summer-2025,yc,2026-10-01
useplaygent.com,summer-2025,yc,2026-10-01
vernerobotics.com,summer-2025,yc,2026-10-01
llm-stats.com,summer-2025,yc,2026-10-01
contextfort.ai,summer-2025,yc,2026-10-01
datafruit.ai,summer-2025,yc,2026-10-01
topological.com,summer-2025,yc,2026-10-01
getlark.ai,summer-2025,yc,2026-10-01
n0labs.com,fall-2025,yc,2026-10-01
bitrig.com,summer-2025,yc,2026-10-01
gru.space,winter-2026,yc,2026-10-01
effigov.com,summer-2025,yc,2026-10-01
designarena.ai,summer-2025,yc,2026-10-01
lotas.ai,summer-2025,yc,2026-10-01
returnsignals.com,winter-2026,yc,2026-10-01
monarcha.ai,summer-2025,yc,2026-10-01
overdrive.health,winter-2026,yc,2026-10-01
orangeslice.ai,summer-2025,yc,2026-10-01
wafer.ai,summer-2025,yc,2026-10-01
usepanels.com,summer-2025,yc,2026-10-01
humwork.ai,spring-2026,yc,2026-10-01
cyberdesk.io,summer-2025,yc,2026-10-01
janet.ai,summer-2025,yc,2026-10-01
getlilac.com,summer-2025,yc,2026-10-01
imprezia.ai,summer-2025,yc,2026-10-01
alterauth.com,summer-2025,yc,2026-10-01
ondeckai.com,summer-2025,yc,2026-10-01
withasync.com,summer-2026,yc,2026-10-01
frizzle.com,summer-2025,yc,2026-10-01
deepgrove.ai,summer-2025,yc,2026-10-01
nori.ai,fall-2025,yc,2026-10-01
proliferate.com,summer-2025,yc,2026-10-01
magnitude.dev,summer-2025,yc,2026-10-01
stockline.ai,summer-2025,yc,2026-10-01
roboticscenter.ai,summer-2025,yc,2026-10-01
tesora.ai,summer-2025,yc,2026-10-01
kestroll.com,summer-2025,yc,2026-10-01
pangolin.net,summer-2025,yc,2026-10-01
careswift.com,summer-2025,yc,2026-10-01
wedge.health,summer-2025,yc,2026-10-01
slashy.com,summer-2025,yc,2026-10-01
cocreate.so,summer-2025,yc,2026-10-01
panoptive.com,summer-2025,yc,2026-10-01
inductionlabs.com,summer-2026,yc,2026-10-01
nexa.farm,summer-2025 acquired,yc,2026-10-01
bootloop.ai,summer-2025,yc,2026-10-01
stellonlabs.com,summer-2025,yc,2026-10-01
kalinda.ai,summer-2025,yc,2026-10-01
riverbank.sh,summer-2025,yc,2026-10-01
convictiontrade.ai,summer-2025,yc,2026-10-01
theorahq.com,summer-2025,yc,2026-10-01
doe.so,summer-2025,yc,2026-10-01
ironledger.ai,summer-2025,yc,2026-10-01
askonestop.com,summer-2025,yc,2026-10-01
trace.so,summer-2025,yc,2026-10-01
fulcrumresearch.ai,summer-2025,yc,2026-10-01
b12-labs.com,summer-2025,yc,2026-10-01
useflai.com,summer-2025,yc,2026-10-01
embedder.com,summer-2025,yc,2026-10-01
costream.ai,summer-2025,yc,2026-10-01
epicenter.so,summer-2025,yc,2026-10-01
trychannel3.com,summer-2025,yc,2026-10-01
ghosteye.ai,summer-2025,yc,2026-10-01
normalfactory.com,summer-2025,yc,2026-10-01
comena.ai,summer-2025,yc,2026-10-01
vibeflow.ai,summer-2025,yc,2026-10-01
nozomio.com,summer-2025,yc,2026-10-01
trymimos.com,summer-2025,yc,2026-10-01
twentytwo.bio,summer-2025,yc,2026-10-01
physicalturing.ai,summer-2025,yc,2026-10-01
albacore.inc,summer-2025,yc,2026-10-01
solvatechnology.com,summer-2025,yc,2026-10-01
phases.ai,summer-2025,yc,2026-10-01
perseusdefense.com,summer-2025,yc,2026-10-01
novaflow.ai,summer-2025,yc,2026-10-01
manufact.com,summer-2025,yc,2026-10-01
char.com,summer-2025,yc,2026-10-01
relling.co,summer-2025,yc,2026-10-01
motives.ai,summer-2025,yc,2026-10-01
autumn.ai,winter-2026,yc,2026-10-01
gofinto.com,summer-2025,yc,2026-10-01
getirongrid.com,summer-2025,yc,2026-10-01
procindex.com,summer-2025,yc,2026-10-01
autosana.ai,summer-2025,yc,2026-10-01
knowlify.com,summer-2025,yc,2026-10-01
omnara.com,summer-2025,yc,2026-10-01
misolabs.ai,spring-2026,yc,2026-10-01
risely.ai,summer-2025,yc,2026-10-01
gominimal.ai,summer-2025,yc,2026-10-01
getsocratix.ai,summer-2025,yc,2026-10-01
alaradental.com,summer-2025,yc,2026-10-01
os3robotics.com,summer-2026,yc,2026-10-01
floot.com,summer-2025,yc,2026-10-01
idler.ai,summer-2025,yc,2026-10-01
trymaximal.com,summer-2025,yc,2026-10-01
humoniq.ai,summer-2025,yc,2026-10-01
nautilus.co,summer-2025,yc,2026-10-01
avelishealth.com,summer-2025,yc,2026-10-01
evergrovelabs.com,summer-2026,yc,2026-10-01
pares.ai,summer-2025,yc,2026-10-01
foresight.tt,spring-2026,yc,2026-10-01
altur.io,summer-2025,yc,2026-10-01
quotain.com,summer-2025,yc,2026-10-01
withmetis.ai,summer-2025 acquired,yc,2026-10-01
f4.dev,summer-2025,yc,2026-10-01
sira.team,summer-2025,yc,2026-10-01
opennote.com,summer-2025 acquired,yc,2026-10-01
sigmanticai.com,summer-2025,yc,2026-10-01
convexia.bio,summer-2025,yc,2026-10-01
pleom.com,summer-2025,yc,2026-10-01
fernstone.com,fall-2025,yc,2026-10-01
locatahealth.com,summer-2025,yc,2026-10-01
pally.com,summer-2025,yc,2026-10-01
notte.cc,summer-2025,yc,2026-10-01
hera.video,summer-2025,yc,2026-10-01
certus-ai.com,summer-2025,yc,2026-10-01
reacherapp.com,summer-2025,yc,2026-10-01
kernel.sh,summer-2025,yc,2026-10-01
rebulk.com,summer-2025,yc,2026-10-01
pollen.cx,winter-2026,yc,2026-10-01
okibi.ai,summer-2025,yc,2026-10-01
juxta.com,summer-2025,yc,2026-10-01
buttoncomputer.com,winter-2026,yc,2026-10-01
useflywheel.ai,summer-2025,yc,2026-10-01
stagewise.io,summer-2025,yc,2026-10-01
clodo.ai,summer-2025,yc,2026-10-01
fleetline.ai,summer-2025,yc,2026-10-01
magnetictax.com,summer-2025,yc,2026-10-01
modelence.com,summer-2025,yc,2026-10-01
perspectiveshealth.ai,summer-2025,yc,2026-10-01
smartbase.so,spring-2026,yc,2026-10-01
duranium.co,summer-2025,yc,2026-10-01
rowflow.ai,summer-2025,yc,2026-10-01
munify.ai,summer-2025,yc,2026-10-01
interfere.com,summer-2025,yc,2026-10-01
spotlight.realty,summer-2025,yc,2026-10-01
usebizzy.com,summer-2025,yc,2026-10-01
vulcan.ai,summer-2025,yc,2026-10-01
noso.so,summer-2025,yc,2026-10-01
asksapien.ai,summer-2025,yc,2026-10-01
veritus.com,summer-2025,yc,2026-10-01
ruvo.com,summer-2025,yc,2026-10-01
aventindustrial.com,summer-2025,yc,2026-10-01
getburnt.ai,summer-2025,yc,2026-10-01
freyavoice.ai,summer-2025,yc,2026-10-01
luminal.com,summer-2025,yc,2026-10-01
realroots.com,summer-2025,yc,2026-10-01
upliftai.org,summer-2025,yc,2026-10-01
getpaloma.ai,summer-2025,yc,2026-10-01
usemixy.com,fall-2025,yc,2026-10-01
heyblue.com,summer-2025,yc,2026-10-01
digipals.app,fall-2025,yc,2026-10-01
noxmetals.co,summer-2025,yc,2026-10-01
efference.ai,fall-2025,yc,2026-10-01
trylapis.com,fall-2025,yc,2026-10-01
semiotic.com,fall-2025,yc,2026-10-01
useremedy.co,fall-2025 acquired,yc,2026-10-01
f2.ai,summer-2025,yc,2026-10-01
brickanta.com,fall-2025,yc,2026-10-01
aircaps.com,fall-2025,yc,2026-10-01
uplane.com,fall-2025,yc,2026-10-01
getstructured.ai,fall-2025,yc,2026-10-01
parse.bot,fall-2025,yc,2026-10-01
brickwiseai.com,fall-2025,yc,2026-10-01
parrotapp.com,fall-2025,yc,2026-10-01
movedot.ai,fall-2025,yc,2026-10-01
zavo.ai,fall-2025,yc,2026-10-01
agent.nexus,fall-2025,yc,2026-10-01
bolna.ai,fall-2025,yc,2026-10-01
hyperspell.com,fall-2025,yc,2026-10-01
scooplabs.ai,fall-2025,yc,2026-10-01
aspect.inc,fall-2025,yc,2026-10-01
deeptrace.com,fall-2025,yc,2026-10-01
paywithlocus.com,fall-2025,yc,2026-10-01
alt-x.co,winter-2026,yc,2026-10-01
caddy.app,fall-2025,yc,2026-10-01
sorce.jobs,fall-2025,yc,2026-10-01
thecontextcompany.com,fall-2025,yc,2026-10-01
dari.dev,fall-2025,yc,2026-10-01
lunavo.ai,fall-2025,yc,2026-10-01
usesoren.com,fall-2025,yc,2026-10-01
norra.io,fall-2025,yc,2026-10-01
kaigohealth.ai,fall-2025,yc,2026-10-01
koyal.ai,fall-2025,yc,2026-10-01
tellif.ai,fall-2025,yc,2026-10-01
minro.com,fall-2025,yc,2026-10-01
verialabs.com,fall-2025,yc,2026-10-01
velum-labs.com,winter-2026,yc,2026-10-01
trelium.com,fall-2025,yc,2026-10-01
cranston.ai,fall-2025,yc,2026-10-01
hypercubic.ai,fall-2025,yc,2026-10-01
nessielabs.com,fall-2025,yc,2026-10-01
wardstone.us,fall-2025,yc,2026-10-01
atlasgrid.ai,fall-2025,yc,2026-10-01
hillclimb.com,fall-2025,yc,2026-10-01
flick.art,fall-2025,yc,2026-10-01
sembleai.com,fall-2025,yc,2026-10-01
clerked.ai,fall-2025,yc,2026-10-01
sellraze.com,fall-2025,yc,2026-10-01
lakonia.us.com,fall-2025,yc,2026-10-01
meetalder.com,fall-2025,yc,2026-10-01
answerthis.io,fall-2025,yc,2026-10-01
sf-tensor.com,fall-2025,yc,2026-10-01
unsiloed.ai,fall-2025,yc,2026-10-01
allus.ai,fall-2025,yc,2026-10-01
multifactor.com,fall-2025,yc,2026-10-01
sciloop.dev,fall-2025,yc,2026-10-01
logosguard.com,fall-2025,yc,2026-10-01
usekestrel.ai,fall-2025,yc,2026-10-01
tensr.com,summer-2026,yc,2026-10-01
travoai.com,winter-2026,yc,2026-10-01
agenticfabriq.com,winter-2026,yc,2026-10-01
logical.io,fall-2025,yc,2026-10-01
alephlab.ai,fall-2025,yc,2026-10-01
helonic.com,fall-2025,yc,2026-10-01
redapto.com,fall-2025,yc,2026-10-01
captain.dev,winter-2026,yc,2026-10-01
sunflowerclinic.com,summer-2026,yc,2026-10-01
finaldose.ai,spring-2026,yc,2026-10-01
bravi.app,fall-2025,yc,2026-10-01
complydo.io,fall-2025,yc,2026-10-01
codyco.ai,fall-2025,yc,2026-10-01
getlexi.io,fall-2025,yc,2026-10-01
compyle.ai,fall-2025,yc,2026-10-01
selfin.app,fall-2025,yc,2026-10-01
frontier.site,summer-2026,yc,2026-10-01
caseyinsure.com,fall-2025,yc,2026-10-01
paceline.bio,fall-2025,yc,2026-10-01
oxus-ai.com,winter-2026,yc,2026-10-01
darwinrobotics.ai,fall-2025,yc,2026-10-01
radiusbrowser.com,fall-2025,yc,2026-10-01
cortexrobot.ai,fall-2025,yc,2026-10-01
pixleyai.com,fall-2025,yc,2026-10-01
leadbay.ai,fall-2025,yc,2026-10-01
nucleoresearch.com,fall-2025,yc,2026-10-01
tornyol.com,fall-2025,yc,2026-10-01
s2.dev,fall-2025,yc,2026-10-01
patentwatch.ai,fall-2025,yc,2026-10-01
anto.bio,fall-2025,yc,2026-10-01
imagineai.me,fall-2025,yc,2026-10-01
expectedparrot.com,fall-2025,yc,2026-10-01
everestagi.com,fall-2025,yc,2026-10-01
tryscott.ai,fall-2025,yc,2026-10-01
aside.com,fall-2025,yc,2026-10-01
tryprism.com,spring-2026,yc,2026-10-01
zalos.ai,fall-2025,yc,2026-10-01
sourcebot.dev,fall-2025,yc,2026-10-01
philon.ai,fall-2025,yc,2026-10-01
heylua.ai,fall-2025,yc,2026-10-01
usecrunched.com,fall-2025,yc,2026-10-01
usenarrative.ai,fall-2025,yc,2026-10-01
relaw.ai,fall-2025,yc,2026-10-01
specific.dev,fall-2025,yc,2026-10-01
automax.ai,fall-2025,yc,2026-10-01
useclad.ai,fall-2025,yc,2026-10-01
absurd.com,fall-2025,yc,2026-10-01
kalpalabs.ai,fall-2025,yc,2026-10-01
metorial.com,fall-2025,yc,2026-10-01
denki.ai,fall-2025,yc,2026-10-01
takecareos.com,spring-2026,yc,2026-10-01
savahq.com,fall-2025,yc,2026-10-01
icarus.one,fall-2025,yc,2026-10-01
karumi.ai,fall-2025,yc,2026-10-01
perseus.computer,fall-2025,yc,2026-10-01
uselemma.ai,fall-2025,yc,2026-10-01
exonic.ai,fall-2025,yc,2026-10-01
jarmin.ai,fall-2025,yc,2026-10-01
generalastro.com,winter-2026,yc,2026-10-01
madethis.com,fall-2025,yc,2026-10-01
rovi.health,fall-2025,yc,2026-10-01
miniswap.gg,fall-2025,yc,2026-10-01
freeportmarkets.com,fall-2025,yc,2026-10-01
useboom.ai,fall-2025,yc,2026-10-01
layers.bio,fall-2025,yc,2026-10-01
thehog.ai,fall-2025,yc,2026-10-01
lightberry.com,fall-2025,yc,2026-10-01
getbluma.com,fall-2025,yc,2026-10-01
forge-robotics.com,fall-2025,yc,2026-10-01
amerahealthsolutions.com,fall-2025,yc,2026-10-01
diligencesquared.com,fall-2025,yc,2026-10-01
velvetlab.ai,fall-2025,yc,2026-10-01
axialcompute.com,fall-2025,yc,2026-10-01
lunabill.com,fall-2025,yc,2026-10-01
antigen.sh,fall-2025,yc,2026-10-01
vectorlegal.com,winter-2026,yc,2026-10-01
fastshot.ai,fall-2025,yc,2026-10-01
goclicks.ai,fall-2025,yc,2026-10-01
voltairlabs.com,winter-2026,yc,2026-10-01
markittrade.com,fall-2025,yc,2026-10-01
zarnaai.com,fall-2025,yc,2026-10-01
moss.dev,fall-2025,yc,2026-10-01
withspecific.com,fall-2025,yc,2026-10-01
amika.dev,fall-2025,yc,2026-10-01
openroll.com,fall-2025,yc,2026-10-01
rivet.design,fall-2025,yc,2026-10-01
crosslayerlabs.com,winter-2026,yc,2026-10-01
item.app,fall-2025,yc,2026-10-01
ndea.com,winter-2026,yc,2026-10-01
mayflowervisa.com,fall-2025,yc,2026-10-01
zephyrfusion.com,fall-2025,yc,2026-10-01
inviscidai.com,winter-2026,yc,2026-10-01
claimglide.com,winter-2026,yc,2026-10-01
haladir.com,winter-2026,yc,2026-10-01
mantisbiotech.com,winter-2026,yc,2026-10-01
catchbackcards.com,winter-2026,yc,2026-10-01
ploy.ai,spring-2026,yc,2026-10-01
advancedmetalresearch.com,spring-2026,yc,2026-10-01
linzumi.com,spring-2026,yc,2026-10-01
waddlelabs.ai,summer-2026,yc,2026-10-01
fullseam.com,winter-2026,yc,2026-10-01
corvera.ai,winter-2026,yc,2026-10-01
arcprize.org,winter-2026,yc,2026-10-01
valgo.ai,winter-2026,yc,2026-10-01
helloeos.ai,winter-2026,yc,2026-10-01
hlaboratories.com,winter-2026,yc,2026-10-01
askclara.com,spring-2026,yc,2026-10-01
origin.bio,winter-2026,yc,2026-10-01
payna.com,winter-2026,yc,2026-10-01
onetriangle.ai,summer-2026,yc,2026-10-01
imperfect.co,spring-2026,yc,2026-10-01
pantainsure.com,winter-2026,yc,2026-10-01
didit.me,winter-2026,yc,2026-10-01
onerobot.io,winter-2026,yc,2026-10-01
quotientlabs.com,winter-2026,yc,2026-10-01
kita.ai,winter-2026,yc,2026-10-01
klausai.com,winter-2026,yc,2026-10-01
rumacare.com,winter-2026,yc,2026-10-01
getprescience.com,summer-2026,yc,2026-10-01
lucenthq.com,winter-2026,yc,2026-10-01
runanywhere.ai,winter-2026,yc,2026-10-01
lance.live,winter-2026,yc,2026-10-01
docurahealth.com,winter-2026,yc,2026-10-01
meetmirabelle.com,winter-2026,yc,2026-10-01
axisanalysis.com,winter-2026,yc,2026-10-01
lexius.ai,winter-2026,yc,2026-10-01
tryasimov.ai,winter-2026,yc,2026-10-01
shortkit.dev,winter-2026,yc,2026-10-01
rev1.so,winter-2026,yc,2026-10-01
10xscience.com,winter-2026,yc,2026-10-01
sentrial.com,winter-2026,yc,2026-10-01
legalos.ai,winter-2026,yc,2026-10-01
getfuchsia.ai,spring-2026,yc,2026-10-01
cofia.ai,winter-2026,yc,2026-10-01
protent.ai,winter-2026,yc,2026-10-01
baseframe.co,winter-2026,yc,2026-10-01
strandai.com,winter-2026,yc,2026-10-01
beaconhealth.ai,winter-2026,yc,2026-10-01
envariant.ai,winter-2026,yc,2026-10-01
burthq.com,winter-2026,yc,2026-10-01
celltype.com,winter-2026,yc,2026-10-01
pirislabs.io,winter-2026,yc,2026-10-01
openspec.dev,winter-2026,yc,2026-10-01
cignara.com,spring-2026,yc,2026-10-01
dev.fast,winter-2026,yc,2026-10-01
zerosettle.io,winter-2026,yc,2026-10-01
avoice.co,winter-2026,yc,2026-10-01
21st.dev,winter-2026,yc,2026-10-01
palus.finance,winter-2026,yc,2026-10-01
tepali.com,winter-2026,yc,2026-10-01
cumuluslabs.io,winter-2026,yc,2026-10-01
verdexai.com,winter-2026,yc,2026-10-01
autositu.com,winter-2026,yc,2026-10-01
zatanna.ai,winter-2026,yc,2026-10-01
mousecat.ai,winter-2026,yc,2026-10-01
skillsync.com,winter-2026,yc,2026-10-01
robodock.tech,winter-2026,yc,2026-10-01
schedulingwiz.com,winter-2026,yc,2026-10-01
luel.ai,winter-2026,yc,2026-10-01
aemon.ai,winter-2026,yc,2026-10-01
ashr.io,winter-2026,yc,2026-10-01
codewisp.ai,winter-2026,yc,2026-10-01
tryoctapulse.com,winter-2026,yc,2026-10-01
beyondreachlabs.com,winter-2026,yc,2026-10-01
milliray.com,winter-2026,yc,2026-10-01
ramain.ai,winter-2026,yc,2026-10-01
moritzlegal.com,winter-2026,yc,2026-10-01
usesalus.ai,winter-2026,yc,2026-10-01
eigenpal.com,winter-2026,yc,2026-10-01
sparkles.dev,winter-2026,yc,2026-10-01
fern.bot,winter-2026,yc,2026-10-01
perfectly.so,winter-2026,yc,2026-10-01
orthogonal.com,winter-2026,yc,2026-10-01
ventura.ai,winter-2026,yc,2026-10-01
drafted.ai,spring-2026,yc,2026-10-01
terranox.ai,winter-2026,yc,2026-10-01
paysponge.com,winter-2026,yc,2026-10-01
mangomedical.io,winter-2026,yc,2026-10-01
rapidfolio.com,summer-2026,yc,2026-10-01
confluence.sh,winter-2026,yc,2026-10-01
opalitehealth.com,winter-2026,yc,2026-10-01
compresr.ai,winter-2026,yc,2026-10-01
incidentfox.ai,winter-2026,yc,2026-10-01
unisson.ai,winter-2026,yc,2026-10-01
stilta.com,winter-2026,yc,2026-10-01
instinct.xyz,winter-2026,yc,2026-10-01
proximitty.ai,winter-2026,yc,2026-10-01
caj.al,winter-2026,yc,2026-10-01
overshoot.ai,winter-2026,yc,2026-10-01
terminaluse.com,winter-2026,yc,2026-10-01
laurence.com,winter-2026,yc,2026-10-01
parameter.ai,winter-2026,yc,2026-10-01
paxhistoria.co,winter-2026,yc,2026-10-01
rhizomeai.com,winter-2026,yc,2026-10-01
pranadoc.com,winter-2026,yc,2026-10-01
cardboard.ai,winter-2026,yc,2026-10-01
jinba.io,winter-2026,yc,2026-10-01
seeing-systems.com,winter-2026,yc,2026-10-01
syntheticsciences.ai,winter-2026,yc,2026-10-01
visiblsemi.com,winter-2026,yc,2026-10-01
patientdesk.ai,winter-2026,yc,2026-10-01
assemble.ai,summer-2026,yc,2026-10-01
usechamber.io,winter-2026,yc,2026-10-01
endclose.com,winter-2026,yc,2026-10-01
fenrock.ai,winter-2026,yc,2026-10-01
maywoodai.com,winter-2026,yc,2026-10-01
revion.inc,winter-2026,yc,2026-10-01
traverse.so,winter-2026,yc,2026-10-01
approxima.ai,winter-2026,yc,2026-10-01
9mothers.com,spring-2026,yc,2026-10-01
valence.trade,winter-2026,yc,2026-10-01
usereframe.ai,winter-2026,yc,2026-10-01
congruent.io,winter-2026,yc,2026-10-01
inventoryquant.com,winter-2026,yc,2026-10-01
emdash.com,winter-2026,yc,2026-10-01
ressl.ai,winter-2026,yc,2026-10-01
tryrobby.com,winter-2026,yc,2026-10-01
sitefire.ai,winter-2026,yc,2026-10-01
forum.market,winter-2026,yc,2026-10-01
humanarchive.ai,winter-2026,yc,2026-10-01
samora.ai,winter-2026,yc,2026-10-01
caretta.so,winter-2026,yc,2026-10-01
oximy.com,winter-2026,yc,2026-10-01
axionorbital.space,winter-2026,yc,2026-10-01
sazabi.com,spring-2026,yc,2026-10-01
constellation.space,winter-2026,yc,2026-10-01
byteport.com,winter-2026,yc,2026-10-01
heypocket.com,winter-2026,yc,2026-10-01
bubblelab.ai,winter-2026,yc,2026-10-01
archal.ai,summer-2026,yc,2026-10-01
polymathlabs.ai,winter-2026,yc,2026-10-01
voxelenergy.com,winter-2026,yc,2026-10-01
netter.ai,spring-2026,yc,2026-10-01
superset.sh,spring-2026,yc,2026-10-01
datoric.com,summer-2026,yc,2026-10-01
servo7.com,winter-2026,yc,2026-10-01
dittobio.com,winter-2026,yc,2026-10-01
librabots.com,summer-2026,yc,2026-10-01
sequencemkts.com,winter-2026,yc,2026-10-01
doomersion.com,winter-2026,yc,2026-10-01
o11.ai,winter-2026,yc,2026-10-01
anchorhead.ai,winter-2026,yc,2026-10-01
tryremy.ai,winter-2026,yc,2026-10-01
chasi.ai,winter-2026,yc,2026-10-01
goekpa.com,summer-2026,yc,2026-10-01
getbalance.ai,winter-2026,yc,2026-10-01
fort.cx,winter-2026,yc,2026-10-01
general.legal,winter-2026,yc,2026-10-01
corelayer.com,winter-2026,yc,2026-10-01
bookoapp.com,winter-2026,yc,2026-10-01
foreman.co,winter-2026,yc,2026-10-01
myturnstone.ai,winter-2026,yc,2026-10-01
squid.energy,winter-2026,yc,2026-10-01
inth.com,spring-2026,yc,2026-10-01
fed10.ai,winter-2026,yc,2026-10-01
beesafe.ai,winter-2026,yc,2026-10-01
meteoric.earth,summer-2026,yc,2026-10-01
thetokencompany.com,winter-2026,yc,2026-10-01
moda.dev,winter-2026,yc,2026-10-01
trymaven.com,winter-2026,yc,2026-10-01
silahq.com,winter-2026,yc,2026-10-01
usegrade.com,winter-2026,yc,2026-10-01
runcanary.ai,winter-2026,yc,2026-10-01
atlia.com,summer-2026,yc,2026-10-01
pingdream.com,summer-2026,yc,2026-10-01
tsenta.com,summer-2026,yc,2026-10-01
copperlane.ai,winter-2026,yc,2026-10-01
controlseat.com,summer-2026,yc,2026-10-01
talkingcomputers.ai,winter-2026,yc,2026-10-01
veriad.com,winter-2026,yc,2026-10-01
tryvela.ai,winter-2026,yc,2026-10-01
cova.care,summer-2026,yc,2026-10-01
mochacare.com,winter-2026,yc,2026-10-01
voygr.tech,winter-2026,yc,2026-10-01
pothlabs.com,summer-2026,yc,2026-10-01
spotpay.ai,winter-2026,yc,2026-10-01
khotan.com,winter-2026,yc,2026-10-01
usepolymorph.com,winter-2026,yc,2026-10-01
tensortest.com,winter-2026,yc,2026-10-01
dipolelabs.com,summer-2026,yc,2026-10-01
zymbly.com,winter-2026,yc,2026-10-01
regbase.com,spring-2026,yc,2026-10-01
ossus.com,winter-2026,yc,2026-10-01
origami-robotics.com,winter-2026,yc,2026-10-01
brumby,winter-2026,yc,2026-10-01
daivin.tech,winter-2026,yc,2026-10-01
fixture.app,winter-2026,yc,2026-10-01
aurorincad.com,winter-2026,yc,2026-10-01
trybloom.ai,spring-2026,yc,2026-10-01
dispatch.space,spring-2026,yc,2026-10-01
superpenguin.ai,winter-2026,yc,2026-10-01
unifold.io,winter-2026,yc,2026-10-01
ae-dyn.com,summer-2026,yc,2026-10-01
wayco.ai,winter-2026,yc,2026-10-01
shofo.ai,winter-2026,yc,2026-10-01
openvector.com,summer-2026,yc,2026-10-01
remix.re,winter-2026,yc,2026-10-01
condor.energy,winter-2026,yc,2026-10-01
litmushiring.com,summer-2026,yc,2026-10-01
martini.film,winter-2026,yc,2026-10-01
wideframe.com,winter-2026,yc,2026-10-01
trycardinal.com,winter-2026,yc,2026-10-01
hedgespecialty.com,spring-2026,yc,2026-10-01
surtrdefense.com,spring-2026,yc,2026-10-01
klarify.ca,spring-2026,yc,2026-10-01
korsoai.com,spring-2026,yc,2026-10-01
primitive.dev,spring-2026,yc,2026-10-01
standardsignal.com,spring-2026,yc,2026-10-01
tryluke.dev,spring-2026,yc,2026-10-01
perfectbit.ai,spring-2026,yc,2026-10-01
trymemoir.ai,spring-2026,yc,2026-10-01
illumelabs.ai,summer-2026,yc,2026-10-01
mostrobotic.com,summer-2026,yc,2026-10-01
multiplier.ai,spring-2026,yc,2026-10-01
totalis.trade,spring-2026,yc,2026-10-01
replicas.dev,spring-2026,yc,2026-10-01
rudus.ai,spring-2026,yc,2026-10-01
palettelabs.com,summer-2026,yc,2026-10-01
hexaagents.com,spring-2026,yc,2026-10-01
tryscope.com,spring-2026,yc,2026-10-01
onmarker.com,summer-2026,yc,2026-10-01
twolabs.ai,spring-2026,yc,2026-10-01
lightsprint.ai,spring-2026,yc,2026-10-01
discoveredmaterials.com,spring-2026,yc,2026-10-01
trysaffron.ai,spring-2026,yc,2026-10-01
trychert.com,spring-2026,yc,2026-10-01
ninefives.com,spring-2026,yc,2026-10-01
andustry.com,spring-2026,yc,2026-10-01
zenbu.dev,spring-2026,yc,2026-10-01
inloop-robotics.com,spring-2026,yc,2026-10-01
getdayjob.ai,spring-2026,yc,2026-10-01
thecompany.company,fall-2026,yc,2026-10-01
trellistech.com,spring-2026,yc,2026-10-01
atrisa.ai,spring-2026,yc,2026-10-01
tenetindustries.com,spring-2026,yc,2026-10-01
hub.xyz,spring-2026,yc,2026-10-01
lightanchor.ai,spring-2026,yc,2026-10-01
lim.run,spring-2026,yc,2026-10-01
godhands.dev,fall-2026,yc,2026-10-01
superlog.sh,spring-2026,yc,2026-10-01
govguard.com,spring-2026,yc,2026-10-01
kinro.com,spring-2026,yc,2026-10-01
junocompanion.com,spring-2026,yc,2026-10-01
zolvo.com,spring-2026,yc,2026-10-01
interfaze.ai,spring-2026,yc,2026-10-01
elyrasystems.com,spring-2026,yc,2026-10-01
wealor.ai,spring-2026,yc,2026-10-01
gethevn.com,spring-2026,yc,2026-10-01
kelaitech.com,spring-2026,yc,2026-10-01
deepinteractions.ai,spring-2026,yc,2026-10-01
qomplement.com,spring-2026,yc,2026-10-01
pavoot.com,spring-2026,yc,2026-10-01
madrone.cool,spring-2026,yc,2026-10-01
shotwell.ai,spring-2026,yc,2026-10-01
standout.work,spring-2026,yc,2026-10-01
transload.ai,spring-2026,yc,2026-10-01
userlens.io,spring-2026,yc,2026-10-01
withsherpa.ai,spring-2026,yc,2026-10-01
antinuous.com,spring-2026,yc,2026-10-01
instaagent.com,spring-2026,yc,2026-10-01
rentahuman.ai,spring-2026,yc,2026-10-01
useandco.com,spring-2026,yc,2026-10-01
argalabs.com,spring-2026,yc,2026-10-01
dreach.ai,spring-2026,yc,2026-10-01
synphony.co,spring-2026,yc,2026-10-01
callab.ai,spring-2026,yc,2026-10-01
pairio.com,spring-2026,yc,2026-10-01
taigabilling.com,spring-2026,yc,2026-10-01
stablebrowse.ai,spring-2026,yc,2026-10-01
kimpton.ai,spring-2026,yc,2026-10-01
laminalabs.ai,spring-2026,yc,2026-10-01
bentolabs.ai,spring-2026,yc,2026-10-01
lab0.ai,spring-2026,yc,2026-10-01
wondertx.ai,summer-2026,yc,2026-10-01
gojiberry.ai,spring-2026,yc,2026-10-01
napkinmath.club,spring-2026,yc,2026-10-01
ontora.com,spring-2026,yc,2026-10-01
voquill.com,spring-2026,yc,2026-10-01
keyframelabs.com,spring-2026,yc,2026-10-01
heysavant.com,spring-2026,yc,2026-10-01
adialante.com,spring-2026,yc,2026-10-01
lumius-imaging.com,spring-2026,yc,2026-10-01
prototyping.io,spring-2026 acquired,yc,2026-10-01
textsidekick.com,summer-2026,yc,2026-10-01
result.dev,spring-2026,yc,2026-10-01
useparrot.com,spring-2026,yc,2026-10-01
mount.insure,spring-2026,yc,2026-10-01
infera.bio,spring-2026,yc,2026-10-01
aicepower.com,spring-2026,yc,2026-10-01
complir.io,spring-2026,yc,2026-10-01
tryalchemize.com,spring-2026,yc,2026-10-01
runharbor.com,spring-2026,yc,2026-10-01
useallowance.com,spring-2026,yc,2026-10-01
smolmachines.com,spring-2026,yc,2026-10-01
rivermarkets.com,spring-2026,yc,2026-10-01
masterpiecelabs.xyz,spring-2026,yc,2026-10-01
degla.ai,fall-2026,yc,2026-10-01
minicor.com,spring-2026,yc,2026-10-01
e1o.com,spring-2026,yc,2026-10-01
tday.com,spring-2026,yc,2026-10-01
general-instinct.com,spring-2026,yc,2026-10-01
valctrl.com,spring-2026,yc,2026-10-01
reasonmachines.com,spring-2026,yc,2026-10-01
zibralabs.ai,spring-2026,yc,2026-10-01
plan0.ai,spring-2026,yc,2026-10-01
usecollarai.com,fall-2026,yc,2026-10-01
armature.tech,spring-2026,yc,2026-10-01
soriaanalytics.com,spring-2026,yc,2026-10-01
aseonlabs.com,spring-2026,yc,2026-10-01
walter.one,spring-2026,yc,2026-10-01
chronicle-labs.com,spring-2026,yc,2026-10-01
tasklet.ai,spring-2026,yc,2026-10-01
watolabs.com,spring-2026,yc,2026-10-01
kuli.one,spring-2026,yc,2026-10-01
tryardent.com,spring-2026,yc,2026-10-01
getbiostack.com,spring-2026,yc,2026-10-01
silmaril.dev,spring-2026,yc,2026-10-01
pops.fyi,spring-2026,yc,2026-10-01
saudara.ai,spring-2026,yc,2026-10-01
memory.store,spring-2026,yc,2026-10-01
abinitio-bio.com,spring-2026,yc,2026-10-01
anoria.com,spring-2026,yc,2026-10-01
ornadyne.com,spring-2026,yc,2026-10-01
aquashieldai.com,spring-2026,yc,2026-10-01
foaster.ai,spring-2026,yc,2026-10-01
edenrobotics.ai,spring-2026,yc,2026-10-01
nxtcure.com,fall-2026,yc,2026-10-01
tester.army,spring-2026,yc,2026-10-01
plena.health,spring-2026,yc,2026-10-01
raspire.com,spring-2026,yc,2026-10-01
mentlio.com,summer-2026,yc,2026-10-01
hessian.sh,spring-2026,yc,2026-10-01
amboras.com,spring-2026,yc,2026-10-01
asterlab.ai,spring-2026,yc,2026-10-01
prose.md,spring-2026,yc,2026-10-01
generalaviation.com,spring-2026,yc,2026-10-01
apolloatomics.com,spring-2026,yc,2026-10-01
openworklabs.com,spring-2026,yc,2026-10-01
tolmo.com,spring-2026,yc,2026-10-01
projectx.cloud,spring-2026,yc,2026-10-01
useauxos.com,spring-2026,yc,2026-10-01
arzana.com,spring-2026,yc,2026-10-01
pentagon.run,spring-2026,yc,2026-10-01
characterquilt.com,spring-2026,yc,2026-10-01
expanse.sh,spring-2026,yc,2026-10-01
youart.ai,spring-2026,yc,2026-10-01
runtm.com,spring-2026,yc,2026-10-01
trykinect.ai,spring-2026,yc,2026-10-01
gravy.finance,spring-2026,yc,2026-10-01
agentphone.ai,spring-2026,yc,2026-10-01
ardentech.ai,spring-2026,yc,2026-10-01
myunowallet.com,spring-2026,yc,2026-10-01
revnu.com,spring-2026,yc,2026-10-01
asendia.ai,spring-2026,yc,2026-10-01
mochatrade.com,spring-2026,yc,2026-10-01
avearobotics.com,spring-2026,yc,2026-10-01
manicule.com,spring-2026,yc,2026-10-01
atlasdiscovery.bio,summer-2026,yc,2026-10-01
latticehealthai.com,spring-2026,yc,2026-10-01
tryastraea.com,spring-2026,yc,2026-10-01
arlo1.com,spring-2026,yc,2026-10-01
pumpgtm.com,spring-2026,yc,2026-10-01
tridentsecurity.io,summer-2026,yc,2026-10-01
flowscope.com,spring-2026,yc,2026-10-01
klaimee.ai,spring-2026,yc,2026-10-01
kugelaudio.com,spring-2026,yc,2026-10-01
centralcoms.com,spring-2026,yc,2026-10-01
withpanacea.com,spring-2026,yc,2026-10-01
getmodern.ai,spring-2026,yc,2026-10-01
reasonblocks.com,spring-2026,yc,2026-10-01
insforge.dev,spring-2026,yc,2026-10-01
heyhyper.ai,spring-2026,yc,2026-10-01
enjamb.ai,spring-2026,yc,2026-10-01
arctic.health,spring-2026,yc,2026-10-01
framewisehealth.com,spring-2026,yc,2026-10-01
clawvisor.com,spring-2026,yc,2026-10-01
rekursiv.ai,summer-2026,yc,2026-10-01
agentmuxer.com,summer-2026,yc,2026-10-01
intelligence-factory.com,spring-2026,yc,2026-10-01
maquoketa.net,spring-2026,yc,2026-10-01
cohesionplatform.com,spring-2026,yc,2026-10-01
madebythomas.ai,spring-2026,yc,2026-10-01
huscarl.io,spring-2026,yc,2026-10-01
propriorobotics.com,summer-2026,yc,2026-10-01
maxxwell.dev,summer-2026,yc,2026-10-01
gbrain.io,spring-2026,yc,2026-10-01
heyclicky.com,spring-2026,yc,2026-10-01
akkari.io,spring-2026,yc,2026-10-01
edgerun.com,summer-2026,yc,2026-10-01
conus-med.com,fall-2026,yc,2026-10-01
runinfra.ai,fall-2026,yc,2026-10-01
git.cafe,summer-2026,yc,2026-10-01
hickory.co,fall-2026,yc,2026-10-01
kebra.com,summer-2026,yc,2026-10-01
usetorus.com,summer-2026,yc,2026-10-01
tash.cards,summer-2026,yc,2026-10-01
pango.ai,summer-2026,yc,2026-10-01
roma.app,fall-2026,yc,2026-10-01
hoplite.sh,summer-2026,yc,2026-10-01
moonshot.computer,summer-2026,yc,2026-10-01
donkey.trade,summer-2026,yc,2026-10-01
manufacturingintelligence.org,summer-2026,yc,2026-10-01
erinys.ai,summer-2026,yc,2026-10-01
perceptronml.com,summer-2026,yc,2026-10-01
massmagnetics.com,summer-2026,yc,2026-10-01
ego.ist,summer-2026,yc,2026-10-01
olamlabs.ai,summer-2026,yc,2026-10-01
shieldedglobal.com,summer-2026,yc,2026-10-01
belvedir.ai,summer-2026,yc,2026-10-01
parasma.com,summer-2026,yc,2026-10-01
trope.ai,summer-2026,yc,2026-10-01
palisade.run,summer-2026,yc,2026-10-01
karalabs.ai,summer-2026,yc,2026-10-01
nebusec.ai,summer-2026,yc,2026-10-01
zommalabs.com,summer-2026,yc,2026-10-01
rex.inc,summer-2026,yc,2026-10-01
enact.company,summer-2026,yc,2026-10-01
maingen.com,summer-2026,yc,2026-10-01
musicarena.io,summer-2026,yc,2026-10-01
bernardhq.com,summer-2026,yc,2026-10-01
trystudio.ai,summer-2026,yc,2026-10-01
prized.dev,summer-2026,yc,2026-10-01
tryrote.com,winter-2027,yc,2026-10-01
orchestra.ai,summer-2026,yc,2026-10-01
synapsesemi.org,summer-2026,yc,2026-10-01
speko.ai,summer-2026,yc,2026-10-01
gutgutgoose.com,summer-2026,yc,2026-10-01
lemonlime.com,summer-2026,yc,2026-10-01
jcode.sh,summer-2026,yc,2026-10-01
insurf.io,summer-2026,yc,2026-10-01
impact-drones.com,summer-2026,yc,2026-10-01
verdantapp.com,summer-2026,yc,2026-10-01
instaplay.ai,summer-2026,yc,2026-10-01
lyon.so,fall-2026,yc,2026-10-01
rise-reforming.com,summer-2026,yc,2026-10-01
floracene.com,summer-2026,yc,2026-10-01
guildai.co,summer-2026,yc,2026-10-01
realpact.ai,summer-2026,yc,2026-10-01
riften.ai,summer-2026,yc,2026-10-01
bizmark.ai,summer-2026,yc,2026-10-01
mosaic.inc,summer-2026,yc,2026-10-01
dialoguslabs.com,summer-2026,yc,2026-10-01
alloovium.com,summer-2026,yc,2026-10-01
mochi.tv,summer-2026,yc,2026-10-01
deepreach.ai,summer-2026,yc,2026-10-01
getcoach.com,summer-2026,yc,2026-10-01
grocalo.com,summer-2026,yc,2026-10-01
audun.co,summer-2026,yc,2026-10-01
joinmarble.ai,summer-2026,yc,2026-10-01
stoaexchange.com,summer-2026,yc,2026-10-01
tryglen.com,summer-2026,yc,2026-10-01
context.dev,summer-2026,yc,2026-10-01
codag.ai,summer-2026,yc,2026-10-01
exosat.com,summer-2026,yc,2026-10-01
touchmark.ai,summer-2026,yc,2026-10-01
prodigy.markets,summer-2026,yc,2026-10-01
zaplar.com,summer-2026,yc,2026-10-01
spectreintelligence.ai,summer-2026,yc,2026-10-01
screenpipe.com,summer-2026,yc,2026-10-01
manifoldindustries.ai,summer-2026,yc,2026-10-01
rasyn.ai,summer-2026,yc,2026-10-01
alkera.ai,summer-2026,yc,2026-10-01
usedefinite.com,fall-2026,yc,2026-10-01
callbook.ai,summer-2026,yc,2026-10-01
tarifflo.com,summer-2026,yc,2026-10-01
veltha.ai,fall-2026,yc,2026-10-01
traceforce.ai,summer-2026,yc,2026-10-01
edotenv.com,summer-2026,yc,2026-10-01
standardmachines.com,summer-2026,yc,2026-10-01
agencytool.com,summer-2026,yc,2026-10-01
cerenovus.ai,summer-2026,yc,2026-10-01
molagri.com,summer-2026,yc,2026-10-01
peer-freight.com,summer-2026,yc,2026-10-01
elitehq.ai,summer-2026,yc,2026-10-01
flowmanual.com,summer-2026,yc,2026-10-01
talentpluto.com,summer-2026,yc,2026-10-01
machine0.io,summer-2026,yc,2026-10-01
bloomylearning.com,summer-2026,yc,2026-10-01
6thsense.dev,summer-2026,yc,2026-10-01
norirobotics.com,summer-2026,yc,2026-10-01
ooakdata.com,summer-2026,yc,2026-10-01
graphify.com,summer-2026,yc,2026-10-01
aerogensystems.com,summer-2026,yc,2026-10-01
hilstart.io,summer-2026,yc,2026-10-01
greypointindustries.com,summer-2026,yc,2026-10-01
tarebio.com,summer-2026,yc,2026-10-01
usealmanac.com,summer-2026,yc,2026-10-01
whitespacehq.ai,summer-2026,yc,2026-10-01
useclick.ai,summer-2026,yc,2026-10-01
akonlabs.com,summer-2026,yc,2026-10-01
vendo.run,summer-2026,yc,2026-10-01
aktoria.com,summer-2026,yc,2026-10-01
rational.to,summer-2026,yc,2026-10-01
omanta.com,summer-2026,yc,2026-10-01
fabraix.com,summer-2026,yc,2026-10-01
getqlo.com,summer-2026,yc,2026-10-01
heytenor.com,summer-2026,yc,2026-10-01
daqstra.com,summer-2026,yc,2026-10-01
risklytics.ai,summer-2026,yc,2026-10-01
latolabs.io,summer-2026,yc,2026-10-01
neuromorphic.vision,summer-2026,yc,2026-10-01
neuronindustries.com,summer-2026,yc,2026-10-01
pokerclubhub.com,summer-2026,yc,2026-10-01
arbital.xyz,summer-2026,yc,2026-10-01
ultrasonium.com,summer-2026,yc,2026-10-01
vestris.ai,summer-2026,yc,2026-10-01
movingatoms.ai,summer-2026,yc,2026-10-01
ekholabs.com,summer-2026,yc,2026-10-01
isengardindustries.com,summer-2026,yc,2026-10-01
denta.com,summer-2026,yc,2026-10-01
getcomputable.com,summer-2026,yc,2026-10-01
trynearby.com,summer-2026,yc,2026-10-01
financialdatasets.ai,summer-2026,yc,2026-10-01
lucaiq.com,summer-2026,yc,2026-10-01
pacific.space,summer-2026,yc,2026-10-01
lastaccountingcompany.com,summer-2026,yc,2026-10-01
executor.sh,summer-2026,yc,2026-10-01
waybill.to,summer-2026,yc,2026-10-01
ronanrx.com,summer-2026,yc,2026-10-01
marengox.com,summer-2026,yc,2026-10-01
lumeria.skin,summer-2026,yc,2026-10-01
thefamiliarlab.com,summer-2026,yc,2026-10-01
markovstudios.com,summer-2026,yc,2026-10-01
cosmicrobotics.com,summer-2026,yc,2026-10-01
inkbox.ai,summer-2026,yc,2026-10-01
gamgee.io,summer-2026,yc,2026-10-01
provenmetal.com,summer-2026,yc,2026-10-01
agentcard.sh,summer-2026,yc,2026-10-01
agnost.ai,summer-2026,yc,2026-10-01
radley.health,summer-2026,yc,2026-10-01
caregp.com.au,summer-2026,yc,2026-10-01
praxisrobotics.io,summer-2026,yc,2026-10-01
levocred.com,summer-2026,yc,2026-10-01
axelrodlabs.com,summer-2026,yc,2026-10-01
trycarsignal.com,summer-2026,yc,2026-10-01
decawork.ai,summer-2026,yc,2026-10-01
getpennant.ai,summer-2026,yc,2026-10-01
usederya.com,summer-2026,yc,2026-10-01
touchyapp.com,summer-2026,yc,2026-10-01
mireye.com,summer-2026,yc,2026-10-01
shiraz.ai,summer-2026,yc,2026-10-01
lamb-labs.com,summer-2026,yc,2026-10-01
chromie.dev,summer-2026,yc,2026-10-01
83sciences.ai,summer-2026,yc,2026-10-01
palisade-ai.com,summer-2026,yc,2026-10-01
hubble.ai,summer-2026,yc,2026-10-01
skymerse.com,summer-2026,yc,2026-10-01
griprobotics.ai,summer-2026,yc,2026-10-01
hyperprobe.co,summer-2026,yc,2026-10-01
toven.ai,summer-2026,yc,2026-10-01
verdictmachine.com,summer-2026,yc,2026-10-01
trydock.ai,summer-2026,yc,2026-10-01
openrelay.inc,summer-2026,yc,2026-10-01
isoquant.ai,fall-2026,yc,2026-10-01
hopaero.com,summer-2026,yc,2026-10-01
princeps.dev,summer-2026,yc,2026-10-01
hebbianrobotics.com,summer-2026,yc,2026-10-01
earendil.io,summer-2026,yc,2026-10-01
florin.inc,summer-2026,yc,2026-10-01
locke.inc,summer-2026,yc,2026-10-01
petrarch.co,summer-2026,yc,2026-10-01
spaceflow.tech,summer-2026,yc,2026-10-01
ethos-space.com,summer-2026,yc,2026-10-01
subvysion.com,summer-2026,yc,2026-10-01
avocasystems.com,summer-2026,yc,2026-10-01
tracerml.ai,summer-2026,yc,2026-10-01
wondering.app,summer-2026,yc,2026-10-01
vernius.systems,summer-2026,yc,2026-10-01
onecli.sh,summer-2026,yc,2026-10-01
nex.ai,summer-2026,yc,2026-10-01
dawnxr.com,summer-2026,yc,2026-10-01
cuebench.dev,summer-2026,yc,2026-10-01
hiloop.ai,summer-2026,yc,2026-10-01
robocurve.org,summer-2026,yc,2026-10-01
salemroboticsinc.com,summer-2026,yc,2026-10-01
allia.health,summer-2026,yc,2026-10-01
osseus.ai,summer-2026,yc,2026-10-01
hardwareintelligence.ai,summer-2026,yc,2026-10-01
thebillow.ai,summer-2026,yc,2026-10-01
atomarine.co,summer-2026,yc,2026-10-01
magmahq.ai,summer-2026,yc,2026-10-01
grep.ai,fall-2026,yc,2026-10-01
caution.co,summer-2026,yc,2026-10-01
ufo.ai,fall-2026,yc,2026-10-01
coarena.ai,summer-2026,yc,2026-10-01
neomatter.com,fall-2026,yc,2026-10-01
edviroenergy.com,summer-2026,yc,2026-10-01
experientiallabs.ai,summer-2026,yc,2026-10-01
simantic.com,fall-2026,yc,2026-10-01
conifer.build,summer-2026,yc,2026-10-01
tryopentag.com,summer-2026,yc,2026-10-01
lambdarobotics.ai,fall-2026,yc,2026-10-01
hue.run,fall-2026,yc,2026-10-01
herdr.dev,fall-2026,yc,2026-10-01
sentient-os.ai,fall-2026,yc,2026-10-01
simulithic.com,fall-2026,yc,2026-10-01
veeza.ai,fall-2026,yc,2026-10-01
qokedas.com,fall-2026,yc,2026-10-01
kailashlabs.com,fall-2026,yc,2026-10-01
agent37.com,fall-2026,yc,2026-10-01
faradaycompute.com,fall-2026,yc,2026-10-01
viraj-aero.com,fall-2026,yc,2026-10-01
boat.dev,fall-2026,yc,2026-10-01
appliedkinetics.ai,fall-2026,yc,2026-10-01
inflection-space.com,fall-2026,yc,2026-10-01
capveon.ai,fall-2026,yc,2026-10-01
aviern.com,fall-2026,yc,2026-10-01
useforward.co,fall-2026,yc,2026-10-01
rhem.ai,fall-2026,yc,2026-10-01
talos-us.com,fall-2026,yc,2026-10-01
lantern.md,fall-2026,yc,2026-10-01
micora.com,fall-2026,yc,2026-10-01
nodus-compute.ai,fall-2026,yc,2026-10-01
runmirrors.com,fall-2026,yc,2026-10-01
onepatch.dev,fall-2026,yc,2026-10-01
asakana.co,fall-2026,yc,2026-10-01
bryel.ai,fall-2026,yc,2026-10-01
meetriver.com,fall-2026,yc,2026-10-01
withhopper.com,fall-2026,yc,2026-10-01
truemile.ai,fall-2026,yc,2026-10-01
byteask.ai,fall-2026,yc,2026-10-01
antropi.world,fall-2026,yc,2026-10-01
elimentary.com,fall-2026,yc,2026-10-01
agentrelay.com,fall-2026,yc,2026-10-01
invertix.ai,fall-2026,yc,2026-10-01
pendulumrobotics.com,fall-2026,yc,2026-10-01
dydema.com,fall-2026,yc,2026-10-01
workers.io,fall-2026,yc,2026-10-01
oasive.ai,fall-2026,yc,2026-10-01
shepherdrobotics.ai,fall-2026,yc,2026-10-01
deployrobotics.co,fall-2026,yc,2026-10-01
streamlinesystems.ltd,fall-2026,yc,2026-10-01
oroagents.com,fall-2026,yc,2026-10-01
hemlock.inc,fall-2026,yc,2026-10-01
twentyfour26.com,fall-2026,yc,2026-10-01
orcaaerospace.com,fall-2026,yc,2026-10-01
superradiant.co,fall-2026,yc,2026-10-01
vorelios.com,fall-2026,yc,2026-10-01
dreamscalelabs.com,fall-2026,yc,2026-10-01
halmoslabs.com,fall-2026,yc,2026-10-01
ignitionbenefits.com,fall-2026,yc,2026-10-01
covera-agents.com,fall-2026,yc,2026-10-01
gethesperai.com,fall-2026,yc,2026-10-01
openseo.so,fall-2026,yc,2026-10-01
vexoai.com,fall-2026,yc,2026-10-01
archangelhealth.ai,fall-2026,yc,2026-10-01
shireintelligence.com,fall-2026,yc,2026-10-01
antimattr.one,fall-2026,yc,2026-10-01
usevyra.com,fall-2026,yc,2026-10-01
operatechnologies.com,fall-2026,yc,2026-10-01
papaya.fyi,fall-2026,yc,2026-10-01
sinter.systems,fall-2026,yc,2026-10-01
perit.ai,fall-2026,yc,2026-10-01
asim-group.com,fall-2026,yc,2026-10-01
sona8.com,fall-2026,yc,2026-10-01
memorable.sh,summer-2027,yc,2026-10-01
quippyapp.com,fall-2026,yc,2026-10-01
tilion.com,fall-2026,yc,2026-10-01
tryclean.ai,fall-2026,yc,2026-10-01
volaren.ai,fall-2026,yc,2026-10-01
joinspine.ai,fall-2026,yc,2026-10-01
useterse.ai,fall-2026,yc,2026-10-01
subvocal.company,fall-2026,yc,2026-10-01
usefr.com,fall-2026,yc,2026-10-01
decent.com,fall-2026,yc,2026-10-01
ascenix.co,fall-2026,yc,2026-10-01
graypass.org,fall-2026,yc,2026-10-01
cyclon.ai,fall-2026,yc,2026-10-01
ageospatial.com,fall-2026,yc,2026-10-01
buildhabu.com,fall-2026,yc,2026-10-01
theagenticdatacompany.com,fall-2026,yc,2026-10-01
redoubt.agency,fall-2026,yc,2026-10-01
larkagents.com,fall-2026,yc,2026-10-01
hundred.systems,fall-2026,yc,2026-10-01
openhack.com,fall-2026,yc,2026-10-01
sintropix.com,fall-2026,yc,2026-10-01
maritime.sh,fall-2026,yc,2026-10-01
deepmark.me,fall-2026,yc,2026-10-01
boxes.dev,fall-2026,yc,2026-10-01
bytedance.com,unicorn,unicorn,2026-10-01
binance.com,unicorn,unicorn,2026-10-01
revolut.com,unicorn,unicorn,2026-10-01
anduril.com,unicorn,unicorn,2026-10-01
cognition.com,unicorn,unicorn,2026-10-01
figure.ai,unicorn,unicorn,2026-10-01
ssi.inc,unicorn,unicorn,2026-10-01
vastdata.com,unicorn,unicorn,2026-10-01
telegram.org,unicorn,unicorn,2026-10-01
fanaticsinc.com,unicorn,unicorn,2026-10-01
epicgames.com,unicorn,unicorn,2026-10-01
chobani.com,unicorn,unicorn,2026-10-01
groq.com,unicorn,unicorn,2026-10-01
yuanfudao.com,unicorn,unicorn,2026-10-01
discord.com,unicorn,unicorn,2026-10-01
dji.com,unicorn,unicorn,2026-10-01
gopuff.com,unicorn,unicorn,2026-10-01
nscale.com,unicorn,unicorn,2026-10-01
xiaohongshu.com,unicorn,unicorn,2026-10-01
helsing.ai,unicorn,unicorn,2026-10-01
skild.ai,unicorn,unicorn,2026-10-01
lovable.dev,unicorn,unicorn,2026-10-01
shield.ai,unicorn,unicorn,2026-10-01
devoted.com,unicorn,unicorn,2026-10-01
labscompanies.ai,unicorn,unicorn,2026-10-01
ninjaone.com,unicorn,unicorn,2026-10-01
cyera.com,unicorn,unicorn,2026-10-01
thinkingmachines.ai,unicorn,unicorn,2026-10-01
openevidence.com,unicorn,unicorn,2026-10-01
biosplice.com,unicorn,unicorn,2026-10-01
bitmain.com,unicorn,unicorn,2026-10-01
goodleap.com,unicorn,unicorn,2026-10-01
checkout.com,unicorn,unicorn,2026-10-01
celonis.com,unicorn,unicorn,2026-10-01
bilt.com,unicorn,unicorn,2026-10-01
etched.com,unicorn,unicorn,2026-10-01
colossal.com,unicorn,unicorn,2026-10-01
alchemy.com,unicorn,unicorn,2026-10-01
guazi.com,unicorn,unicorn,2026-10-01
dcg.co,unicorn,unicorn,2026-10-01
mercor.com,unicorn,unicorn,2026-10-01
kucoin.com,unicorn,unicorn,2026-10-01
lalamove.com,unicorn,unicorn,2026-10-01
polygon.technology,unicorn,unicorn,2026-10-01
ripple.com,unicorn,unicorn,2026-10-01
talkdesk.com,unicorn,unicorn,2026-10-01
oyorooms.com,unicorn,unicorn,2026-10-01
outsystems.com,unicorn,unicorn,2026-10-01
xihaytea.com,unicorn,unicorn,2026-10-01
neuralink.com,unicorn,unicorn,2026-10-01
tanium.com,unicorn,unicorn,2026-10-01
kavak.com,unicorn,unicorn,2026-10-01
rapyd.net,unicorn,unicorn,2026-10-01
nuro.ai,unicorn,unicorn,2026-10-01
bolt.eu,unicorn,unicorn,2026-10-01
together.ai,unicorn,unicorn,2026-10-01
dream11.com,unicorn,unicorn,2026-10-01
airwallex.com,unicorn,unicorn,2026-10-01
starkware.co,unicorn,unicorn,2026-10-01
dapperlabs.com,unicorn,unicorn,2026-10-01
zipline.com,unicorn,unicorn,2026-10-01
alpha-sense.com,unicorn,unicorn,2026-10-01
olacabs.com,unicorn,unicorn,2026-10-01
psiquantum.com,unicorn,unicorn,2026-10-01
automationanywhere.com,unicorn,unicorn,2026-10-01
wedoctor.com,unicorn,unicorn,2026-10-01
yanolja.com,unicorn,unicorn,2026-10-01
ziroom.com,unicorn,unicorn,2026-10-01
mollie.com,unicorn,unicorn,2026-10-01
cred.club,unicorn,unicorn,2026-10-01
datarobot.com,unicorn,unicorn,2026-10-01
personio.de,unicorn,unicorn,2026-10-01
doctolib.fr,unicorn,unicorn,2026-10-01
icapital.com,unicorn,unicorn,2026-10-01
xsyxsc.com,unicorn,unicorn,2026-10-01
sandboxaq.com,unicorn,unicorn,2026-10-01
backmarket.com,unicorn,unicorn,2026-10-01
boringcompany.com,unicorn,unicorn,2026-10-01
relexsolutions.com,unicorn,unicorn,2026-10-01
contentsquare.com,unicorn,unicorn,2026-10-01
phonepe.com,unicorn,unicorn,2026-10-01
toss.im,unicorn,unicorn,2026-10-01
higgsfield.ai,unicorn,unicorn,2026-10-01
traderepublic.com,unicorn,unicorn,2026-10-01
rappi.com.mx,unicorn,unicorn,2026-10-01
blockchain.com,unicorn,unicorn,2026-10-01
onetrust.com,unicorn,unicorn,2026-10-01
sambanova.ai,unicorn,unicorn,2026-10-01
collibra.com,unicorn,unicorn,2026-10-01
cloudkitchens.com,unicorn,unicorn,2026-10-01
hopper.com,unicorn,unicorn,2026-10-01
ofbusiness.com,unicorn,unicorn,2026-10-01
qonto.com,unicorn,unicorn,2026-10-01
ro.co,unicorn,unicorn,2026-10-01
wonderful.ai,unicorn,unicorn,2026-10-01
zepz.io,unicorn,unicorn,2026-10-01
animocabrands.com,unicorn,unicorn,2026-10-01
octopusenergy.group,unicorn,unicorn,2026-10-01
pleo.io,unicorn,unicorn,2026-10-01
dataiku.com,unicorn,unicorn,2026-10-01
getblock.io,unicorn,unicorn,2026-10-01
sorare.com,unicorn,unicorn,2026-10-01
magicleap.com,unicorn,unicorn,2026-10-01
socure.com,unicorn,unicorn,2026-10-01
quince.com,unicorn,unicorn,2026-10-01
arcticwolf.com,unicorn,unicorn,2026-10-01
chainalysis.com,unicorn,unicorn,2026-10-01
bitpanda.com,unicorn,unicorn,2026-10-01
dataminr.com,unicorn,unicorn,2026-10-01
abnormal.ai,unicorn,unicorn,2026-10-01
branch.io,unicorn,unicorn,2026-10-01
browserstack.com,unicorn,unicorn,2026-10-01
clubhouse.com,unicorn,unicorn,2026-10-01
houzz.com,unicorn,unicorn,2026-10-01
megvii.com,unicorn,unicorn,2026-10-01
patreon.com,unicorn,unicorn,2026-10-01
pointclickcare.com,unicorn,unicorn,2026-10-01
quintoandar.com.br,unicorn,unicorn,2026-10-01
articulate.com,unicorn,unicorn,2026-10-01
cohesity.com,unicorn,unicorn,2026-10-01
noom.com,unicorn,unicorn,2026-10-01
papayaglobal.com,unicorn,unicorn,2026-10-01
sharechat.com,unicorn,unicorn,2026-10-01
01zhuanche.com,unicorn,unicorn,2026-10-01
coalitioninc.com,unicorn,unicorn,2026-10-01
commure.com,unicorn,unicorn,2026-10-01
mirakl.com,unicorn,unicorn,2026-10-01
n26.com,unicorn,unicorn,2026-10-01
preferred.jp,unicorn,unicorn,2026-10-01
cars24.com,unicorn,unicorn,2026-10-01
kurly.com,unicorn,unicorn,2026-10-01
moonpay.com,unicorn,unicorn,2026-10-01
upstox.com,unicorn,unicorn,2026-10-01
plus.ai,unicorn,unicorn,2026-10-01
starburst.io,unicorn,unicorn,2026-10-01
thumbtack.com,unicorn,unicorn,2026-10-01
applyboard.com,unicorn,unicorn,2026-10-01
blockstream.com,unicorn,unicorn,2026-10-01
consensys.io,unicorn,unicorn,2026-10-01
verkada.com,unicorn,unicorn,2026-10-01
eruditus.com,unicorn,unicorn,2026-10-01
spoton.com,unicorn,unicorn,2026-10-01
tiendanube.com,unicorn,unicorn,2026-10-01
udaan.com,unicorn,unicorn,2026-10-01
wildlifestudios.com,unicorn,unicorn,2026-10-01
cmrsurgical.com,unicorn,unicorn,2026-10-01
traveloka.com,unicorn,unicorn,2026-10-01
activecampaign.com,unicorn,unicorn,2026-10-01
ageoflearning.com,unicorn,unicorn,2026-10-01
automattic.com,unicorn,unicorn,2026-10-01
contentful.com,unicorn,unicorn,2026-10-01
forter.com,unicorn,unicorn,2026-10-01
lucid.co,unicorn,unicorn,2026-10-01
seismic.com,unicorn,unicorn,2026-10-01
skymavis.com,unicorn,unicorn,2026-10-01
dasouche.com,unicorn,unicorn,2026-10-01
tradingview.com,unicorn,unicorn,2026-10-01
aiven.io,unicorn,unicorn,2026-10-01
vancl.com,unicorn,unicorn,2026-10-01
veepee.fr,unicorn,unicorn,2026-10-01
vipkid.com,unicorn,unicorn,2026-10-01
wefox.com,unicorn,unicorn,2026-10-01
rigup.com,unicorn,unicorn,2026-10-01
drivewealth.com,unicorn,unicorn,2026-10-01
bharatpe.com,unicorn,unicorn,2026-10-01
icertis.com,unicorn,unicorn,2026-10-01
oaknorth.co.uk,unicorn,unicorn,2026-10-01
abridge.com,unicorn,unicorn,2026-10-01
illumio.com,unicorn,unicorn,2026-10-01
masterclass.com,unicorn,unicorn,2026-10-01
dreamgames.com,unicorn,unicorn,2026-10-01
daangn.com,unicorn,unicorn,2026-10-01
tridge.com,unicorn,unicorn,2026-10-01
nextiva.com,unicorn,unicorn,2026-10-01
tradeshift.com,unicorn,unicorn,2026-10-01
odoo.com,unicorn,unicorn,2026-10-01
amwins.com,unicorn,unicorn,2026-10-01
manomano.fr,unicorn,unicorn,2026-10-01
pendo.io,unicorn,unicorn,2026-10-01
jumpcloud.com,unicorn,unicorn,2026-10-01
catonetworks.com,unicorn,unicorn,2026-10-01
easya.io,unicorn,unicorn,2026-10-01
infra.market,unicorn,unicorn,2026-10-01
drivenets.com,unicorn,unicorn,2026-10-01
mews.com,unicorn,unicorn,2026-10-01
monzo.com,unicorn,unicorn,2026-10-01
suno.com,unicorn,unicorn,2026-10-01
uala.com.ar,unicorn,unicorn,2026-10-01
honeybook.com,unicorn,unicorn,2026-10-01
bitsight.com,unicorn,unicorn,2026-10-01
exabeam.com,unicorn,unicorn,2026-10-01
paxos.com,unicorn,unicorn,2026-10-01
mozido.com,unicorn,unicorn,2026-10-01
headway.co,unicorn,unicorn,2026-10-01
mpl.live,unicorn,unicorn,2026-10-01
uzum.com,unicorn,unicorn,2026-10-01
uptake.com,unicorn,unicorn,2026-10-01
gomotive.com,unicorn,unicorn,2026-10-01
acorns.com,unicorn,unicorn,2026-10-01
bitso.com,unicorn,unicorn,2026-10-01
wellhub.com,unicorn,unicorn,2026-10-01
transmitsecurity.com,unicorn,unicorn,2026-10-01
addepar.com,unicorn,unicorn,2026-10-01
eightfold.ai,unicorn,unicorn,2026-10-01
payfit.com,unicorn,unicorn,2026-10-01
6sense.com,unicorn,unicorn,2026-10-01
c6bank.com.br,unicorn,unicorn,2026-10-01
mambu.com,unicorn,unicorn,2026-10-01
bkash.com,unicorn,unicorn,2026-10-01
manypets.com,unicorn,unicorn,2026-10-01
flixbus.com,unicorn,unicorn,2026-10-01
tipalti.com,unicorn,unicorn,2026-10-01
thehive.ai,unicorn,unicorn,2026-10-01
mural.co,unicorn,unicorn,2026-10-01
appsflyer.com,unicorn,unicorn,2026-10-01
blablacar.com,unicorn,unicorn,2026-10-01
calm.com,unicorn,unicorn,2026-10-01
clip.mx,unicorn,unicorn,2026-10-01
druva.com,unicorn,unicorn,2026-10-01
exotec.com,unicorn,unicorn,2026-10-01
formlabs.com,unicorn,unicorn,2026-10-01
huimin.cn,unicorn,unicorn,2026-10-01
kry.se,unicorn,unicorn,2026-10-01
meicai.cn,unicorn,unicorn,2026-10-01
mynt.xyz,unicorn,unicorn,2026-10-01
opayweb.com,unicorn,unicorn,2026-10-01
pixverse.ai,unicorn,unicorn,2026-10-01
simile.com,unicorn,unicorn,2026-10-01
sword.com,unicorn,unicorn,2026-10-01
trendy-global.com,unicorn,unicorn,2026-10-01
unqork.com,unicorn,unicorn,2026-10-01
zerodha.com,unicorn,unicorn,2026-10-01
instabase.com,unicorn,unicorn,2026-10-01
zilch.com,unicorn,unicorn,2026-10-01
akulaku.com,unicorn,unicorn,2026-10-01
ankorstore.com,unicorn,unicorn,2026-10-01
avant.com,unicorn,unicorn,2026-10-01
thoughtspot.com,unicorn,unicorn,2026-10-01
sanpowergroup.com,unicorn,unicorn,2026-10-01
zigbang.com,unicorn,unicorn,2026-10-01
bunq.com,unicorn,unicorn,2026-10-01
coinswitch.co,unicorn,unicorn,2026-10-01
dfinity.org,unicorn,unicorn,2026-10-01
prosper.com,unicorn,unicorn,2026-10-01
musinsa.com,unicorn,unicorn,2026-10-01
apusapps.com,unicorn,unicorn,2026-10-01
megazone.com,unicorn,unicorn,2026-10-01
landanano.com,unicorn,unicorn,2026-10-01
lightricks.com,unicorn,unicorn,2026-10-01
nantomics.com,unicorn,unicorn,2026-10-01
orca.security,unicorn,unicorn,2026-10-01
quora.com,unicorn,unicorn,2026-10-01
radiantnuclear.com,unicorn,unicorn,2026-10-01
zocdoc.com,unicorn,unicorn,2026-10-01
creditas.com,unicorn,unicorn,2026-10-01
spinny.com,unicorn,unicorn,2026-10-01
trulioo.com,unicorn,unicorn,2026-10-01
productboard.com,unicorn,unicorn,2026-10-01
advasa.co.jp,unicorn,unicorn,2026-10-01
carsome.my,unicorn,unicorn,2026-10-01
dragos.com,unicorn,unicorn,2026-10-01
dutchie.com,unicorn,unicorn,2026-10-01
pax.com,unicorn,unicorn,2026-10-01
vestiairecollective.com,unicorn,unicorn,2026-10-01
voodoo.io,unicorn,unicorn,2026-10-01
workato.com,unicorn,unicorn,2026-10-01
alan.com,unicorn,unicorn,2026-10-01
incrediblehealth.com,unicorn,unicorn,2026-10-01
hibob.com,unicorn,unicorn,2026-10-01
solarisgroup.com,unicorn,unicorn,2026-10-01
wayflyer.com,unicorn,unicorn,2026-10-01
ai-ways.com,unicorn,unicorn,2026-10-01
cresta.com,unicorn,unicorn,2026-10-01
clio.com,unicorn,unicorn,2026-10-01
cognite.com,unicorn,unicorn,2026-10-01
homelight.com,unicorn,unicorn,2026-10-01
nordsecurity.com,unicorn,unicorn,2026-10-01
mitti.com,unicorn,unicorn,2026-10-01
smarthr.co.jp,unicorn,unicorn,2026-10-01
uniteus.com,unicorn,unicorn,2026-10-01
cult.fit,unicorn,unicorn,2026-10-01
kreditbee.in,unicorn,unicorn,2026-10-01
andela.com,unicorn,unicorn,2026-10-01
devo.com,unicorn,unicorn,2026-10-01
granola.ai,unicorn,unicorn,2026-10-01
id.me,unicorn,unicorn,2026-10-01
ledger.com,unicorn,unicorn,2026-10-01
matillion.com,unicorn,unicorn,2026-10-01
moloco.com,unicorn,unicorn,2026-10-01
molbiodiagnostics.com,unicorn,unicorn,2026-10-01
mu-sigma.com,unicorn,unicorn,2026-10-01
nextsilicon.com,unicorn,unicorn,2026-10-01
starlingbank.com,unicorn,unicorn,2026-10-01
tujia.com,unicorn,unicorn,2026-10-01
zbj.com,unicorn,unicorn,2026-10-01
ascendcorp.com,unicorn,unicorn,2026-10-01
hellobike.com,unicorn,unicorn,2026-10-01
weidian.com,unicorn,unicorn,2026-10-01
m1.com,unicorn,unicorn,2026-10-01
odyssey.systems,unicorn,unicorn,2026-10-01
zeta.tech,unicorn,unicorn,2026-10-01
einride.tech,unicorn,unicorn,2026-10-01
eucalyptus.health,unicorn,unicorn,2026-10-01
deliverect.com,unicorn,unicorn,2026-10-01
getonecard.app,unicorn,unicorn,2026-10-01
bucketplace.com,unicorn,unicorn,2026-10-01
cabify.com,unicorn,unicorn,2026-10-01
epidemicsound.com,unicorn,unicorn,2026-10-01
fivestargroup.in,unicorn,unicorn,2026-10-01
iadfrance.fr,unicorn,unicorn,2026-10-01
netdocuments.com,unicorn,unicorn,2026-10-01
panther.com,unicorn,unicorn,2026-10-01
pristyncare.com,unicorn,unicorn,2026-10-01
rebelfoods.com,unicorn,unicorn,2026-10-01
stash.com,unicorn,unicorn,2026-10-01
symphony.com,unicorn,unicorn,2026-10-01
maya.ph,unicorn,unicorn,2026-10-01
yotpo.com,unicorn,unicorn,2026-10-01
ridibooks.com,unicorn,unicorn,2026-10-01
zetwerk.com,unicorn,unicorn,2026-10-01
corgi.insure,unicorn,unicorn,2026-10-01
distrokid.com,unicorn,unicorn,2026-10-01
etcp.cn,unicorn,unicorn,2026-10-01
feedzai.com,unicorn,unicorn,2026-10-01
g2.com,unicorn,unicorn,2026-10-01
innovaccer.com,unicorn,unicorn,2026-10-01
konfio.mx,unicorn,unicorn,2026-10-01
yugabyte.com,unicorn,unicorn,2026-10-01
cart.com,unicorn,unicorn,2026-10-01
incode.com,unicorn,unicorn,2026-10-01
appliedintuition.com,unicorn,unicorn,2026-10-01
bigid.com,unicorn,unicorn,2026-10-01
ezcater.com,unicorn,unicorn,2026-10-01
marshmallow.com,unicorn,unicorn,2026-10-01
recroom.com,unicorn,unicorn,2026-10-01
spiber.inc,unicorn,unicorn,2026-10-01
insiderone.com,unicorn,unicorn,2026-10-01
ada.cx,unicorn,unicorn,2026-10-01
alation.com,unicorn,unicorn,2026-10-01
axonius.com,unicorn,unicorn,2026-10-01
cardekho.com,unicorn,unicorn,2026-10-01
copado.com,unicorn,unicorn,2026-10-01
droom.in,unicorn,unicorn,2026-10-01
floqast.com,unicorn,unicorn,2026-10-01
forto.com,unicorn,unicorn,2026-10-01
kyriba.com,unicorn,unicorn,2026-10-01
mindtickle.com,unicorn,unicorn,2026-10-01
rohlik.group,unicorn,unicorn,2026-10-01
upgrad.com,unicorn,unicorn,2026-10-01
workhuman.com,unicorn,unicorn,2026-10-01
sysdig.com,unicorn,unicorn,2026-10-01
deputy.com,unicorn,unicorn,2026-10-01
acko.com,unicorn,unicorn,2026-10-01
apna.co,unicorn,unicorn,2026-10-01
carousell.com,unicorn,unicorn,2026-10-01
coindcx.com,unicorn,unicorn,2026-10-01
purplle.com,unicorn,unicorn,2026-10-01
globalbees.com,unicorn,unicorn,2026-10-01
nexthink.com,unicorn,unicorn,2026-10-01
sisense.com,unicorn,unicorn,2026-10-01
drools.com,unicorn,unicorn,2026-10-01
smartnews.com,unicorn,unicorn,2026-10-01
substack.com,unicorn,unicorn,2026-10-01
traxretail.com,unicorn,unicorn,2026-10-01
virtahealth.com,unicorn,unicorn,2026-10-01
younited.com,unicorn,unicorn,2026-10-01
benevity.com,unicorn,unicorn,2026-10-01
zego.com,unicorn,unicorn,2026-10-01
substrate.com,unicorn,unicorn,2026-10-01
aikido.dev,unicorn,unicorn,2026-10-01
pentera.io,unicorn,unicorn,2026-10-01
vectorbuilder.com,unicorn,unicorn,2026-10-01
emplifi.io,unicorn,unicorn,2026-10-01
kopikenangan.com,unicorn,unicorn,2026-10-01
clara.com,unicorn,unicorn,2026-10-01
daojia.com,unicorn,unicorn,2026-10-01
acronis.com,unicorn,unicorn,2026-10-01
aircall.io,unicorn,unicorn,2026-10-01
ambergroup.io,unicorn,unicorn,2026-10-01
appdirect.com,unicorn,unicorn,2026-10-01
aquasec.com,unicorn,unicorn,2026-10-01
assent.com,unicorn,unicorn,2026-10-01
olakrutrim.com,unicorn,unicorn,2026-10-01
bluecore.com,unicorn,unicorn,2026-10-01
bringg.com,unicorn,unicorn,2026-10-01
cadence.care,unicorn,unicorn,2026-10-01
carro.co,unicorn,unicorn,2026-10-01
upbit.com,unicorn,unicorn,2026-10-01
dxy.cn,unicorn,unicorn,2026-10-01
earnix.com,unicorn,unicorn,2026-10-01
ebanx.com,unicorn,unicorn,2026-10-01
esentire.com,unicorn,unicorn,2026-10-01
flashexpress.co.th,unicorn,unicorn,2026-10-01
flexe.com,unicorn,unicorn,2026-10-01
freshbooks.com,unicorn,unicorn,2026-10-01
fxiaoke.com,unicorn,unicorn,2026-10-01
gelato.com,unicorn,unicorn,2026-10-01
geocomply.com,unicorn,unicorn,2026-10-01
getyourguide.com,unicorn,unicorn,2026-10-01
glance.com,unicorn,unicorn,2026-10-01
gousto.co.uk,unicorn,unicorn,2026-10-01
grover.com,unicorn,unicorn,2026-10-01
hailo.ai,unicorn,unicorn,2026-10-01
highradius.com,unicorn,unicorn,2026-10-01
flo.health,unicorn,unicorn,2026-10-01
icarbonx.com,unicorn,unicorn,2026-10-01
ifood.com.br,unicorn,unicorn,2026-10-01
igaworks.com,unicorn,unicorn,2026-10-01
improbable.io,unicorn,unicorn,2026-10-01
infobip.com,unicorn,unicorn,2026-10-01
injective.com,unicorn,unicorn,2026-10-01
inmobi.com,unicorn,unicorn,2026-10-01
ivalua.com,unicorn,unicorn,2026-10-01
hellosimply.com,unicorn,unicorn,2026-10-01
justsalad.com,unicorn,unicorn,2026-10-01
kendrascott.com,unicorn,unicorn,2026-10-01
kitopi.com,unicorn,unicorn,2026-10-01
klook.com,unicorn,unicorn,2026-10-01
letsgetchecked.com,unicorn,unicorn,2026-10-01
sumeria.eu,unicorn,unicorn,2026-10-01
lmax.com,unicorn,unicorn,2026-10-01
locusrobotics.com,unicorn,unicorn,2026-10-01
loft.com.br,unicorn,unicorn,2026-10-01
lunar.app,unicorn,unicorn,2026-10-01
loggi.com,unicorn,unicorn,2026-10-01
lookout.com,unicorn,unicorn,2026-10-01
madeiramadeira.com.br,unicorn,unicorn,2026-10-01
maimai.cn,unicorn,unicorn,2026-10-01
masterworks.com,unicorn,unicorn,2026-10-01
meero.com,unicorn,unicorn,2026-10-01
brndme.in,unicorn,unicorn,2026-10-01
mindmazetherapeutics.com,unicorn,unicorn,2026-10-01
sentz.com,unicorn,unicorn,2026-10-01
moglix.com,unicorn,unicorn,2026-10-01
morningconsult.com,unicorn,unicorn,2026-10-01
ninjavan.co,unicorn,unicorn,2026-10-01
nium.com,unicorn,unicorn,2026-10-01
nobroker.in,unicorn,unicorn,2026-10-01
kredivo.com,unicorn,unicorn,2026-10-01
ocsial.com,unicorn,unicorn,2026-10-01
omise.co,unicorn,unicorn,2026-10-01
orcam.com,unicorn,unicorn,2026-10-01
pantheon.io,unicorn,unicorn,2026-10-01
patsnap.com,unicorn,unicorn,2026-10-01
picsart.com,unicorn,unicorn,2026-10-01
reeftechnology.com,unicorn,unicorn,2026-10-01
quizlet.com,unicorn,unicorn,2026-10-01
sennder.com,unicorn,unicorn,2026-10-01
shift-technology.com,unicorn,unicorn,2026-10-01
goshippo.com,unicorn,unicorn,2026-10-01
slice.bank.in,unicorn,unicorn,2026-10-01
smartmore.com,unicorn,unicorn,2026-10-01
snapdeal.com,unicorn,unicorn,2026-10-01
socket.dev,unicorn,unicorn,2026-10-01
spendesk.com,unicorn,unicorn,2026-10-01
splashtop.com,unicorn,unicorn,2026-10-01
staffbase.com,unicorn,unicorn,2026-10-01
swile.co,unicorn,unicorn,2026-10-01
synthesia.io,unicorn,unicorn,2026-10-01
taxfix.de,unicorn,unicorn,2026-10-01
tekion.com,unicorn,unicorn,2026-10-01
tenstorrent.com,unicorn,unicorn,2026-10-01
tezign.com,unicorn,unicorn,2026-10-01
thatch.com,unicorn,unicorn,2026-10-01
xiaodun.com,unicorn,unicorn,2026-10-01
tractable.ai,unicorn,unicorn,2026-10-01
tresata.ai,unicorn,unicorn,2026-10-01
truelayer.com,unicorn,unicorn,2026-10-01
trustly.com,unicorn,unicorn,2026-10-01
turo.com,unicorn,unicorn,2026-10-01
vagaro.com,unicorn,unicorn,2026-10-01
verse.in,unicorn,unicorn,2026-10-01
visier.com,unicorn,unicorn,2026-10-01
volocopter.com,unicorn,unicorn,2026-10-01
voxmedia.com,unicorn,unicorn,2026-10-01
vts.com,unicorn,unicorn,2026-10-01
wacai.com,unicorn,unicorn,2026-10-01
welab.co,unicorn,unicorn,2026-10-01
womai.com,unicorn,unicorn,2026-10-01
xiaozhu.com,unicorn,unicorn,2026-10-01
yhglobal.com,unicorn,unicorn,2026-10-01
yidianzixun.com,unicorn,unicorn,2026-10-01
yitutech.com,unicorn,unicorn,2026-10-01
zenoti.com,unicorn,unicorn,2026-10-01
zhuanzhuan.com,unicorn,unicorn,2026-10-01
zuoyebang.com,unicorn,unicorn,2026-10-01
efishery.com,unicorn,unicorn,2026-10-01
wongnai.com,unicorn,unicorn,2026-10-01
reliaquest.com,unicorn,unicorn,2026-10-01
dana.id,unicorn,unicorn,2026-10-01
nagad.com.bd,unicorn,unicorn,2026-10-01
ecovadis.com,unicorn,unicorn,2026-10-01
scandit.com,unicorn,unicorn,2026-10-01
bluevoyant.com,unicorn,unicorn,2026-10-01
payhawk.com,unicorn,unicorn,2026-10-01
voi.com,unicorn,unicorn,2026-10-01
neofinancial.com,unicorn,unicorn,2026-10-01
stytch.com,unicorn,unicorn,2026-10-01
epassi.fi,unicorn,unicorn,2026-10-01
hmd.com,unicorn,unicorn,2026-10-01
iqm.tech,unicorn,unicorn,2026-10-01
hostaway.com,unicorn,unicorn,2026-10-01
mnt-halan.com,unicorn,unicorn,2026-10-01
sierra.ai,unicorn,unicorn,2026-10-01
decagon.ai,unicorn,unicorn,2026-10-01
hebbia.com,unicorn,unicorn,2026-10-01
pi.website,unicorn,unicorn,2026-10-01
worldlabs.ai,unicorn,unicorn,2026-10-01
poolside.ai,unicorn,unicorn,2026-10-01
magic.dev,unicorn,unicorn,2026-10-01
sakana.ai,unicorn,unicorn,2026-10-01
moonshot.cn,unicorn,unicorn,2026-10-01
stepfun.com,unicorn,unicorn,2026-10-01
baichuan-ai.com,unicorn,unicorn,2026-10-01
clay.com,unicorn,unicorn,2026-10-01
ambiencehealthcare.com,unicorn,unicorn,2026-10-01
hippocraticai.com,unicorn,unicorn,2026-10-01
modal.com,unicorn,unicorn,2026-10-01
baseten.co,unicorn,unicorn,2026-10-01
fireworks.ai,unicorn,unicorn,2026-10-01
lambda.ai,unicorn,unicorn,2026-10-01
crusoe.ai,unicorn,unicorn,2026-10-01
lightmatter.co,unicorn,unicorn,2026-10-01
ayarlabs.com,unicorn,unicorn,2026-10-01
d-matrix.ai,unicorn,unicorn,2026-10-01
snorkel.ai,unicorn,unicorn,2026-10-01
anyscale.com,unicorn,unicorn,2026-10-01
evenuplaw.com,unicorn,unicorn,2026-10-01
lumalabs.ai,unicorn,unicorn,2026-10-01
bfl.ai,unicorn,unicorn,2026-10-01
genspark.ai,unicorn,unicorn,2026-10-01
uniphore.com,unicorn,unicorn,2026-10-01
n8n.io,unicorn,unicorn,2026-10-01
pennylane.com,unicorn,unicorn,2026-10-01
owkin.com,unicorn,unicorn,2026-10-01
chainguard.dev,unicorn,unicorn,2026-10-01
island.io,unicorn,unicorn,2026-10-01
claroty.com,unicorn,unicorn,2026-10-01
huntress.com,unicorn,unicorn,2026-10-01
torq.io,unicorn,unicorn,2026-10-01
upwind.io,unicorn,unicorn,2026-10-01
cyberhaven.com,unicorn,unicorn,2026-10-01
withpersona.com,unicorn,unicorn,2026-10-01
material.security,unicorn,unicorn,2026-10-01
temporal.io,unicorn,unicorn,2026-10-01
dremio.com,unicorn,unicorn,2026-10-01
sigmacomputing.com,unicorn,unicorn,2026-10-01
konghq.com,unicorn,unicorn,2026-10-01
cribl.io,unicorn,unicorn,2026-10-01
demandbase.com,unicorn,unicorn,2026-10-01
attentive.com,unicorn,unicorn,2026-10-01
goat.com,unicorn,unicorn,2026-10-01
goflink.com,unicorn,unicorn,2026-10-01
getir.com,unicorn,unicorn,2026-10-01
picnic.app,unicorn,unicorn,2026-10-01
rapido.bike,unicorn,unicorn,2026-10-01
darwinbox.com,unicorn,unicorn,2026-10-01
perfios.ai,unicorn,unicorn,2026-10-01
porter.in,unicorn,unicorn,2026-10-01
jumbotail.com,unicorn,unicorn,2026-10-01
juspay.io,unicorn,unicorn,2026-10-01
games24x7.com,unicorn,unicorn,2026-10-01
pocketfm.com,unicorn,unicorn,2026-10-01
unacademy.com,unicorn,unicorn,2026-10-01
leadsquared.com,unicorn,unicorn,2026-10-01
licious.in,unicorn,unicorn,2026-10-01
shiprocket.in,unicorn,unicorn,2026-10-01
xpressbees.com,unicorn,unicorn,2026-10-01
oysterhr.com,unicorn,unicorn,2026-10-01
betterment.com,unicorn,unicorn,2026-10-01
public.com,unicorn,unicorn,2026-10-01
upgrade.com,unicorn,unicorn,2026-10-01
bolt.com,unicorn,unicorn,2026-10-01
sumup.com,unicorn,unicorn,2026-10-01
scalable.capital,unicorn,unicorn,2026-10-01
raisin.com,unicorn,unicorn,2026-10-01
pigment.com,unicorn,unicorn,2026-10-01
brevo.com,unicorn,unicorn,2026-10-01
motorway.co.uk,unicorn,unicorn,2026-10-01
zopa.com,unicorn,unicorn,2026-10-01
thoughtmachine.net,unicorn,unicorn,2026-10-01
quantexa.com,unicorn,unicorn,2026-10-01
clearscore.com,unicorn,unicorn,2026-10-01
lendable.co.uk,unicorn,unicorn,2026-10-01
multiverse.io,unicorn,unicorn,2026-10-01
wayve.ai,unicorn,unicorn,2026-10-01
physicsx.ai,unicorn,unicorn,2026-10-01
tide.co,unicorn,unicorn,2026-10-01
deepl.com,unicorn,unicorn,2026-10-01
enpal.de,unicorn,unicorn,2026-10-01
1komma5.com,unicorn,unicorn,2026-10-01
isaraerospace.com,unicorn,unicorn,2026-10-01
quantum-systems.com,unicorn,unicorn,2026-10-01
parloa.com,unicorn,unicorn,2026-10-01
choco.com,unicorn,unicorn,2026-10-01
commercetools.com,unicorn,unicorn,2026-10-01
egym.com,unicorn,unicorn,2026-10-01
billie.io,unicorn,unicorn,2026-10-01
clark.de,unicorn,unicorn,2026-10-01
agile-robots.com,unicorn,unicorn,2026-10-01
neura-robotics.com,unicorn,unicorn,2026-10-01
stegra.com,unicorn,unicorn,2026-10-01
rimac-automobili.com,unicorn,unicorn,2026-10-01
ai21.com,unicorn,unicorn,2026-10-01
coralogix.com,unicorn,unicorn,2026-10-01
fireblocks.com,unicorn,unicorn,2026-10-01
hotmart.com,unicorn,unicorn,2026-10-01
cloudwalk.io,unicorn,unicorn,2026-10-01
neon.com.br,unicorn,unicorn,2026-10-01
unico.io,unicorn,unicorn,2026-10-01
dock.tech,unicorn,unicorn,2026-10-01
plata.com.mx,unicorn,unicorn,2026-10-01
kushkipagos.com,unicorn,unicorn,2026-10-01
employmenthero.com,unicorn,unicorn,2026-10-01
linktr.ee,unicorn,unicorn,2026-10-01
immutable.com,unicorn,unicorn,2026-10-01
rokt.com,unicorn,unicorn,2026-10-01
rebellions.ai,unicorn,unicorn,2026-10-01
advance.ai,unicorn,unicorn,2026-10-01
coda.co,unicorn,unicorn,2026-10-01
momo.vn,unicorn,unicorn,2026-10-01
tabby.ai,unicorn,unicorn,2026-10-01
tamara.co,unicorn,unicorn,2026-10-01
moniepoint.com,unicorn,unicorn,2026-10-01
tyme.com,unicorn,unicorn,2026-10-01
wealthsimple.com,unicorn,unicorn,2026-10-01
polymarket.com,unicorn,unicorn,2026-10-01
anchorage.com,unicorn,unicorn,2026-10-01
uniswap.org,unicorn,unicorn,2026-10-01
phantom.com,unicorn,unicorn,2026-10-01
layerzero.network,unicorn,unicorn,2026-10-01
mystenlabs.com,unicorn,unicorn,2026-10-01
magiceden.io,unicorn,unicorn,2026-10-01
headspace.com,unicorn,unicorn,2026-10-01
athleticbrewing.com,unicorn,unicorn,2026-10-01
drinkolipop.com,unicorn,unicorn,2026-10-01
strava.com,unicorn,unicorn,2026-10-01
kajabi.com,unicorn,unicorn,2026-10-01
coursehero.com,unicorn,unicorn,2026-10-01
project44.com,unicorn,unicorn,2026-10-01
springhealth.com,unicorn,unicorn,2026-10-01
lyrahealth.com,unicorn,unicorn,2026-10-01
cityblock.com,unicorn,unicorn,2026-10-01
komodohealth.com,unicorn,unicorn,2026-10-01
cedar.com,unicorn,unicorn,2026-10-01
transcarent.com,unicorn,unicorn,2026-10-01
includedhealth.com,unicorn,unicorn,2026-10-01
functionhealth.com,unicorn,unicorn,2026-10-01
alto.com,unicorn,unicorn,2026-10-01
color.com,unicorn,unicorn,2026-10-01
garnerhealth.com,unicorn,unicorn,2026-10-01
strivehealth.com,unicorn,unicorn,2026-10-01
saronic.com,unicorn,unicorn,2026-10-01
sierraspace.com,unicorn,unicorn,2026-10-01
axiomspace.com,unicorn,unicorn,2026-10-01
cfs.energy,unicorn,unicorn,2026-10-01
redwoodmaterials.com,unicorn,unicorn,2026-10-01
formenergy.com,unicorn,unicorn,2026-10-01
silanano.com,unicorn,unicorn,2026-10-01
group14.technology,unicorn,unicorn,2026-10-01
fervoenergy.com,unicorn,unicorn,2026-10-01
skydio.com,unicorn,unicorn,2026-10-01
joinhandshake.com,unicorn,unicorn,2026-10-01
turing.com,unicorn,unicorn,2026-10-01
montecarlo.ai,unicorn,unicorn,2026-10-01
sonarsource.com,unicorn,unicorn,2026-10-01
tricentis.com,unicorn,unicorn,2026-10-01
anaconda.com,unicorn,unicorn,2026-10-01
moonactive.com,unicorn,unicorn,2026-10-01
perk.com,unicorn,unicorn,2026-10-01
pacaso.com,unicorn,unicorn,2026-10-01
earnin.com,unicorn,unicorn,2026-10-01
kin.com,unicorn,unicorn,2026-10-01
weee.com,unicorn,unicorn,2026-10-01
wonder.com,unicorn,unicorn,2026-10-01
printful.com,unicorn,unicorn,2026-10-01
semperis.com,unicorn,unicorn,2026-10-01
astronomer.io,unicorn,unicorn,2026-10-01
justworks.com,unicorn,unicorn,2026-10-01
beamery.com,unicorn,unicorn,2026-10-01
invisibletech.ai,unicorn,unicorn,2026-10-01
labelbox.com,unicorn,unicorn,2026-10-01
typeface.ai,unicorn,unicorn,2026-10-01
reflection.ai,unicorn,unicorn,2026-10-01
1x.tech,unicorn,unicorn,2026-10-01
apptronik.com,unicorn,unicorn,2026-10-01
agilityrobotics.com,unicorn,unicorn,2026-10-01
fieldai.com,unicorn,unicorn,2026-10-01
aptoslabs.com,unicorn,unicorn,2026-10-01
toolsforhumanity.com,unicorn,unicorn,2026-10-01
offchain.io,unicorn,unicorn,2026-10-01
seatgeek.com,unicorn,unicorn,2026-10-01
savagex.com,unicorn,unicorn,2026-10-01
zwift.com,unicorn,unicorn,2026-10-01
guild.com,unicorn,unicorn,2026-10-01
gostudent.org,unicorn,unicorn,2026-10-01
entrata.com,unicorn,unicorn,2026-10-01
placer.ai,unicorn,unicorn,2026-10-01
eliseai.com,unicorn,unicorn,2026-10-01
getbuilt.com,unicorn,unicorn,2026-10-01
junipersquare.com,unicorn,unicorn,2026-10-01
stord.com,unicorn,unicorn,2026-10-01
flockfreight.com,unicorn,unicorn,2026-10-01
mavenclinic.com,unicorn,unicorn,2026-10-01
truveta.com,unicorn,unicorn,2026-10-01
insitro.com,unicorn,unicorn,2026-10-01
generatebiomedicines.com,unicorn,unicorn,2026-10-01
lila.ai,unicorn,unicorn,2026-10-01
